Representation,Deleted_Block,Outer_Block_A,Outer_Block_B,Test_n,Metal,S_MAE,S_REC,Inner_MAE_of_S_MAE,Inner_Recovery_of_S_MAE,Inner_MAE_of_S_REC,Inner_Recovery_of_S_REC,Recovery_Primary_Tie_Size,Recovery_Primary_Tied_Set,Outer_Recall_S_MAE,Outer_Recall_S_REC,Delta_Recall,Outer_Hits_S_MAE,Outer_Hits_S_REC,High_n,Budget_k,Outer_BlockMAE_S_MAE,Outer_BlockMAE_S_REC,Delta_BlockMAE_REC_minus_MAE,Inner_Pairs
FD,0,1,2,6,Fe,Cν,Cν,0.18451193027676172,0.5976190476190476,0.18451193027676172,0.5976190476190476,1,Cν,1.0,1.0,0.0,2,2,2,2,0.05733932363800054,0.05733932363800054,0.0,28
FD,0,1,2,6,Zn,F,F,0.11071710845260714,0.7738095238095237,0.11071710845260714,0.7738095238095237,1,F,0.0,0.0,0.0,0,0,2,2,0.11967408838126284,0.11967408838126284,0.0,28
FD,0,1,2,6,Cu,F,F,0.1167724785948555,0.6404761904761903,0.1167724785948555,0.6404761904761903,1,F,0.5,0.5,0.0,1,1,2,2,0.20425268430190743,0.20425268430190743,0.0,28
FD,0,1,2,6,Cr,Cν,Cν,0.10030151348708018,0.7404761904761905,0.10030151348708018,0.7404761904761905,1,Cν,0.5,0.5,0.0,1,1,2,2,0.07419743933683781,0.07419743933683781,0.0,28
FD,0,1,2,6,Co,C,Cν,0.06413491839720634,0.5166666666666667,0.06485644173290325,0.7333333333333332,1,Cν,0.5,0.5,0.0,1,1,2,2,0.056221076878980814,0.05297596029620941,-0.003245116582771407,28
FD,0,1,2,6,Ni,C,Cν,0.07559766032111855,0.5333333333333334,0.07693047676301557,0.5904761904761904,1,Cν,0.5,0.5,0.0,1,1,2,2,0.04250660298678369,0.04493387547717845,0.0024272724903947607,28
FD,0,1,2,6,Mn,FC,Cν,0.1400531297701737,0.6119047619047616,0.1486740050460629,0.6785714285714285,1,Cν,0.5,0.5,0.0,1,1,2,2,0.03575538668068223,0.08732474668395895,0.05156936000327672,28
FD,0,1,2,6,Pb,F,Cν,0.09544600808660493,0.45476190476190465,0.12734799211057826,0.5261904761904761,1,Cν,1.0,1.0,0.0,2,2,2,2,0.07945416143622813,0.10058876026549979,0.021134598829271656,28
FD,0,1,2,6,Cd,F,F,0.3088103981650219,0.3761904761904762,0.3088103981650219,0.3761904761904762,1,F,0.5,0.5,0.0,1,1,2,2,0.11922812742061911,0.11922812742061911,0.0,28
FD,0,1,3,13,Fe,C,Cν,0.18025092951615101,0.43571428571428567,0.1810218900734649,0.6809523809523809,1,Cν,0.5,0.5,0.0,2,2,4,4,0.1253299298082843,0.11036439800745584,-0.014965531800828463,28
FD,0,1,3,13,Zn,F,F,0.11017939222839386,0.6285714285714284,0.11017939222839386,0.6285714285714284,1,F,0.75,0.75,0.0,3,3,4,4,0.11352928422293328,0.11352928422293328,0.0,28
FD,0,1,3,13,Cu,FC,F,0.1309355307286187,0.38333333333333336,0.1316679196058193,0.49047619047619057,2,F|Fν,1.0,0.75,-0.25,4,3,4,4,0.14170773603572212,0.18073705685668923,0.03902932082096709,28
FD,0,1,3,13,Cr,Cν,Cν,0.10054639096285513,0.7523809523809525,0.10054639096285513,0.7523809523809525,1,Cν,0.25,0.25,0.0,1,1,4,4,0.09813140536963177,0.09813140536963177,6.938893903907228e-18,28
FD,0,1,3,13,Co,C,Cν,0.06578454412780266,0.55,0.0665097946673287,0.7047619047619047,1,Cν,0.5,0.5,0.0,2,2,4,4,0.059048805644650273,0.057037141364086906,-0.002011664280563364,28
FD,0,1,3,13,Ni,C,Cν,0.07455617632114739,0.561904761904762,0.07535587410866791,0.6214285714285716,1,Cν,0.75,0.75,0.0,3,3,4,4,0.058352629436833586,0.05864456701438146,0.00029193757754787664,28
FD,0,1,3,13,Mn,FC,Cν,0.1424886149055666,0.5333333333333333,0.1498669500145014,0.669047619047619,1,Cν,0.75,0.5,-0.25,3,2,4,4,0.05982398010207233,0.0917783667832886,0.03195438668121627,28
FD,0,1,3,13,Pb,F,C,0.09578304290952437,0.3904761904761904,0.12886733270082662,0.4857142857142856,1,C,1.0,0.5,-0.5,4,2,4,4,0.08809160193388074,0.10306182601436067,0.01497022408047994,28
FD,0,1,3,13,Cd,F,F,0.29823488696836614,0.3761904761904762,0.29823488696836614,0.3761904761904762,2,F|FC,0.5,0.5,0.0,2,2,4,4,0.22257999236429665,0.22257999236429665,0.0,28
FD,0,1,4,6,Fe,Cν,Cν,0.18218055221825855,0.5619047619047619,0.18218055221825855,0.5619047619047619,1,Cν,1.0,1.0,0.0,2,2,2,2,0.07267970235341537,0.07267970235341537,0.0,28
FD,0,1,4,6,Zn,F,F,0.09054585142035007,0.6547619047619045,0.09054585142035007,0.6547619047619045,1,F,0.5,0.5,0.0,1,1,2,2,0.15091818135619745,0.15091818135619745,0.0,28
FD,0,1,4,6,Cu,FC,F,0.11222527530257355,0.5000000000000001,0.1270716805946636,0.5333333333333334,1,F,1.0,0.5,-0.5,2,1,2,2,0.16028133127089686,0.16971541854055094,0.009434087269654085,28
FD,0,1,4,6,Cr,Cν,Cν,0.0999488015593881,0.7,0.0999488015593881,0.7,1,Cν,0.5,0.5,0.0,1,1,2,2,0.07932698342102629,0.07932698342102629,0.0,28
FD,0,1,4,6,Co,C,Cν,0.0641083274955772,0.6238095238095237,0.06412464858859397,0.769047619047619,1,Cν,0.5,0.5,0.0,1,1,2,2,0.056691387322160586,0.059308863726912936,0.00261747640475235,28
FD,0,1,4,6,Ni,C,Cν,0.07568611373422342,0.5333333333333334,0.07644300216754475,0.6309523809523808,1,Cν,0.5,0.5,0.0,1,1,2,2,0.04222618615963669,0.04733939355413913,0.005113207394502439,28
FD,0,1,4,6,Mn,Fν,Cν,0.13931346907897207,0.4714285714285714,0.15333970136510885,0.6238095238095236,1,Cν,0.0,0.5,0.5,0,1,2,2,0.08229518054086898,0.07303085578703389,-0.009264324753835096,28
FD,0,1,4,6,Pb,F,Cν,0.097862923038697,0.5023809523809522,0.1312507444309751,0.5619047619047619,1,Cν,0.5,0.5,0.0,1,1,2,2,0.07087856412781623,0.07903524256813871,0.008156678440322473,28
FD,0,1,4,6,Cd,F,F,0.24665740286547697,0.25,0.24665740286547697,0.25,1,F,0.5,0.5,0.0,1,1,2,2,0.3385650946177263,0.3385650946177263,0.0,28
FD,0,1,5,6,Fe,Cν,Cν,0.1786738046410757,0.5857142857142857,0.1786738046410757,0.5857142857142857,1,Cν,0.5,0.5,0.0,1,1,2,2,0.0873035969236644,0.0873035969236644,0.0,28
FD,0,1,5,6,Zn,F,F,0.10033833922339729,0.6547619047619045,0.10033833922339729,0.6547619047619045,2,F|FC,0.0,0.0,0.0,0,0,2,2,0.12657786363844345,0.12657786363844345,0.0,28
FD,0,1,5,6,Cu,FC,FC,0.11444744570468983,0.5714285714285714,0.11444744570468983,0.5714285714285714,1,FC,1.0,1.0,0.0,2,2,2,2,0.15081457508134122,0.15081457508134122,0.0,28
FD,0,1,5,6,Cr,Cν,Cν,0.08884245832244775,0.6571428571428571,0.08884245832244775,0.6571428571428571,1,Cν,0.5,0.5,0.0,1,1,2,2,0.11198165377681674,0.11198165377681674,0.0,28
FD,0,1,5,6,Co,C,Cν,0.06135224213177755,0.5523809523809524,0.06358327180980393,0.7285714285714285,1,Cν,0.5,0.5,0.0,1,1,2,2,0.06618371217413554,0.05943413058034236,-0.006749581593793186,28
FD,0,1,5,6,Ni,C,Cν,0.07095682306310726,0.604761904761905,0.07338617459831379,0.6547619047619048,1,Cν,0.5,0.5,0.0,1,1,2,2,0.05997193582685495,0.055611878404349085,-0.004360057422505864,28
FD,0,1,5,6,Mn,FC,Cν,0.13467398294039606,0.4976190476190476,0.14872757724746563,0.6357142857142856,1,Cν,0.5,0.5,0.0,1,1,2,2,0.06382848645784939,0.09103284395757605,0.02720435749972666,28
FD,0,1,5,6,Pb,F,FC,0.09639668209790829,0.5499999999999997,0.10283536001049945,0.5738095238095237,1,FC,0.5,0.5,0.0,1,1,2,2,0.07449463966904224,0.079765739456503,0.005271099787460765,28
FD,0,1,5,6,Cd,F,F,0.29353496587279376,0.4119047619047619,0.29353496587279376,0.4119047619047619,1,F,0.5,0.5,0.0,1,1,2,2,0.18500893605598873,0.18500893605598873,1.3877787807814457e-17,28
FD,0,1,6,14,Fe,Cν,Cν,0.17184748503846592,0.7119047619047619,0.17184748503846592,0.7119047619047619,1,Cν,0.75,0.75,0.0,3,3,4,4,0.12677159566645418,0.12677159566645418,1.3877787807814457e-17,28
FD,0,1,6,14,Zn,F,F,0.1144637542578283,0.5928571428571429,0.1144637542578283,0.5928571428571429,1,F,0.75,0.75,0.0,3,3,4,4,0.0922475923886136,0.0922475923886136,-6.938893903907228e-18,28
FD,0,1,6,14,Cu,FC,F,0.12113699455441376,0.4928571428571429,0.13442101013769117,0.5928571428571429,1,F,0.5,0.5,0.0,2,2,4,4,0.12817902361257744,0.14047918954020427,0.012300165927626852,28
FD,0,1,6,14,Cr,Cν,Cν,0.09062148374837997,0.7666666666666667,0.09062148374837997,0.7666666666666667,1,Cν,0.75,0.75,0.0,3,3,4,4,0.09710262484611576,0.09710262484611576,6.938893903907228e-18,28
FD,0,1,6,14,Co,Cν,Cν,0.06168290994850967,0.7119047619047619,0.06168290994850967,0.7119047619047619,1,Cν,0.75,0.75,0.0,3,3,4,4,0.07023933962809721,0.07023933962809721,0.0,28
FD,0,1,6,14,Ni,C,C,0.07713442670224999,0.6452380952380953,0.07713442670224999,0.6452380952380953,1,C,0.75,0.75,0.0,3,3,4,4,0.044600260668835025,0.044600260668835025,0.0,28
FD,0,1,6,14,Mn,FC,Cν,0.13890973878748916,0.5214285714285715,0.1476479647522074,0.7119047619047619,1,Cν,0.5,0.75,0.25,2,3,4,4,0.05662341055225735,0.07674691594794045,0.020123505395683097,28
FD,0,1,6,14,Pb,F,C,0.09580732210784612,0.42857142857142844,0.12569388066504864,0.4499999999999999,1,C,0.5,0.5,0.0,2,2,4,4,0.09395684761769986,0.08144835866461464,-0.01250848895308522,28
FD,0,1,6,14,Cd,F,Cν,0.2697850656189685,0.2714285714285714,0.2820869040340202,0.3523809523809524,1,Cν,0.25,0.0,-0.25,1,0,4,4,0.25497196423425483,0.2509066079739559,-0.0040653562602989135,28
FD,0,1,7,6,Fe,Cν,Cν,0.13588118107320307,0.5976190476190476,0.13588118107320307,0.5976190476190476,1,Cν,0.5,0.5,0.0,1,1,2,2,0.21877308521496847,0.21877308521496847,0.0,28
FD,0,1,7,6,Zn,F,F,0.11891799475761963,0.6904761904761904,0.11891799475761963,0.6904761904761904,1,F,0.5,0.5,0.0,1,1,2,2,0.0708237057983098,0.0708237057983098,0.0,28
FD,0,1,7,6,Cu,FC,F,0.1213416404562941,0.47619047619047633,0.13280334728912818,0.5690476190476191,1,F,1.0,0.5,-0.5,2,1,2,2,0.12142380594827856,0.14107297637711028,0.019649170428831714,28
FD,0,1,7,6,Cr,Cν,Cν,0.09544761162704285,0.6571428571428571,0.09544761162704285,0.6571428571428571,1,Cν,0.5,0.5,0.0,1,1,2,2,0.08781361419183892,0.08781361419183892,0.0,28
FD,0,1,7,6,Co,C,Cν,0.05051477366614378,0.5880952380952381,0.0518336866910033,0.680952380952381,1,Cν,0.5,0.5,0.0,1,1,2,2,0.10687873527643785,0.09986330152501793,-0.007015433751419914,28
FD,0,1,7,6,Ni,C,Cν,0.06445014964843056,0.5928571428571427,0.0652810250190098,0.6904761904761906,1,Cν,0.5,0.5,0.0,1,1,2,2,0.08235437388253339,0.07965383335341841,-0.0027005405291149753,28
FD,0,1,7,6,Mn,FC,Cν,0.13908798507304204,0.4976190476190477,0.14692415238705925,0.6404761904761903,1,Cν,0.5,0.5,0.0,1,1,2,2,0.044218642244082895,0.10423929413487015,0.06002065189078726,28
FD,0,1,7,6,Pb,F,FC,0.0963989262284748,0.5142857142857141,0.10294091637265643,0.5380952380952378,1,FC,0.5,0.5,0.0,1,1,2,2,0.07667774222962986,0.08227027607970902,0.005592533850079157,28
FD,0,1,7,6,Cd,F,F,0.3043526799036914,0.3642857142857144,0.3043526799036914,0.3642857142857144,1,F,0.5,0.5,0.0,1,1,2,2,0.1426082269327453,0.1426082269327453,0.0,28
FD,0,1,8,13,Fe,Fν,Cν,0.16062237352164557,0.5380952380952382,0.1698155163806124,0.680952380952381,1,Cν,0.25,0.5,0.25,1,2,4,4,0.1563727382981716,0.11367792669843714,-0.042694811599734483,28
FD,0,1,8,13,Zn,FC,F,0.1108372698997292,0.6714285714285715,0.11105754160894561,0.6833333333333333,1,F,0.5,0.5,0.0,2,2,4,4,0.11801290481368525,0.11740567542809574,-0.0006072293855895056,28
FD,0,1,8,13,Cu,FC,Cν,0.119691241346445,0.46904761904761916,0.16688837708534535,0.569047619047619,1,Cν,0.75,0.25,-0.5,3,1,4,4,0.14193686859077093,0.1922176764284047,0.05028080783763379,28
FD,0,1,8,13,Cr,Cν,Cν,0.1002439070312442,0.7238095238095239,0.1002439070312442,0.7238095238095239,1,Cν,0.5,0.5,0.0,2,2,4,4,0.09897726468593865,0.09897726468593865,6.938893903907228e-18,28
FD,0,1,8,13,Co,C,Cν,0.060255735539596574,0.7071428571428571,0.06279220597979121,0.8428571428571427,1,Cν,0.25,0.5,0.25,1,2,4,4,0.07601900025178668,0.0710609473099896,-0.004958052941797068,28
FD,0,1,8,13,Ni,C,Cν,0.07298388332790526,0.7309523809523808,0.07530054781856466,0.7738095238095237,1,Cν,0.25,0.5,0.25,1,2,4,4,0.05941788365535454,0.06033985057116323,0.0009219669158086891,28
FD,0,1,8,13,Mn,Fν,Cν,0.11571217569785741,0.41428571428571415,0.13697658446727487,0.688095238095238,1,Cν,0.5,0.5,0.0,2,2,4,4,0.11568350410266855,0.10896347868799457,-0.00672002541467398,28
FD,0,1,8,13,Pb,F,Cν,0.0876177030832371,0.4095238095238094,0.11824364575148978,0.5071428571428572,1,Cν,0.5,0.5,0.0,2,2,4,4,0.11103449306416932,0.10969808974521324,-0.0013364033189560837,28
FD,0,1,8,13,Cd,F,F,0.2960692748580037,0.3595238095238096,0.2960692748580037,0.3595238095238096,1,F,0.5,0.5,0.0,2,2,4,4,0.21337513476805103,0.21337513476805103,0.0,28
FD,0,1,9,6,Fe,C,Cν,0.17215502882877884,0.4714285714285714,0.17429449277983675,0.5857142857142855,1,Cν,1.0,1.0,0.0,2,2,2,2,0.1232664068234493,0.0958785507200206,-0.027387856103428698,28
FD,0,1,9,6,Zn,F,F,0.12127181752704538,0.6190476190476188,0.12127181752704538,0.6190476190476188,1,F,0.5,0.5,0.0,1,1,2,2,0.055932458571698485,0.055932458571698485,0.0,28
FD,0,1,9,6,Cu,FC,F,0.11146846619332813,0.4523809523809525,0.12534388970444135,0.4976190476190477,1,F,1.0,1.0,0.0,2,2,2,2,0.1580838406162571,0.16920182613435691,0.01111798551809981,28
FD,0,1,9,6,Cr,Cν,Cν,0.09173375667204653,0.6571428571428571,0.09173375667204653,0.6571428571428571,1,Cν,0.5,0.5,0.0,1,1,2,2,0.11096831595813694,0.11096831595813694,0.0,28
FD,0,1,9,6,Co,Cν,Cν,0.0661243581294608,0.7880952380952381,0.0661243581294608,0.7880952380952381,1,Cν,0.5,0.5,0.0,1,1,2,2,0.05019011598982667,0.05019011598982667,0.0,28
FD,0,1,9,6,Ni,C,Cν,0.06962989270179955,0.6047619047619046,0.06972558453274869,0.7023809523809522,1,Cν,0.5,0.5,0.0,1,1,2,2,0.06436660111018028,0.07045312359010986,0.006086522479929579,28
FD,0,1,9,6,Mn,FC,Cν,0.12450518630360308,0.47380952380952385,0.1433415040246377,0.6357142857142856,1,Cν,0.5,0.5,0.0,1,1,2,2,0.09062721868871926,0.0978036671189374,0.007176448430218141,28
FD,0,1,9,6,Pb,Fν,Cν,0.07023990514781332,0.6023809523809522,0.10675677329648782,0.692857142857143,1,Cν,0.5,0.5,0.0,1,1,2,2,0.18525201354580648,0.17329845852342768,-0.011953555022378798,28
FD,0,1,9,6,Cd,F,F,0.2817236226894861,0.37619047619047624,0.2817236226894861,0.37619047619047624,1,F,0.5,0.5,0.0,1,1,2,2,0.23505707344106902,0.23505707344106902,0.0,28
FD,0,1,10,5,Fe,Cν,Cν,0.13857020049627375,0.6404761904761903,0.13857020049627375,0.6404761904761903,1,Cν,0.5,0.5,0.0,1,1,2,2,0.2549898262540381,0.2549898262540381,0.0,28
FD,0,1,10,5,Zn,F,F,0.11869176838104345,0.6190476190476188,0.11869176838104345,0.6190476190476188,1,F,0.5,0.5,0.0,1,1,2,2,0.06797314549024824,0.06797314549024824,0.0,28
FD,0,1,10,5,Cu,FC,Cν,0.11200868602412427,0.4523809523809525,0.15434838598564724,0.5095238095238096,1,Cν,1.0,0.5,-0.5,2,1,2,2,0.15812794270806557,0.20143991776083026,0.043311975052764684,28
FD,0,1,10,5,Cr,Cν,Cν,0.10473770965245723,0.7119047619047619,0.10473770965245723,0.7119047619047619,1,Cν,0.5,0.5,0.0,1,1,2,2,0.056597654616699244,0.056597654616699244,0.0,28
FD,0,1,10,5,Co,Fν,Cν,0.062441464783303084,0.5499999999999999,0.06702344088522637,0.7928571428571429,1,Cν,0.0,0.5,0.5,0,1,2,2,0.07683642605982338,0.04490841778602317,-0.03192800827380021,28
FD,0,1,10,5,Ni,C,Cν,0.05644420415333183,0.6761904761904761,0.05814433094201844,0.7023809523809523,1,Cν,0.5,0.5,0.0,1,1,2,2,0.11525047449114653,0.1135109647778669,-0.00173950971327963,28
FD,0,1,10,5,Mn,FC,Cν,0.08875661406529214,0.5809523809523809,0.10689831641345494,0.6785714285714285,1,Cν,0.5,0.5,0.0,1,1,2,2,0.2523995892681172,0.2733037724050968,0.020904183136979615,28
FD,0,1,10,5,Pb,F,FC,0.08337907821633886,0.5499999999999998,0.08672493327983256,0.5976190476190475,1,FC,0.5,0.5,0.0,1,1,2,2,0.12420021107424323,0.13953597990529315,0.015335768831049923,28
FD,0,1,10,5,Cd,C,F,0.2181159124900459,0.2976190476190476,0.21852479231752375,0.4238095238095238,1,F,0.0,0.0,0.0,0,0,2,2,0.46563924478016094,0.47370895350686604,0.008069708726705094,28
FD,0,2,3,11,Fe,Cν,Cν,0.18374974263043087,0.6720238095238094,0.18374974263043087,0.6720238095238094,1,Cν,0.3333333333333333,0.3333333333333333,0.0,1,1,3,3,0.07866298519785604,0.07866298519785604,0.0,28
FD,0,2,3,11,Zn,F,F,0.10605720721148273,0.6970238095238095,0.10605720721148273,0.6970238095238095,1,F,0.6666666666666666,0.6666666666666666,0.0,2,2,3,3,0.12609973426830068,0.12609973426830068,-1.3877787807814457e-17,28
FD,0,2,3,11,Cu,F,F,0.1416981838040501,0.6422619047619048,0.1416981838040501,0.6422619047619048,2,F|Fν,0.6666666666666666,0.6666666666666666,0.0,2,2,3,3,0.13421641107285415,0.13421641107285415,1.3877787807814457e-17,28
FD,0,2,3,11,Cr,Cν,Cν,0.10658459179631714,0.7345238095238095,0.10658459179631714,0.7345238095238095,1,Cν,0.3333333333333333,0.3333333333333333,0.0,1,1,3,3,0.07820464380272157,0.07820464380272157,-6.938893903907228e-18,28
FD,0,2,3,11,Co,FC,Cν,0.06509163980526324,0.5410714285714286,0.06730584221918504,0.6363095238095237,1,Cν,0.3333333333333333,1.0,0.6666666666666667,1,3,3,3,0.0859824915016916,0.04687627498520581,-0.03910621651648579,28
FD,0,2,3,11,Ni,C,Cν,0.07770511773877624,0.4726190476190477,0.0794242291945542,0.5410714285714285,1,Cν,1.0,1.0,0.0,3,3,3,3,0.04083724529108897,0.039555253895324535,-0.0012819913957644348,28
FD,0,2,3,11,Mn,FC,Cν,0.13056636849799885,0.5958333333333332,0.1436942165577646,0.6958333333333332,1,Cν,0.6666666666666666,0.3333333333333333,-0.3333333333333333,2,1,3,3,0.09614227484924562,0.09580210429189767,-0.0003401705573479463,28
FD,0,2,3,11,Pb,F,C,0.10630886403576807,0.3845238095238095,0.12252249101977808,0.5273809523809523,1,C,1.0,0.6666666666666666,-0.33333333333333337,3,2,3,3,0.054688863109054506,0.11976760030883093,0.06507873719977643,28
FD,0,2,3,11,Cd,C,Fν,0.3204530351452712,0.1958333333333333,0.3467132022152136,0.3166666666666666,1,Fν,0.3333333333333333,0.0,-0.3333333333333333,1,0,3,3,0.14313653242312352,0.158007185803605,0.014870653380481491,28
FD,0,2,4,4,Fe,Cν,Cν,0.1867260530318863,0.5708333333333332,0.1867260530318863,0.5708333333333332,1,Cν,1.0,1.0,0.0,1,1,1,1,0.0392162341186465,0.0392162341186465,0.0,28
FD,0,2,4,4,Zn,F,F,0.08662092305186524,0.7083333333333333,0.08662092305186524,0.7083333333333333,1,F,0.0,0.0,0.0,0,0,1,1,0.16336848563540451,0.16336848563540451,0.0,28
FD,0,2,4,4,Cu,FC,F,0.12902254723317277,0.630952380952381,0.13762071051502747,0.6702380952380952,1,F,0.0,0.0,0.0,0,0,1,1,0.09829783512960466,0.12579501426220846,0.0274971791326038,28
FD,0,2,4,4,Cr,Cν,Cν,0.10458726869583246,0.694047619047619,0.10458726869583246,0.694047619047619,1,Cν,0.0,0.0,0.0,0,0,1,1,0.06260442017647211,0.06260442017647211,0.0,28
FD,0,2,4,4,Co,Cν,Cν,0.06600475404690052,0.688690476190476,0.06600475404690052,0.688690476190476,1,Cν,1.0,1.0,0.0,1,1,1,1,0.04652787303206973,0.04652787303206973,0.0,28
FD,0,2,4,4,Ni,C,Cν,0.0793613549919182,0.4529761904761906,0.08062768208809426,0.5476190476190476,1,Cν,1.0,1.0,0.0,1,1,1,1,0.025715088777094164,0.028579012810001303,0.002863924032907139,28
FD,0,2,4,4,Mn,Fν,Cν,0.12955385126488128,0.46845238095238084,0.1500534807907062,0.6029761904761904,1,Cν,1.0,1.0,0.0,1,1,1,1,0.1120526324008797,0.07120729355000488,-0.040845338850874824,28
FD,0,2,4,4,Pb,F,Cν,0.10762301778116524,0.5142857142857141,0.12993583499973765,0.5886904761904761,1,Cν,1.0,1.0,0.0,1,1,1,1,0.031824469795189936,0.08281845349886163,0.0509939837036717,28
FD,0,2,4,4,Cd,F,F,0.2686587939492996,0.2577380952380952,0.2686587939492996,0.2577380952380952,1,F,0.0,0.0,0.0,0,0,1,1,0.2875791950450612,0.2875791950450612,0.0,28
FD,0,2,5,4,Fe,Cν,Cν,0.1836180430458352,0.6005952380952381,0.1836180430458352,0.6005952380952381,1,Cν,1.0,1.0,0.0,1,1,1,1,0.05100897376055713,0.05100897376055713,0.0,28
FD,0,2,5,4,Zn,F,F,0.09580821190291967,0.7261904761904762,0.09580821190291967,0.7261904761904762,1,F,0.0,0.0,0.0,0,0,1,1,0.1392444125173974,0.1392444125173974,0.0,28
FD,0,2,5,4,Cu,FC,FC,0.13108783886592032,0.7142857142857143,0.13108783886592032,0.7142857142857143,1,FC,0.0,0.0,0.0,0,0,1,1,0.10238294194619507,0.10238294194619507,0.0,28
FD,0,2,5,4,Cr,Cν,Cν,0.09412829427598092,0.6702380952380952,0.09412829427598092,0.6702380952380952,1,Cν,1.0,1.0,0.0,1,1,1,1,0.0928948020905635,0.0928948020905635,0.0,28
FD,0,2,5,4,Co,C,Cν,0.06373999266710124,0.4541666666666668,0.06546189529675453,0.6410714285714285,1,Cν,1.0,1.0,0.0,1,1,1,1,0.05537249292363844,0.048190878072007726,-0.007181614851630713,28
FD,0,2,5,4,Ni,C,Cν,0.07426495409612903,0.5244047619047619,0.07649736377310308,0.5714285714285714,1,Cν,1.0,1.0,0.0,1,1,1,1,0.04404061215035676,0.04080867579088138,-0.0032319363594753847,28
FD,0,2,5,4,Mn,FC,Cν,0.13294879156781442,0.5333333333333334,0.1448760316708242,0.6339285714285713,1,Cν,0.0,1.0,1.0,0,1,1,1,0.05942620821491218,0.09213569464728266,0.03270948643237048,28
FD,0,2,5,4,Pb,F,FC,0.10509059823939337,0.526190476190476,0.10822720708623478,0.5291666666666665,1,FC,0.0,0.0,0.0,0,0,1,1,0.043712031938790696,0.04290931648075935,-0.0008027154580313445,28
FD,0,2,5,4,Cd,F,F,0.3159841777475688,0.3125,0.3159841777475688,0.3125,1,F,0.0,0.0,0.0,0,0,1,1,0.12274659605328905,0.12274659605328905,0.0,28
FD,0,2,6,12,Fe,Cν,Cν,0.171407733935804,0.6583333333333332,0.171407733935804,0.6583333333333332,1,Cν,0.6666666666666666,0.6666666666666666,0.0,2,2,3,3,0.11364005210902747,0.11364005210902747,0.0,28
FD,0,2,6,12,Zn,F,F,0.11062039807530898,0.6613095238095237,0.11062039807530898,0.6613095238095237,1,F,0.6666666666666666,0.6666666666666666,0.0,2,2,3,3,0.1057895102293773,0.1057895102293773,-6.938893903907228e-18,28
FD,0,2,6,12,Cu,FC,F,0.138991796156245,0.6773809523809523,0.14539313121361347,0.7416666666666666,1,F,0.6666666666666666,0.3333333333333333,-0.3333333333333333,2,1,3,3,0.08357717954125628,0.1139207636318945,0.030343584090638226,28
FD,0,2,6,12,Cr,Cν,Cν,0.09209173316617039,0.7488095238095239,0.09209173316617039,0.7488095238095239,1,Cν,0.6666666666666666,0.6666666666666666,0.0,2,2,3,3,0.08998480660342748,0.08998480660342748,6.938893903907228e-18,28
FD,0,2,6,12,Co,Cν,Cν,0.06268213524328749,0.6345238095238095,0.06268213524328749,0.6345238095238095,1,Cν,0.6666666666666666,0.6666666666666666,0.0,2,2,3,3,0.059285580371682245,0.059285580371682245,0.0,28
FD,0,2,6,12,Ni,C,C,0.08060556700468575,0.5440476190476191,0.08060556700468575,0.5440476190476191,1,C,0.6666666666666666,0.6666666666666666,0.0,2,2,3,3,0.028837946263090285,0.028837946263090285,0.0,28
FD,0,2,6,12,Mn,Fν,Cν,0.1339662348824514,0.37619047619047613,0.14433370460998854,0.6154761904761904,1,Cν,0.6666666666666666,0.6666666666666666,0.0,2,2,3,3,0.09109282148314943,0.07484988470717129,-0.01624293677597815,28
FD,0,2,6,12,Pb,F,C,0.10470358422653123,0.42857142857142844,0.12287770082644668,0.4916666666666666,1,C,0.6666666666666666,0.6666666666666666,0.0,2,2,3,3,0.056716997901467,0.08770234171513996,0.03098534381367296,28
FD,0,2,6,12,Cd,Cν,Cν,0.2979553081521879,0.4089285714285714,0.2979553081521879,0.4089285714285714,1,Cν,0.0,0.0,0.0,0,0,3,3,0.22394154962949475,0.22394154962949475,0.0,28
FD,0,2,7,4,Fe,Cν,Cν,0.1440579050485586,0.6124999999999999,0.1440579050485586,0.6124999999999999,1,Cν,1.0,1.0,0.0,1,1,1,1,0.1710797126746857,0.1710797126746857,0.0,28
FD,0,2,7,4,Zn,F,F,0.11534977585034223,0.744047619047619,0.11534977585034223,0.744047619047619,1,F,0.0,0.0,0.0,0,0,1,1,0.0799695770471694,0.0799695770471694,0.0,28
FD,0,2,7,4,Cu,FC,F,0.1351036098413095,0.6547619047619048,0.14072546461598723,0.7059523809523807,1,F,0.0,0.0,0.0,0,0,1,1,0.08858885447929071,0.11715545144023448,0.02856659696094377,28
FD,0,2,7,4,Cr,Cν,Cν,0.1011349983114771,0.6702380952380952,0.1011349983114771,0.6702380952380952,1,Cν,1.0,1.0,0.0,1,1,1,1,0.06681697418604299,0.06681697418604299,0.0,28
FD,0,2,7,4,Co,C,Cν,0.0511786092342827,0.4898809523809525,0.05240658696450684,0.6601190476190476,1,Cν,1.0,1.0,0.0,1,1,1,1,0.1022864582373475,0.0948221825905094,-0.007464275646838103,28
FD,0,2,7,4,Ni,C,Cν,0.06765007416064668,0.5125000000000001,0.06830760426338141,0.6,1,Cν,1.0,1.0,0.0,1,1,1,1,0.07289288120514714,0.06946757542327692,-0.003425305781870225,28
FD,0,2,7,4,Mn,FC,Cν,0.13677299833836015,0.5333333333333334,0.1435292835996617,0.6267857142857142,1,Cν,0.0,1.0,1.0,0,1,1,1,0.042525026206844174,0.10132753866239186,0.058802512455547684,28
FD,0,2,7,4,Pb,F,Cν,0.10620247596703776,0.526190476190476,0.12543585284349998,0.6172619047619047,1,Cν,1.0,1.0,0.0,1,1,1,1,0.0386803614854786,0.09841065630043783,0.05973029481495923,28
FD,0,2,7,4,Cd,F,F,0.3245526428528767,0.26488095238095233,0.3245526428528767,0.26488095238095233,1,F,1.0,1.0,0.0,1,1,1,1,0.08916769090250448,0.08916769090250448,0.0,28
FD,0,2,8,11,Fe,Fν,Cν,0.1638213779808353,0.43690476190476196,0.1714453122744242,0.6303571428571428,1,Cν,0.3333333333333333,0.3333333333333333,0.0,1,1,3,3,0.1284878938208882,0.09458766617259734,-0.03390022764829087,28
FD,0,2,8,11,Zn,F,F,0.106146932049935,0.7607142857142858,0.106146932049935,0.7607142857142858,1,F,0.6666666666666666,0.6666666666666666,0.0,2,2,3,3,0.12905929903566693,0.12905929903566693,0.0,28
FD,0,2,8,11,Cu,FC,Cν,0.13418803702710094,0.6446428571428573,0.16676253741702693,0.7119047619047618,1,Cν,0.6666666666666666,0.3333333333333333,-0.3333333333333333,2,1,3,3,0.10218209112342728,0.21290744206633272,0.11072535094290543,28
FD,0,2,8,11,Cr,Cν,Cν,0.10427686799436064,0.729761904761905,0.10427686799436064,0.729761904761905,1,Cν,0.3333333333333333,0.3333333333333333,0.0,1,1,3,3,0.08510682315569018,0.08510682315569018,-6.938893903907228e-18,28
FD,0,2,8,11,Co,C,Cν,0.060766113939335294,0.5940476190476193,0.06304743229358889,0.7148809523809525,1,Cν,0.3333333333333333,0.3333333333333333,0.0,1,1,3,3,0.07190658244523185,0.06736874591915981,-0.0045378365260720435,28
FD,0,2,8,11,Ni,C,Cν,0.07599640767416561,0.6357142857142856,0.07871008760992666,0.6785714285714286,1,Cν,0.3333333333333333,0.3333333333333333,0.0,1,1,3,3,0.045040406591345124,0.04362972701010719,-0.0014106795812379308,28
FD,0,2,8,11,Mn,Fν,Cν,0.10863132138286162,0.3874999999999999,0.13234712704942939,0.6363095238095237,1,Cν,0.3333333333333333,0.3333333333333333,0.0,1,1,3,3,0.13639221996149536,0.11376090916459186,-0.02263131079690349,28
FD,0,2,8,11,Pb,F,Cν,0.09718736624423581,0.4214285714285713,0.11908751683480026,0.5101190476190476,1,Cν,1.0,0.6666666666666666,-0.33333333333333337,3,2,3,3,0.06621229304622517,0.10139564769807694,0.03518335465185176,28
FD,0,2,8,11,Cd,F,F,0.3103034823449531,0.2196428571428571,0.3103034823449531,0.2196428571428571,1,F,0.3333333333333333,0.3333333333333333,0.0,1,1,3,3,0.20282877899802157,0.20282877899802157,0.0,28
FD,0,2,9,4,Fe,FC,Cν,0.1777830721819444,0.5351190476190476,0.17878261025320713,0.5470238095238095,1,Cν,1.0,0.0,-1.0,1,0,1,1,0.11543556081900797,0.06396526140404235,-0.051470299414965615,28
FD,0,2,9,4,Zn,F,F,0.11668131123298342,0.6726190476190476,0.11668131123298342,0.6726190476190476,1,F,0.0,0.0,0.0,0,0,1,1,0.07052200193885139,0.07052200193885139,0.0,28
FD,0,2,9,4,Cu,FC,F,0.1256939583434297,0.5952380952380952,0.13350638890553476,0.6166666666666668,1,F,0.0,0.0,0.0,0,0,1,1,0.12302155776709567,0.14266438086424488,0.01964282309714921,28
FD,0,2,9,4,Cr,Cν,Cν,0.09609341724054754,0.6511904761904761,0.09609341724054754,0.6511904761904761,1,Cν,1.0,1.0,0.0,1,1,1,1,0.09502945220968478,0.09502945220968478,0.0,28
FD,0,2,9,4,Co,Cν,Cν,0.06794445994039978,0.7005952380952382,0.06794445994039978,0.7005952380952382,1,Cν,1.0,1.0,0.0,1,1,1,1,0.03808125372181159,0.03808125372181159,0.0,28
FD,0,2,9,4,Ni,C,Cν,0.07278130078307805,0.5244047619047619,0.07312938686461223,0.619047619047619,1,Cν,1.0,1.0,0.0,1,1,1,1,0.05076273371964474,0.05532517344997451,0.00456243973032977,28
FD,0,2,9,4,Mn,FC,Cν,0.1202826800091579,0.5452380952380953,0.14002011766896336,0.5982142857142856,1,Cν,1.0,0.0,-1.0,1,0,1,1,0.09680041471065493,0.09655685193046848,-0.00024356278018644595,28
FD,0,2,9,4,Pb,Fν,Cν,0.0798587747885536,0.5666666666666665,0.1021327692511664,0.6720238095238095,1,Cν,0.0,0.0,0.0,0,0,1,1,0.14553301957129505,0.19095535788407825,0.045422338312783195,28
FD,0,2,9,4,Cd,F,F,0.2995337145472524,0.2767857142857143,0.2995337145472524,0.2767857142857143,1,F,0.0,0.0,0.0,0,0,1,1,0.19254441909940131,0.19254441909940131,0.0,28
FD,0,2,10,3,Fe,Cν,Cν,0.14396552598646467,0.6482142857142855,0.14396552598646467,0.6482142857142855,1,Cν,1.0,1.0,0.0,1,1,1,1,0.219486422650639,0.219486422650639,0.0,28
FD,0,2,10,3,Zn,F,F,0.11442968869313382,0.6726190476190476,0.11442968869313382,0.6726190476190476,1,F,0.0,0.0,0.0,0,0,1,1,0.08032076657915632,0.08032076657915632,0.0,28
FD,0,2,10,3,Cu,FC,Cν,0.12459520986814236,0.5952380952380952,0.15090249925039792,0.6553571428571426,1,Cν,0.0,0.0,0.0,0,0,1,1,0.12759759614536825,0.23572707195196052,0.10812947580659227,28
FD,0,2,10,3,Cr,Cν,Cν,0.10855050037491641,0.694047619047619,0.10855050037491641,0.694047619047619,1,Cν,0.0,0.0,0.0,0,0,1,1,0.042752413067441986,0.042752413067441986,0.0,28
FD,0,2,10,3,Co,Fν,Cν,0.06497395699456145,0.38333333333333336,0.06701625321402241,0.7125,1,Cν,1.0,1.0,0.0,1,1,1,1,0.0701635725605414,0.04029002540390031,-0.02987354715664109,28
FD,0,2,10,3,Ni,C,Cν,0.0605984578785585,0.5958333333333334,0.06217203638134283,0.630952380952381,1,Cν,1.0,1.0,0.0,1,1,1,1,0.09642318680642126,0.09559425933258037,-0.0008289274738408903,28
FD,0,2,10,3,Mn,FC,FC,0.08854604452681107,0.6642857142857144,0.08854604452681107,0.6642857142857144,1,FC,0.0,0.0,0.0,0,0,1,1,0.23946134377404205,0.23946134377404205,0.0,28
FD,0,2,10,3,Pb,F,FC,0.09197992913274858,0.526190476190476,0.09213069838305098,0.5529761904761903,1,FC,0.0,0.0,0.0,0,0,1,1,0.09433412474651504,0.1070940625504414,0.012759937803926369,28
FD,0,2,10,3,Cd,C,F,0.24428511856687332,0.34523809523809523,0.24858382178836,0.38511904761904764,1,F,0.0,0.0,0.0,0,0,1,1,0.3841576829504231,0.3546386633523566,-0.029519019598066465,28
FD,0,3,4,11,Fe,Cν,Cν,0.182791109835796,0.6363095238095237,0.182791109835796,0.6363095238095237,1,Cν,0.3333333333333333,0.3333333333333333,0.0,1,1,3,3,0.09326093528430629,0.09326093528430629,0.0,28
FD,0,3,4,11,Zn,F,F,0.07947500788793353,0.5601190476190476,0.07947500788793353,0.5601190476190476,1,F,0.6666666666666666,0.6666666666666666,0.0,2,2,3,3,0.1951054323303479,0.1951054323303479,0.0,28
FD,0,3,4,11,Cu,FC,Cν,0.13345511537020324,0.4934523809523811,0.17324909693854376,0.5363095238095238,1,Cν,0.6666666666666666,1.0,0.33333333333333337,2,3,3,3,0.10965481556042966,0.1613325259612367,0.05167771040080704,28
FD,0,3,4,11,Cr,Cν,Cν,0.10136399121704397,0.6869047619047619,0.10136399121704397,0.6869047619047619,1,Cν,0.6666666666666666,0.6666666666666666,0.0,2,2,3,3,0.106694908845331,0.106694908845331,0.0,28
FD,0,3,4,11,Co,C,Cν,0.06762051809063983,0.5470238095238097,0.0677046501846862,0.6958333333333332,1,Cν,0.6666666666666666,0.6666666666666666,0.0,2,2,3,3,0.048695318001960294,0.05092385161539175,0.0022285336134314562,28
FD,0,3,4,11,Ni,C,Cν,0.0778004712062976,0.4726190476190477,0.07926303797123435,0.5410714285714285,1,Cν,1.0,1.0,0.0,3,3,3,3,0.04007871378823251,0.04121735481788418,0.0011386410296516727,28
FD,0,3,4,11,Mn,Fν,Cν,0.13604482982398328,0.5232142857142856,0.15058306859738882,0.6482142857142856,1,Cν,0.3333333333333333,0.3333333333333333,0.0,1,1,3,3,0.12147378962688123,0.07460740503519123,-0.04686638459169,28
FD,0,3,4,11,Pb,F,C,0.1054558202339398,0.44999999999999984,0.13054726765290722,0.5452380952380951,1,C,1.0,0.3333333333333333,-0.6666666666666667,3,1,3,3,0.055932460535101564,0.08454595066273862,0.02861349012763706,28
FD,0,3,4,11,Cd,C,F,0.25830166892223116,0.15119047619047618,0.26334804154249164,0.26011904761904764,1,F,0.0,0.3333333333333333,0.3333333333333333,0,1,3,3,0.34650743483992164,0.3354728007882133,-0.011034634051708347,28
FD,0,3,5,11,Fe,C,Cν,0.17728802183662687,0.45952380952380956,0.17950126179295042,0.6660714285714285,1,Cν,0.3333333333333333,0.3333333333333333,0.0,1,1,3,3,0.12626073746033406,0.10473767865445799,-0.021523058805876072,28
FD,0,3,5,11,Zn,F,F,0.09135865178559957,0.5779761904761905,0.09135865178559957,0.5779761904761905,1,F,0.6666666666666666,0.6666666666666666,0.0,2,2,3,3,0.15837314925355667,0.15837314925355667,0.0,28
FD,0,3,5,11,Cu,FC,FC,0.1349617586525623,0.5648809523809525,0.1349617586525623,0.5648809523809525,1,FC,0.6666666666666666,0.6666666666666666,0.0,2,2,3,3,0.11226189061152102,0.11226189061152102,0.0,28
FD,0,3,5,11,Cr,Cν,Cν,0.09263088479352086,0.6511904761904762,0.09263088479352086,0.6511904761904762,1,Cν,0.6666666666666666,0.6666666666666666,0.0,2,2,3,3,0.1323146073188714,0.1323146073188714,1.3877787807814457e-17,28
FD,0,3,5,11,Co,C,Cν,0.06630924392562385,0.47559523809523824,0.06787662756402615,0.6124999999999999,1,Cν,0.6666666666666666,0.6666666666666666,0.0,2,2,3,3,0.0513223353186048,0.047305155539612606,-0.004017179778992193,28
FD,0,3,5,11,Ni,C,Cν,0.0732283029204499,0.5321428571428573,0.07521853700804423,0.5648809523809524,1,Cν,0.6666666666666666,0.6666666666666666,0.0,2,2,3,3,0.05587179981052018,0.053005233955957645,-0.002866565854562537,28
FD,0,3,5,11,Mn,FC,Cν,0.13231742644667835,0.4886904761904762,0.14469414628126254,0.6482142857142856,1,Cν,0.6666666666666666,0.3333333333333333,-0.3333333333333333,2,1,3,3,0.08222377701321729,0.09868770531878912,0.016463928305571834,28
FD,0,3,5,11,Pb,F,C,0.10095970931893916,0.4857142857142856,0.1257707537461684,0.563095238095238,1,C,0.6666666666666666,0.6666666666666666,0.0,2,2,3,3,0.07692751821984362,0.11002194737134927,0.03309442915150565,28
FD,0,3,5,11,Cd,C,F,0.31105158989607096,0.23154761904761906,0.3112924125461121,0.35535714285714287,1,F,0.3333333333333333,0.3333333333333333,0.0,1,1,3,3,0.17957315929053613,0.18370232817793516,0.004129168887399046,28
FD,0,3,6,19,Fe,Cν,Cν,0.1748380664613635,0.7857142857142858,0.1748380664613635,0.7857142857142858,1,Cν,0.6,0.6,0.0,3,3,5,5,0.1553364507974178,0.1553364507974178,0.0,28
FD,0,3,6,19,Zn,Fν,F,0.11001987858937455,0.34523809523809523,0.11013816204274687,0.49404761904761907,1,F,0.8,0.8,0.0,4,4,5,5,0.11014148702922479,0.1359790483196917,0.025837561290466923,28
FD,0,3,6,19,Cu,FC,F,0.13968033802737903,0.5208333333333334,0.15564433131071548,0.5922619047619049,1,F,0.8,0.6,-0.20000000000000007,4,3,5,5,0.10624207982776868,0.10699737821629901,0.0007552983885303344,28
FD,0,3,6,19,Cr,Cν,Cν,0.07328448308428029,0.7291666666666669,0.07328448308428029,0.7291666666666669,1,Cν,0.6,0.6,0.0,3,3,5,5,0.1659988363761885,0.1659988363761885,1.3877787807814457e-17,28
FD,0,3,6,19,Co,Cν,Cν,0.0677922226746999,0.6845238095238095,0.0677922226746999,0.6845238095238095,1,Cν,0.8,0.8,0.0,4,4,5,5,0.06720164835406542,0.06720164835406542,0.0,28
FD,0,3,6,19,Ni,C,C,0.07982798743101642,0.5684523809523809,0.07982798743101642,0.5684523809523809,2,F|C,0.8,0.8,0.0,4,4,5,5,0.046424090940258234,0.046424090940258234,3.469446951953614e-18,28
FD,0,3,6,19,Mn,F,Cν,0.13888843520866007,0.4226190476190476,0.14704225822971703,0.693452380952381,1,Cν,0.2,0.8,0.6000000000000001,1,4,5,5,0.13734673902231215,0.08512515181961097,-0.052221587202701175,28
FD,0,3,6,19,Pb,F,C,0.1048731626169224,0.369047619047619,0.1274754528571676,0.49999999999999994,1,C,0.8,0.4,-0.4,4,2,5,5,0.0782141098821542,0.0976596154618676,0.019445505579713404,28
FD,0,3,6,19,Cd,Cν,Cν,0.29232505678258663,0.39880952380952384,0.29232505678258663,0.39880952380952384,1,Cν,0.2,0.2,0.0,1,1,5,5,0.25407474349944625,0.25407474349944625,0.0,28
FD,0,3,7,11,Fe,Cν,Cν,0.13231230306704034,0.6779761904761904,0.13231230306704034,0.6779761904761904,1,Cν,0.3333333333333333,0.3333333333333333,0.0,1,1,3,3,0.23310440455613257,0.23310440455613257,0.0,28
FD,0,3,7,11,Zn,F,F,0.1157423249492048,0.5958333333333333,0.1157423249492048,0.5958333333333333,1,F,0.6666666666666666,0.6666666666666666,0.0,2,2,3,3,0.07678472486186322,0.07678472486186322,0.0,28
FD,0,3,7,11,Cu,FC,F,0.13981764546292894,0.4815476190476192,0.14839792830070092,0.5708333333333334,1,F,1.0,0.6666666666666666,-0.33333333333333337,3,2,3,3,0.09575912366899789,0.11388030313404937,0.018121179465051485,28
FD,0,3,7,11,Cr,Cν,Cν,0.09699431239206024,0.6511904761904762,0.09699431239206024,0.6511904761904762,1,Cν,0.6666666666666666,0.6666666666666666,0.0,2,2,3,3,0.11411802369983373,0.11411802369983373,0.0,28
FD,0,3,7,11,Co,C,Cν,0.05452836138985383,0.5113095238095239,0.05535012642595561,0.600595238095238,1,Cν,0.6666666666666666,0.6666666666666666,0.0,2,2,3,3,0.09280680346072023,0.08880414606578597,-0.004002657394934259,28
FD,0,3,7,11,Ni,C,Cν,0.06614850314995042,0.5321428571428573,0.06755058804958641,0.6053571428571428,1,Cν,1.0,1.0,0.0,3,3,3,3,0.07721095303934339,0.07536121038654875,-0.0018497426527946462,28
FD,0,3,7,11,Mn,FC,Cν,0.13577511299635617,0.4886904761904762,0.14486599827569038,0.6720238095238095,1,Cν,0.6666666666666666,0.3333333333333333,-0.3333333333333333,2,1,3,3,0.06849314058173281,0.10319076340760946,0.034697622825876656,28
FD,0,3,7,11,Pb,F,C,0.10504081904340597,0.44999999999999984,0.12758546854995875,0.5095238095238094,1,C,0.6666666666666666,0.3333333333333333,-0.3333333333333333,2,1,3,3,0.058119331533107554,0.09830512665056274,0.04018579511745518,28
FD,0,3,7,11,Cd,C,Fν,0.31931710676340375,0.17202380952380952,0.346863882242666,0.28095238095238095,1,Fν,0.3333333333333333,0.0,-0.3333333333333333,1,0,3,3,0.14512079638303432,0.1629931624173048,0.017872366034270476,28
FD,0,3,8,18,Fe,Fν,Cν,0.15409590303695878,0.4226190476190478,0.17848260243227204,0.7053571428571429,1,Cν,0.2,0.4,0.2,1,2,5,5,0.2131764438035981,0.15233704028007827,-0.060839403523519825,28
FD,0,3,8,18,Zn,F,F,0.10593269945744425,0.5863095238095237,0.10593269945744425,0.5863095238095237,1,F,0.6,0.6,0.0,3,3,5,5,0.1342550591882128,0.1342550591882128,0.0,28
FD,0,3,8,18,Cu,FC,F,0.13908790917048677,0.4642857142857144,0.14601650548578046,0.5357142857142858,1,F,0.8,0.6,-0.20000000000000007,4,3,5,5,0.10822330307378836,0.12344932619254315,0.015226023118754789,28
FD,0,3,8,18,Cr,C,Cν,0.11099004893622903,0.5654761904761905,0.11325396687061394,0.7202380952380952,1,Cν,0.4,0.6,0.19999999999999996,2,3,5,5,0.12536357232227738,0.10622757338251868,-0.019135998939758696,28
FD,0,3,8,18,Co,C,Cν,0.06425107521899873,0.636904761904762,0.0716829090771584,0.6845238095238094,1,Cν,0.6,0.8,0.20000000000000007,3,4,5,5,0.0662765366351318,0.0635359633939806,-0.002740573241151213,28
FD,0,3,8,18,Ni,C,Cν,0.07586451449499032,0.6577380952380951,0.0842870603920473,0.6934523809523812,1,Cν,0.4,0.6,0.19999999999999996,2,3,5,5,0.057164918229745246,0.05495155985109136,-0.0022133583786538846,28
FD,0,3,8,18,Mn,Fν,Cν,0.10935802880225906,0.43749999999999994,0.1324761113704761,0.7172619047619048,1,Cν,0.2,0.4,0.2,1,2,5,5,0.16028582198195673,0.13134884443441236,-0.028936977547544387,28
FD,0,3,8,18,Pb,F,C,0.09500810307640503,0.3571428571428571,0.10868665357227832,0.49999999999999994,1,C,1.0,0.6,-0.4,5,3,5,5,0.08531046883890742,0.12098924862697046,0.035678779788063046,28
FD,0,3,8,18,Cd,FC,F,0.3097781662087847,0.3333333333333333,0.31309331989510936,0.33630952380952384,1,F,0.2,0.6,0.39999999999999997,1,3,5,5,0.3085131880415938,0.25272163277665183,-0.05579155526494198,28
FD,0,3,9,11,Fe,C,Cν,0.1672884535973585,0.536904761904762,0.17667239249362438,0.6601190476190476,1,Cν,0.6666666666666666,0.6666666666666666,0.0,2,2,3,3,0.15683927488791044,0.12654202001924075,-0.0302972548686697,28
FD,0,3,9,11,Zn,F,F,0.1133498766412374,0.5363095238095238,0.1133498766412374,0.5363095238095238,1,F,1.0,1.0,0.0,3,3,3,3,0.08907347979848083,0.08907347979848083,0.0,28
FD,0,3,9,11,Cu,FC,F,0.13053633347363197,0.45773809523809533,0.14205451428189922,0.49345238095238103,2,F|Fν,1.0,1.0,0.0,3,3,3,3,0.12696731546359202,0.1338945997478614,0.006927284284269378,28
FD,0,3,9,11,Cr,Cν,Cν,0.10013567320277394,0.6392857142857141,0.10013567320277394,0.6392857142857141,1,Cν,0.6666666666666666,0.6666666666666666,0.0,2,2,3,3,0.11676022866352925,0.11676022866352925,-6.938893903907228e-18,28
FD,0,3,9,11,Co,C,Cν,0.0697016997093293,0.5470238095238097,0.07215267121493496,0.707738095238095,1,Cν,0.6666666666666666,0.6666666666666666,0.0,2,2,3,3,0.04165092153620019,0.04232712197317785,0.0006762004369776677,28
FD,0,3,9,11,Ni,C,Fν,0.07179962173053132,0.5321428571428573,0.08022898829529254,0.655952380952381,1,Fν,0.6666666666666666,0.6666666666666666,0.0,2,2,3,3,0.06002000170584702,0.08485792166786603,0.024837919962019006,28
FD,0,3,9,11,Mn,FC,Cν,0.12204437779872561,0.42916666666666664,0.1376705301995745,0.6458333333333333,1,Cν,0.6666666666666666,0.6666666666666666,0.0,2,2,3,3,0.1279185274984137,0.11119756167040941,-0.016720965828004294,28
FD,0,3,9,11,Pb,F,Cν,0.07769882992246409,0.4857142857142856,0.10833245036208795,0.6261904761904761,1,Cν,0.6666666666666666,0.6666666666666666,0.0,2,2,3,3,0.16912300652992557,0.2013224824925562,0.03219947596263062,28
FD,0,3,9,11,Cd,Fν,Fν,0.287592604888987,0.3607142857142857,0.287592604888987,0.3607142857142857,1,Fν,0.0,0.0,0.0,0,0,3,3,0.38775136482243605,0.38775136482243605,0.0,28
FD,0,3,10,10,Fe,C,Cν,0.14013701433247341,0.530952380952381,0.14054397952090622,0.7136904761904762,1,Cν,0.3333333333333333,0.3333333333333333,0.0,1,1,3,3,0.28399638338104305,0.2698811029531724,-0.014115280427870608,28
FD,0,3,10,10,Zn,Fν,F,0.11041668960291094,0.49166666666666664,0.11262622805462628,0.5363095238095238,1,F,1.0,1.0,0.0,3,3,3,3,0.10493009410519089,0.09011431336112499,-0.014815780744065886,28
FD,0,3,10,10,Cu,FC,F,0.13134173360945686,0.45773809523809533,0.13471378184936003,0.49345238095238103,1,F,1.0,1.0,0.0,3,3,3,3,0.1255774134031257,0.16237272716828685,0.03679531376516115,28
FD,0,3,10,10,Cr,Cν,Cν,0.10712391213971928,0.6988095238095238,0.10712391213971928,0.6988095238095238,1,Cν,0.3333333333333333,0.3333333333333333,0.0,1,1,3,3,0.07820739374109673,0.07820739374109673,0.0,28
FD,0,3,10,10,Co,Fν,Cν,0.06377526485614123,0.4279761904761905,0.06907925219278054,0.6958333333333332,1,Cν,0.6666666666666666,1.0,0.33333333333333337,2,3,3,3,0.07385576778797345,0.04152071231067018,-0.03233505547730327,28
FD,0,3,10,10,Ni,C,Cν,0.05819593117895589,0.6035714285714286,0.0598309020939618,0.6124999999999999,1,Cν,0.6666666666666666,0.6666666666666666,0.0,2,2,3,3,0.1131126327747541,0.1119198816544127,-0.0011927511203413954,28
FD,0,3,10,10,Mn,FC,Cν,0.08450693105120356,0.5839285714285714,0.10544422217943457,0.6482142857142856,1,Cν,0.6666666666666666,0.3333333333333333,-0.3333333333333333,2,1,3,3,0.27921232135279295,0.2715555076923659,-0.007656813660427031,28
FD,0,3,10,10,Pb,F,C,0.08785951468902299,0.4857142857142856,0.11652312752246807,0.5273809523809522,1,C,0.6666666666666666,0.6666666666666666,0.0,2,2,3,3,0.12912242090757814,0.1485542255855984,0.019431804678020248,28
FD,0,3,10,10,Cd,C,F,0.23629689298422094,0.30892857142857144,0.23685299862862477,0.43273809523809526,1,F,0.3333333333333333,0.3333333333333333,0.0,1,1,3,3,0.4342834387165796,0.442979784334186,0.008696345617606405,28
FD,0,4,5,4,Fe,Cν,Cν,0.18113680970291854,0.5648809523809524,0.18113680970291854,0.5648809523809524,1,Cν,1.0,1.0,0.0,1,1,1,1,0.06669553742073753,0.06669553742073753,0.0,28
FD,0,4,5,4,Zn,F,F,0.07675913193856265,0.6249999999999999,0.07675913193856265,0.6249999999999999,1,F,1.0,1.0,0.0,1,1,1,1,0.19456816752104283,0.19456816752104283,0.0,28
FD,0,4,5,4,Cu,FC,Fν,0.1205547171873547,0.5833333333333333,0.1522260723210163,0.6000000000000002,1,Fν,0.0,1.0,1.0,0,1,1,1,0.1275993491018485,0.10469996498583556,-0.022899384116012944,28
FD,0,4,5,4,Cr,Cν,Cν,0.0913178300967538,0.6107142857142857,0.0913178300967538,0.6107142857142857,1,Cν,1.0,1.0,0.0,1,1,1,1,0.10688200231660622,0.10688200231660622,0.0,28
FD,0,4,5,4,Co,C,Cν,0.0638941845944855,0.5613095238095239,0.06480264322283344,0.6767857142857141,1,Cν,1.0,1.0,0.0,1,1,1,1,0.05515347358690742,0.053155004139583684,-0.0019984694473237363,28
FD,0,4,5,4,Ni,C,Cν,0.0746598692564521,0.5244047619047619,0.07639886018096818,0.5714285714285714,1,Cν,1.0,1.0,0.0,1,1,1,1,0.043706981969264536,0.042407689872412946,-0.0012992920968515898,28
FD,0,4,5,4,Mn,FC,Cν,0.13400087804914132,0.5095238095238096,0.1503161373561908,0.5791666666666667,1,Cν,1.0,1.0,0.0,1,1,1,1,0.06048112260395144,0.07382513607372077,0.013344013469769322,28
FD,0,4,5,4,Pb,F,FC,0.10512201947241769,0.5916666666666666,0.10768421474234721,0.606547619047619,1,FC,0.0,0.0,0.0,0,0,1,1,0.039301594163700715,0.040278928453685414,0.0009773342899846993,28
FD,0,4,5,4,Cd,F,F,0.2603077707000763,0.26488095238095233,0.2603077707000763,0.26488095238095233,1,F,0.0,0.0,0.0,0,0,1,1,0.32098239531397305,0.32098239531397305,0.0,28
FD,0,4,6,12,Fe,Cν,Cν,0.167181489678194,0.6583333333333334,0.167181489678194,0.6583333333333334,1,Cν,0.6666666666666666,0.6666666666666666,0.0,2,2,3,3,0.1347647777947486,0.1347647777947486,0.0,28
FD,0,4,6,12,Zn,F,F,0.09010881792422827,0.5363095238095238,0.09010881792422827,0.5363095238095238,1,F,1.0,1.0,0.0,3,3,3,3,0.15775899911946145,0.15775899911946145,-1.3877787807814457e-17,28
FD,0,4,6,12,Cu,FC,F,0.12796976007428332,0.594047619047619,0.14972810831783998,0.6345238095238095,1,F,0.3333333333333333,0.3333333333333333,0.0,1,1,3,3,0.10613246872085244,0.09130575531354848,-0.014826713407303967,28
FD,0,4,6,12,Cr,Cν,Cν,0.09475106025628637,0.7130952380952381,0.09475106025628637,0.7130952380952381,1,Cν,0.6666666666666666,0.6666666666666666,0.0,2,2,3,3,0.08284029686025159,0.08284029686025159,0.0,28
FD,0,4,6,12,Co,Cν,Cν,0.0593147137982339,0.6464285714285714,0.0593147137982339,0.6464285714285714,1,Cν,1.0,1.0,0.0,3,3,3,3,0.07832303224540065,0.07832303224540065,0.0,28
FD,0,4,6,12,Ni,C,C,0.08070201219470365,0.544047619047619,0.08070201219470365,0.544047619047619,1,C,0.6666666666666666,0.6666666666666666,0.0,2,2,3,3,0.0286183846681894,0.0286183846681894,0.0,28
FD,0,4,6,12,Mn,Fν,Cν,0.1292143524167398,0.5190476190476191,0.14342526479532966,0.6297619047619047,1,Cν,0.3333333333333333,1.0,0.6666666666666667,1,3,3,3,0.09941029998319069,0.08238267553540986,-0.01702762444778083,28
FD,0,4,6,12,Pb,F,C,0.10602601840611023,0.4940476190476189,0.12731708323342025,0.5214285714285714,1,C,0.6666666666666666,0.6666666666666666,0.0,2,2,3,3,0.051330843109044476,0.06264533132936459,0.011314488220320114,28
FD,0,4,6,12,Cd,Fν,Fν,0.23273903543810706,0.42023809523809524,0.23273903543810706,0.42023809523809524,1,Fν,0.0,0.0,0.0,0,0,3,3,0.44068485012993464,0.44068485012993464,2.7755575615628914e-17,28
FD,0,4,7,4,Fe,Cν,Cν,0.14125518554273256,0.5767857142857142,0.14125518554273256,0.5767857142857142,1,Cν,1.0,1.0,0.0,1,1,1,1,0.18909057296970921,0.18909057296970921,0.0,28
FD,0,4,7,4,Zn,F,F,0.09766108467755026,0.6071428571428571,0.09766108467755026,0.6071428571428571,1,F,0.0,0.0,0.0,0,0,1,1,0.1166669323209682,0.1166669323209682,0.0,28
FD,0,4,7,4,Cu,FC,Cν,0.1280926228408001,0.5505952380952384,0.1785338673010967,0.6107142857142857,1,Cν,0.0,0.0,0.0,0,0,1,1,0.09710838451680487,0.17242592050713268,0.07531753599032781,28
FD,0,4,7,4,Cr,Cν,Cν,0.09589818025027994,0.6434523809523809,0.09589818025027994,0.6434523809523809,1,Cν,1.0,1.0,0.0,1,1,1,1,0.0919382699143162,0.0919382699143162,0.0,28
FD,0,4,7,4,Co,C,Cν,0.05359911927944721,0.5970238095238096,0.05366779606372564,0.6958333333333332,1,Cν,1.0,1.0,0.0,1,1,1,1,0.09375455738695904,0.0907737675683179,-0.0029807898186411386,28
FD,0,4,7,4,Ni,C,Cν,0.06888620147271941,0.5125000000000001,0.06895921360775534,0.607142857142857,1,Cν,1.0,1.0,0.0,1,1,1,1,0.06722711419329275,0.06618525793660995,-0.0010418562566827938,28
FD,0,4,7,4,Mn,Fν,Cν,0.1381561315192206,0.48511904761904756,0.14658232547256259,0.5720238095238095,1,Cν,0.0,1.0,1.0,0,1,1,1,0.05815601301092743,0.09404986120683079,0.035893848195903355,28
FD,0,4,7,4,Pb,F,FC,0.10581659403629254,0.5559523809523809,0.10844666946744765,0.5708333333333332,1,FC,0.0,0.0,0.0,0,0,1,1,0.03726595973923319,0.03982399220607585,0.0025580324668426635,28
FD,0,4,7,4,Cd,F,F,0.2694185743730199,0.3125,0.2694185743730199,0.3125,1,F,0.0,0.0,0.0,0,0,1,1,0.27926337326966666,0.27926337326966666,2.7755575615628914e-17,28
FD,0,4,8,11,Fe,Fν,Cν,0.15475531226770145,0.43095238095238114,0.17249030321242848,0.6303571428571428,1,Cν,0.0,0.3333333333333333,0.3333333333333333,0,1,3,3,0.15568577352233992,0.0956389027837671,-0.06004687073857283,28
FD,0,4,8,11,Zn,F,F,0.08629910244885299,0.6238095238095239,0.08629910244885299,0.6238095238095239,1,F,0.6666666666666666,0.6666666666666666,0.0,2,2,3,3,0.168732359087022,0.168732359087022,1.3877787807814457e-17,28
FD,0,4,8,11,Cu,FC,Cν,0.126192283126597,0.5523809523809524,0.185523576500775,0.6523809523809524,1,Cν,0.6666666666666666,0.0,-0.6666666666666666,2,0,3,3,0.12606503799697838,0.17355835402427963,0.047493316027301266,28
FD,0,4,8,11,Cr,Cν,Cν,0.10365020000596081,0.6821428571428572,0.10365020000596081,0.6821428571428572,1,Cν,0.6666666666666666,0.6666666666666666,0.0,2,2,3,3,0.09436764562607278,0.09436764562607278,0.0,28
FD,0,4,8,11,Co,C,Cν,0.0629955722788264,0.6892857142857142,0.06499685396380575,0.7505952380952381,1,Cν,0.0,0.3333333333333333,0.3333333333333333,0,1,3,3,0.06348841409980477,0.06389839346521167,0.000409979365406897,28
FD,0,4,8,11,Ni,C,Cν,0.0762715113546115,0.6357142857142856,0.07859939774876527,0.7071428571428573,1,Cν,0.3333333333333333,0.3333333333333333,0.0,1,1,3,3,0.04470640383930215,0.04574735815854662,0.0010409543192444748,28
FD,0,4,8,11,Mn,Fν,Cν,0.09899560319862086,0.5422619047619047,0.13813166946299046,0.6434523809523809,1,Cν,0.3333333333333333,0.3333333333333333,0.0,1,1,3,3,0.1632482613513968,0.09360771946733239,-0.0696405418840644,28
FD,0,4,8,11,Pb,F,Cν,0.09525147124959714,0.4749999999999999,0.11951844957022616,0.5398809523809524,1,Cν,0.6666666666666666,0.6666666666666666,0.0,2,2,3,3,0.07535624104481267,0.09894110249964302,0.02358486145483036,28
FD,0,4,8,11,Cd,C,Fν,0.2571950720444282,0.1261904761904762,0.26268909708614124,0.30178571428571427,1,Fν,0.0,0.3333333333333333,0.3333333333333333,0,1,3,3,0.37750281661252766,0.41934254522462056,0.0418397286120929,28
FD,0,4,9,4,Fe,Cν,Cν,0.1769280855979655,0.5470238095238095,0.1769280855979655,0.5470238095238095,1,Cν,1.0,1.0,0.0,1,1,1,1,0.07799015457585246,0.07799015457585246,0.0,28
FD,0,4,9,4,Zn,F,F,0.09779119433489962,0.5714285714285714,0.09779119433489962,0.5714285714285714,1,F,1.0,1.0,0.0,1,1,1,1,0.11478601823372486,0.11478601823372486,0.0,28
FD,0,4,9,4,Cu,FC,FC,0.11759544489323427,0.574404761904762,0.11759544489323427,0.574404761904762,1,FC,1.0,1.0,0.0,1,1,1,1,0.14077299347988664,0.14077299347988664,0.0,28
FD,0,4,9,4,Cr,Cν,Cν,0.09400421200525085,0.6107142857142857,0.09400421200525085,0.6107142857142857,1,Cν,1.0,1.0,0.0,1,1,1,1,0.1085449402510823,0.1085449402510823,0.0,28
FD,0,4,9,4,Co,Cν,Cν,0.06700304184808498,0.7363095238095239,0.06700304184808498,0.7363095238095239,1,Cν,1.0,1.0,0.0,1,1,1,1,0.04557459478632653,0.04557459478632653,0.0,28
FD,0,4,9,4,Ni,Cν,Fν,0.07301697583662695,0.6238095238095237,0.07455123485430691,0.6648809523809522,1,Fν,1.0,0.0,-1.0,1,0,1,1,0.05807266425894625,0.08546726421519324,0.02739459995624699,28
FD,0,4,9,4,Mn,Fν,Fν,0.11694028601898473,0.6160714285714287,0.11694028601898473,0.6160714285714287,1,Fν,0.0,0.0,0.0,0,0,1,1,0.14689482894438954,0.14689482894438954,0.0,28
FD,0,4,9,4,Pb,Fν,Cν,0.08209358953999656,0.6440476190476191,0.10956162078193364,0.6946428571428572,1,Cν,0.0,0.0,0.0,0,0,1,1,0.13582104990283644,0.15459834571051612,0.018777295807679673,28
FD,0,4,9,4,Cd,F,F,0.2462433657624318,0.22916666666666666,0.2462433657624318,0.22916666666666666,1,F,0.0,0.0,0.0,0,0,1,1,0.37916790340776607,0.37916790340776607,0.0,28
FD,0,4,10,3,Fe,Cν,Cν,0.14126186241649893,0.6124999999999999,0.14126186241649893,0.6124999999999999,1,Cν,1.0,1.0,0.0,1,1,1,1,0.23455386130288447,0.23455386130288447,0.0,28
FD,0,4,10,3,Zn,F,F,0.09706251839644649,0.5714285714285714,0.09706251839644649,0.5714285714285714,1,F,1.0,1.0,0.0,1,1,1,1,0.11850294108107734,0.11850294108107734,0.0,28
FD,0,4,10,3,Cu,FC,Cν,0.11877353906510879,0.5625000000000002,0.17157432624242624,0.5839285714285714,1,Cν,1.0,0.0,-1.0,1,0,1,1,0.13391347350877425,0.1760945995075035,0.04218112599872925,28
FD,0,4,10,3,Cr,Cν,Cν,0.10513900923024766,0.6821428571428572,0.10513900923024766,0.6821428571428572,1,Cν,1.0,1.0,0.0,1,1,1,1,0.061035843351784635,0.061035843351784635,0.0,28
FD,0,4,10,3,Co,Cν,Cν,0.06805321957418652,0.7125,0.06805321957418652,0.7125,1,Cν,0.0,0.0,0.0,0,0,1,1,0.039176420251831434,0.039176420251831434,0.0,28
FD,0,4,10,3,Ni,C,Cν,0.06088701672136213,0.5958333333333334,0.06199121235174598,0.6309523809523808,1,Cν,1.0,1.0,0.0,1,1,1,1,0.09611831173206925,0.09751196041718152,0.0013936486851122698,28
FD,0,4,10,3,Mn,FC,Cν,0.08774879294026451,0.6077380952380951,0.10808605248713808,0.6148809523809523,1,Cν,0.0,1.0,1.0,0,1,1,1,0.25234814564048824,0.2562382920544988,0.0038901464140105313,28
FD,0,4,10,3,Pb,FC,FC,0.09165637488646901,0.630357142857143,0.09165637488646901,0.630357142857143,1,FC,0.0,0.0,0.0,0,0,1,1,0.10587022147947822,0.10587022147947822,0.0,28
FD,0,4,10,3,Cd,C,F,0.18761396464662544,0.27619047619047615,0.18787029473525965,0.33035714285714285,1,F,1.0,1.0,0.0,1,1,1,1,0.5767702596010429,0.5745156055108758,-0.002254654090167063,28
FD,0,5,6,12,Fe,Cν,Cν,0.17133932892322784,0.711904761904762,0.17133932892322784,0.711904761904762,1,Cν,0.6666666666666666,0.6666666666666666,0.0,2,2,3,3,0.11435337816132743,0.11435337816132743,0.0,28
FD,0,5,6,12,Zn,F,F,0.09960070136180284,0.5541666666666666,0.09960070136180284,0.5541666666666666,1,F,1.0,1.0,0.0,3,3,3,3,0.1285631844963042,0.1285631844963042,-6.938893903907228e-18,28
FD,0,5,6,12,Cu,FC,FC,0.13019799512605426,0.6565476190476189,0.13019799512605426,0.6565476190476189,1,FC,0.3333333333333333,0.3333333333333333,0.0,1,1,3,3,0.1044154014491337,0.1044154014491337,0.0,28
FD,0,5,6,12,Cr,Cν,Cν,0.08593657126606373,0.6654761904761904,0.08593657126606373,0.6654761904761904,1,Cν,1.0,1.0,0.0,3,3,3,3,0.11266709534902129,0.11266709534902129,0.0,28
FD,0,5,6,12,Co,Cν,Cν,0.06470954452539388,0.5988095238095238,0.06470954452539388,0.5988095238095238,1,Cν,1.0,1.0,0.0,3,3,3,3,0.05053598846240258,0.05053598846240258,0.0,28
FD,0,5,6,12,Ni,C,C,0.07577530944172868,0.6035714285714285,0.07577530944172868,0.6035714285714285,2,C|FC,0.3333333333333333,0.3333333333333333,0.0,1,1,3,3,0.04601556876465951,0.04601556876465951,0.0,28
FD,0,5,6,12,Mn,FC,Cν,0.13011471189705814,0.5095238095238096,0.14624116817254756,0.6583333333333334,1,Cν,0.6666666666666666,1.0,0.33333333333333337,2,3,3,3,0.07814948889281796,0.06855181498365578,-0.009597673909162177,28
FD,0,5,6,12,Pb,F,FC,0.1026135489803041,0.5416666666666665,0.10725963404920634,0.544642857142857,1,FC,0.6666666666666666,0.6666666666666666,0.0,2,2,3,3,0.06348132530360223,0.058707563639095815,-0.0047737616645064165,28
FD,0,5,6,12,Cd,F,Cν,0.2878766651784658,0.2654761904761904,0.29002886801500694,0.4327380952380953,1,Cν,0.0,0.0,0.0,0,0,3,3,0.21317592232952143,0.2622442786111191,0.04906835628159767,28
FD,0,5,7,4,Fe,Cν,Cν,0.13354481768745596,0.618452380952381,0.13354481768745596,0.618452380952381,1,Cν,1.0,1.0,0.0,1,1,1,1,0.22462882789184468,0.22462882789184468,0.0,28
FD,0,5,7,4,Zn,F,F,0.10634487011656853,0.6249999999999999,0.10634487011656853,0.6249999999999999,1,F,0.0,0.0,0.0,0,0,1,1,0.09207478576628741,0.09207478576628741,0.0,28
FD,0,5,7,4,Cu,FC,FC,0.12835947853595858,0.6339285714285714,0.12835947853595858,0.6339285714285714,1,FC,0.0,0.0,0.0,0,0,1,1,0.10362698413537941,0.10362698413537941,0.0,28
FD,0,5,7,4,Cr,Cν,Cν,0.08523695519949223,0.575,0.08523695519949223,0.575,1,Cν,1.0,1.0,0.0,1,1,1,1,0.12139086273638511,0.12139086273638511,0.0,28
FD,0,5,7,4,Co,C,Cν,0.04926290485543322,0.5255952380952381,0.05100677872191027,0.600595238095238,1,Cν,1.0,1.0,0.0,1,1,1,1,0.11071681835568825,0.10177847380383487,-0.008938344551853383,28
FD,0,5,7,4,Ni,C,Cν,0.06246305293592687,0.5839285714285714,0.06293142439406858,0.6047619047619047,1,Cν,1.0,1.0,0.0,1,1,1,1,0.09243810959272974,0.08888243968020826,-0.0035556699125214863,28
FD,0,5,7,4,Mn,FC,Cν,0.13234371761308325,0.4886904761904763,0.14407743841550044,0.5958333333333334,1,Cν,1.0,1.0,0.0,1,1,1,1,0.06741324903233115,0.10334286306970397,0.035929614037372826,28
FD,0,5,7,4,Pb,F,FC,0.1037373244813461,0.6035714285714285,0.10666670786740498,0.606547619047619,1,FC,0.0,0.0,0.0,0,0,1,1,0.047034162157557347,0.04385676960903323,-0.003177392548524116,28
FD,0,5,7,4,Cd,F,F,0.31382461026305425,0.2648809523809524,0.31382461026305425,0.2648809523809524,1,F,0.0,0.0,0.0,0,0,1,1,0.13209361444954015,0.13209361444954015,0.0,28
FD,0,5,8,11,Fe,Fν,Cν,0.16101514051746935,0.5380952380952383,0.16972007845653705,0.6363095238095238,1,Cν,0.3333333333333333,0.6666666666666666,0.3333333333333333,1,2,3,3,0.13409773930422808,0.10716196065234218,-0.0269357786518859,28
FD,0,5,8,11,Zn,FC,F,0.09333982262741021,0.6357142857142856,0.09531959644625575,0.6416666666666667,1,F,0.3333333333333333,0.6666666666666666,0.3333333333333333,1,2,3,3,0.1522853122544384,0.14377475608607834,-0.008510556168360044,28
FD,0,5,8,11,Cu,FC,FC,0.1279811972326581,0.6357142857142859,0.1279811972326581,0.6357142857142859,1,FC,0.3333333333333333,0.3333333333333333,0.0,1,1,3,3,0.1268609906270598,0.1268609906270598,0.0,28
FD,0,5,8,11,Cr,Cν,Cν,0.09542729994783812,0.6226190476190475,0.09542729994783812,0.6226190476190475,1,Cν,0.6666666666666666,0.6666666666666666,0.0,2,2,3,3,0.10895770943709457,0.10895770943709457,-6.938893903907228e-18,28
FD,0,5,8,11,Co,C,Cν,0.05888982756641297,0.617857142857143,0.06266708368347716,0.7386904761904762,1,Cν,0.0,0.6666666666666666,0.6666666666666666,0,2,3,3,0.07903908846793097,0.07143156521633195,-0.0076075232515990104,28
FD,0,5,8,11,Ni,C,Cν,0.07052653935274142,0.6952380952380952,0.07382099093948845,0.7261904761904762,1,Cν,0.0,0.3333333333333333,0.3333333333333333,0,1,3,3,0.06518519172623663,0.06074530760473112,-0.004439884121505512,28
FD,0,5,8,11,Mn,Fν,Cν,0.11554374220039347,0.42321428571428577,0.1338400110361168,0.6791666666666666,1,Cν,0.6666666666666666,0.6666666666666666,0.0,2,2,3,3,0.10876459809929619,0.1138674144437038,0.00510281634440761,28
FD,0,5,8,11,Pb,F,FC,0.09652316262507829,0.5226190476190475,0.10016632699057594,0.5464285714285714,1,FC,0.6666666666666666,1.0,0.33333333333333337,2,3,3,3,0.06599052410252645,0.06676178263286042,0.000771258530333975,28
FD,0,5,8,11,Cd,F,F,0.3042708888803548,0.3148809523809524,0.3042708888803548,0.3148809523809524,1,F,0.3333333333333333,0.3333333333333333,0.0,1,1,3,3,0.23315446772705425,0.23315446772705425,0.0,28
FD,0,5,9,4,Fe,C,Cν,0.17040048667296026,0.5011904761904763,0.17342206808502364,0.5958333333333333,1,Cν,1.0,1.0,0.0,1,1,1,1,0.12576812264656645,0.08941025331030272,-0.036357869336263726,28
FD,0,5,9,4,Zn,FC,F,0.10561656522111738,0.5744047619047619,0.10672076832002673,0.5892857142857142,1,F,0.0,1.0,1.0,0,1,1,1,0.11944233809369242,0.08863731353805337,-0.03080502455563905,28
FD,0,5,9,4,Cu,FC,FC,0.11772584681934871,0.6101190476190477,0.11772584681934871,0.6101190476190477,1,FC,0.0,0.0,0.0,0,0,1,1,0.1468996086719373,0.1468996086719373,0.0,28
FD,0,5,9,4,Cr,Cν,Cν,0.0852329013877727,0.5678571428571428,0.0852329013877727,0.5678571428571428,1,Cν,1.0,1.0,0.0,1,1,1,1,0.13012665863658096,0.13012665863658096,0.0,28
FD,0,5,9,4,Co,C,Cν,0.06625104936098931,0.5613095238095239,0.0669181224318373,0.6886904761904761,1,Cν,1.0,1.0,0.0,1,1,1,1,0.04635901057462488,0.043912537007590347,-0.002446473567034535,28
FD,0,5,9,4,Ni,C,Cν,0.06633361514780167,0.5958333333333333,0.0671235901461837,0.6428571428571429,1,Cν,1.0,1.0,0.0,1,1,1,1,0.07685447723614025,0.07822745765108968,0.0013729804149494318,28
FD,0,5,9,4,Mn,FC,Cν,0.1180183562340622,0.46190476190476204,0.1400951660096702,0.6029761904761904,1,Cν,1.0,1.0,0.0,1,1,1,1,0.11078386264472184,0.10021298988215688,-0.010570872762564965,28
FD,0,5,9,4,Pb,Fν,Cν,0.07614100737770547,0.6440476190476191,0.10637104905234859,0.6720238095238095,1,Cν,0.0,0.0,0.0,0,0,1,1,0.16085023569927398,0.1743884674841648,0.01353823178489083,28
FD,0,5,9,4,Cd,F,F,0.2905400957318699,0.3196428571428571,0.2905400957318699,0.3196428571428571,1,F,0.0,0.0,0.0,0,0,1,1,0.23082023304564483,0.23082023304564483,0.0,28
FD,0,5,10,3,Fe,Cν,Cν,0.13723093992075736,0.6255952380952381,0.13723093992075736,0.6255952380952381,1,Cν,0.0,0.0,0.0,0,0,1,1,0.25116838921968454,0.25116838921968454,0.0,28
FD,0,5,10,3,Zn,F,F,0.10552403049076486,0.5892857142857142,0.10552403049076486,0.5892857142857142,1,F,1.0,1.0,0.0,1,1,1,1,0.09409730251690895,0.09409730251690895,0.0,28
FD,0,5,10,3,Cu,FC,FC,0.11860271787746078,0.6101190476190477,0.11860271787746078,0.6101190476190477,1,FC,0.0,0.0,0.0,0,0,1,1,0.14199059847016832,0.14199059847016832,0.0,28
FD,0,5,10,3,Cr,Cν,Cν,0.09719167299937836,0.6345238095238095,0.09719167299937836,0.6345238095238095,1,Cν,1.0,1.0,0.0,1,1,1,1,0.08086966101888032,0.08086966101888032,0.0,28
FD,0,5,10,3,Co,Fν,Cν,0.06589452128831458,0.4904761904761904,0.06794038192441133,0.7005952380952382,1,Cν,0.0,1.0,1.0,0,1,1,1,0.06624633289604404,0.03866984262820777,-0.027576490267836262,28
FD,0,5,10,3,Ni,C,FC,0.05379475439384779,0.631547619047619,0.0555982912935582,0.6404761904761903,1,FC,0.0,0.0,0.0,0,0,1,1,0.1259306512102873,0.1284231910560421,0.0024925398457548154,28
FD,0,5,10,3,Mn,FC,Cν,0.08207588838126423,0.5392857142857144,0.10318986661753213,0.5982142857142856,1,Cν,0.0,0.0,0.0,0,0,1,1,0.2771131148423913,0.275316204526289,-0.001796910316102296,28
FD,0,5,10,3,Pb,F,FC,0.0880650610050071,0.6392857142857143,0.08893503711639374,0.6541666666666668,1,FC,0.0,0.0,0.0,0,0,1,1,0.11005366750812806,0.11535913829235955,0.005305470784231492,28
FD,0,5,10,3,Cd,C,F,0.23223383975103115,0.34523809523809523,0.23462992651914386,0.45654761904761904,1,F,0.0,0.0,0.0,0,0,1,1,0.4407388160988637,0.4161646862689359,-0.024574129829927793,28
FD,0,6,7,12,Fe,Cν,Cν,0.12947568620888786,0.711904761904762,0.12947568620888786,0.711904761904762,1,Cν,0.6666666666666666,0.6666666666666666,0.0,2,2,3,3,0.20837876108684722,0.20837876108684722,0.0,28
FD,0,6,7,12,Zn,F,F,0.12075798398418301,0.5720238095238095,0.12075798398418301,0.5720238095238095,1,F,1.0,1.0,0.0,3,3,3,3,0.05720847188674466,0.05720847188674466,0.0,28
FD,0,6,7,12,Cu,FC,F,0.13593068288707294,0.5851190476190476,0.14944742463925012,0.6702380952380952,1,F,0.3333333333333333,0.3333333333333333,0.0,1,1,3,3,0.08805274582014035,0.10265036703918864,0.014597621219048298,28
FD,0,6,7,12,Cr,Cν,Cν,0.0931614690141979,0.6773809523809524,0.0931614690141979,0.6773809523809524,1,Cν,1.0,1.0,0.0,3,3,3,3,0.08288328505300349,0.08288328505300349,-6.938893903907228e-18,28
FD,0,6,7,12,Co,Cν,Cν,0.05254241427638352,0.6345238095238095,0.05254241427638352,0.6345238095238095,1,Cν,1.0,1.0,0.0,3,3,3,3,0.08592932750586355,0.08592932750586355,6.938893903907228e-18,28
FD,0,6,7,12,Ni,C,Cν,0.06929478786290778,0.5916666666666666,0.0709031129221452,0.6077380952380952,1,Cν,0.3333333333333333,0.6666666666666666,0.3333333333333333,1,2,3,3,0.07105970105599349,0.06651648722272166,-0.004543213833271824,28
FD,0,6,7,12,Mn,Cν,Cν,0.13308909369590932,0.6654761904761906,0.13308909369590932,0.6654761904761906,1,Cν,1.0,1.0,0.0,3,3,3,3,0.1277670385906457,0.1277670385906457,-1.3877787807814457e-17,28
FD,0,6,7,12,Pb,F,FC,0.10490247018908368,0.5059523809523808,0.10959582350514731,0.5089285714285713,1,FC,0.6666666666666666,0.6666666666666666,0.0,2,2,3,3,0.0585717774072139,0.057152350889434114,-0.0014194265177797857,28
FD,0,6,7,12,Cd,Cν,Cν,0.28792704485720183,0.4148809523809524,0.28792704485720183,0.4148809523809524,1,Cν,0.0,0.0,0.0,0,0,3,3,0.2854974525751388,0.2854974525751388,-2.7755575615628914e-17,28
FD,0,6,8,19,Fe,Cν,Cν,0.15191928396966353,0.7857142857142857,0.15191928396966353,0.7857142857142857,1,Cν,0.4,0.4,0.0,2,2,5,5,0.1913789915682365,0.1913789915682365,0.0,28
FD,0,6,8,19,Zn,F,F,0.11113410402548705,0.5505952380952381,0.11113410402548705,0.5505952380952381,1,F,0.6,0.6,0.0,3,3,5,5,0.10955502686637406,0.10955502686637406,0.0,28
FD,0,6,8,19,Cu,FC,F,0.1355104811062196,0.5773809523809523,0.1467146256040802,0.6398809523809524,1,F,0.4,0.4,0.0,2,2,5,5,0.094801032530027,0.11661703698410464,0.02181600445407763,28
FD,0,6,8,19,Cr,Cν,Cν,0.09800920452905593,0.7321428571428571,0.09800920452905593,0.7321428571428571,1,Cν,0.4,0.4,0.0,2,2,5,5,0.09988285794334706,0.09988285794334706,-6.938893903907228e-18,28
FD,0,6,8,19,Co,Cν,C,0.061400227356999085,0.6160714285714286,0.06366769346054209,0.7202380952380951,1,C,0.6,0.4,-0.19999999999999996,3,2,5,5,0.08185070287356824,0.06932179718370046,-0.01252890568986778,28
FD,0,6,8,19,Ni,FC,C,0.07780615099446078,0.6488095238095238,0.0785711164521744,0.7410714285714286,1,C,0.4,0.4,0.0,2,2,5,5,0.0544988546086615,0.046155147412578035,-0.008343707196083468,28
FD,0,6,8,19,Mn,Fν,Cν,0.10604635402387005,0.41071428571428575,0.12731724878177,0.7083333333333333,1,Cν,0.4,0.6,0.19999999999999996,2,3,5,5,0.14247785816150305,0.1263207165770833,-0.016157141584419762,28
FD,0,6,8,19,Pb,F,C,0.09659852609305772,0.3988095238095237,0.10280341352915252,0.4642857142857143,1,C,0.6,0.6,0.0,3,3,5,5,0.08752909066796483,0.12347798887990445,0.03594889821193963,28
FD,0,6,8,19,Cd,F,Cν,0.2903671568646374,0.23214285714285712,0.29933234864850977,0.5059523809523809,1,Cν,0.2,0.4,0.2,1,2,5,5,0.2541011667150764,0.3212009911232181,0.06709982440814172,28
FD,0,6,9,12,Fe,Cν,Cν,0.17205233505795745,0.6464285714285716,0.17205233505795745,0.6464285714285716,1,Cν,0.6666666666666666,0.6666666666666666,0.0,2,2,3,3,0.1177260648499546,0.1177260648499546,0.0,28
FD,0,6,9,12,Zn,F,F,0.1200225493194221,0.5005952380952381,0.1200225493194221,0.5005952380952381,1,F,1.0,1.0,0.0,3,3,3,3,0.06066899541910287,0.06066899541910287,0.0,28
FD,0,6,9,12,Cu,FC,F,0.1278187503509596,0.5613095238095238,0.14546652583893538,0.5809523809523809,1,F,0.3333333333333333,0.3333333333333333,0.0,1,1,3,3,0.11493452167383136,0.11804428665341035,0.0031097649795789883,28
FD,0,6,9,12,Cr,Cν,Cν,0.09159561027106855,0.6654761904761906,0.09159561027106855,0.6654761904761906,1,Cν,0.6666666666666666,0.6666666666666666,0.0,2,2,3,3,0.10031914836989311,0.10031914836989311,-6.938893903907228e-18,28
FD,0,6,9,12,Co,Cν,Cν,0.06405690938909311,0.682142857142857,0.06405690938909311,0.682142857142857,1,Cν,0.6666666666666666,0.6666666666666666,0.0,2,2,3,3,0.06613323192263007,0.06613323192263007,-6.938893903907228e-18,28
FD,0,6,9,12,Ni,C,Fν,0.07441589132363934,0.6035714285714285,0.0783378050710269,0.6839285714285713,1,Fν,0.3333333333333333,0.3333333333333333,0.0,1,1,3,3,0.0509115889219673,0.0802786248420514,0.029367035920084092,28
FD,0,6,9,12,Mn,FC,Cν,0.11881831582055292,0.47857142857142865,0.13542544168728668,0.5892857142857143,1,Cν,0.6666666666666666,0.6666666666666666,0.0,2,2,3,3,0.12238047559716618,0.10271081324737685,-0.019669662349789327,28
FD,0,6,9,12,Pb,Fν,C,0.07659540456879942,0.5702380952380951,0.10393101387884188,0.5928571428571427,1,C,0.6666666666666666,0.6666666666666666,0.0,2,2,3,3,0.17428797059422957,0.1563681122067479,-0.017919858387481655,28
FD,0,6,9,12,Cd,F,Cν,0.2763718335265438,0.22976190476190475,0.28626827603913313,0.3910714285714286,1,Cν,0.0,0.0,0.0,0,0,3,3,0.2614701926852444,0.25618236065755506,-0.005287832027689343,28
FD,0,6,10,11,Fe,Cν,Cν,0.13045165731586647,0.7476190476190476,0.13045165731586647,0.7476190476190476,1,Cν,0.6666666666666666,0.6666666666666666,0.0,2,2,3,3,0.28553948888685754,0.28553948888685754,0.0,28
FD,0,6,10,11,Zn,F,F,0.11849600640616867,0.5005952380952381,0.11849600640616867,0.5005952380952381,1,F,1.0,1.0,0.0,3,3,3,3,0.06561673322622616,0.06561673322622616,6.938893903907228e-18,28
FD,0,6,10,11,Cu,FC,F,0.12824486976026908,0.5613095238095238,0.13701106831180715,0.5809523809523809,1,F,0.3333333333333333,0.3333333333333333,0.0,1,1,3,3,0.1137736106041704,0.14952659780907945,0.03575298720490905,28
FD,0,6,10,11,Cr,Cν,Cν,0.0979550795742046,0.7011904761904763,0.0979550795742046,0.7011904761904763,1,Cν,0.6666666666666666,0.6666666666666666,0.0,2,2,3,3,0.06738966815475553,0.06738966815475553,6.938893903907228e-18,28
FD,0,6,10,11,Co,Cν,Cν,0.06339207318162768,0.6821428571428572,0.06339207318162768,0.6821428571428572,1,Cν,1.0,1.0,0.0,3,3,3,3,0.05599916663316471,0.05599916663316471,0.0,28
FD,0,6,10,11,Ni,C,C,0.061171306055357325,0.6749999999999999,0.061171306055357325,0.6749999999999999,1,C,0.3333333333333333,0.3333333333333333,0.0,1,1,3,3,0.10076722033780261,0.10076722033780261,0.0,28
FD,0,6,10,11,Mn,FC,Cν,0.08461274244235077,0.5928571428571427,0.1041391553115905,0.7011904761904763,1,Cν,0.3333333333333333,1.0,0.6666666666666667,1,3,3,3,0.2681659297716388,0.2525838559022346,-0.015582073869404217,28
FD,0,6,10,11,Pb,F,FC,0.08916759889804228,0.5416666666666665,0.09083026024352746,0.5922619047619048,1,FC,0.6666666666666666,0.6666666666666666,0.0,2,2,3,3,0.11451735333409982,0.12507183341062617,0.010554480076526346,28
FD,0,6,10,11,Cd,Cν,Cν,0.20927724419047683,0.47440476190476194,0.20927724419047683,0.47440476190476194,1,Cν,0.0,0.0,0.0,0,0,3,3,0.544570957806602,0.544570957806602,0.0,28
FD,0,7,8,11,Fe,Fν,Cν,0.12433229480206956,0.39523809523809544,0.12513474094791238,0.6690476190476191,1,Cν,0.3333333333333333,0.6666666666666666,0.3333333333333333,1,2,3,3,0.27510673348665443,0.2409200065013694,-0.03418672698528502,28
FD,0,7,8,11,Zn,F,F,0.11493528614096825,0.6595238095238096,0.11493528614096825,0.6595238095238096,1,F,0.6666666666666666,0.6666666666666666,0.0,2,2,3,3,0.08379140239558713,0.08379140239558713,0.0,28
FD,0,7,8,11,Cu,FC,Cν,0.131789319406108,0.5642857142857144,0.1909111819457811,0.6345238095238095,1,Cν,0.6666666666666666,0.0,-0.6666666666666666,2,0,3,3,0.11254610681305582,0.18059908629659682,0.068052979483541,28
FD,0,7,8,11,Cr,Cν,Cν,0.0999252505064445,0.6226190476190476,0.0999252505064445,0.6226190476190476,1,Cν,0.6666666666666666,0.6666666666666666,0.0,2,2,3,3,0.09619885588634752,0.09619885588634752,-6.938893903907228e-18,28
FD,0,7,8,11,Co,C,Cν,0.047413033680432363,0.6535714285714285,0.04899087605239207,0.7029761904761905,1,Cν,0.0,0.3333333333333333,0.3333333333333333,0,1,3,3,0.12322769471533696,0.11665047401582646,-0.0065772206995105,28
FD,0,7,8,11,Ni,C,Cν,0.06454547034590909,0.6833333333333332,0.06570525308002251,0.7404761904761904,1,Cν,0.0,0.0,0.0,0,0,3,3,0.09044454787354933,0.08774374916836933,-0.002700798705180002,28
FD,0,7,8,11,Mn,Fν,Cν,0.11235018887887467,0.4232142857142857,0.1332981676740233,0.6791666666666668,1,Cν,0.6666666666666666,0.6666666666666666,0.0,2,2,3,3,0.11932484620813272,0.12184257573003579,0.0025177295219030726,28
FD,0,7,8,11,Pb,F,Cν,0.09333529557091658,0.48690476190476184,0.11465908826721181,0.5636904761904761,1,Cν,0.6666666666666666,0.6666666666666666,0.0,2,2,3,3,0.0846437625231215,0.11634260441482995,0.03169884189170844,28
FD,0,7,8,11,Cd,F,F,0.30839446553246724,0.24345238095238092,0.30839446553246724,0.24345238095238092,1,F,0.6666666666666666,0.6666666666666666,0.0,2,2,3,3,0.21546346060376823,0.21546346060376823,0.0,28
FD,0,7,9,4,Fe,Cν,Cν,0.13085035305763634,0.6077380952380952,0.13085035305763634,0.6077380952380952,1,Cν,1.0,1.0,0.0,1,1,1,1,0.21766753513266102,0.21766753513266102,0.0,28
FD,0,7,9,4,Zn,F,F,0.1267424302802546,0.607142857142857,0.1267424302802546,0.607142857142857,1,F,1.0,1.0,0.0,1,1,1,1,0.02272314062443037,0.02272314062443037,0.0,28
FD,0,7,9,4,Cu,FC,F,0.12319187551806977,0.5505952380952382,0.13808645492221275,0.5809523809523809,1,F,1.0,1.0,0.0,1,1,1,1,0.12488538041758318,0.1297097379658444,0.0048243575482612155,28
FD,0,7,9,4,Cr,Cν,FC,0.09018726234825798,0.575,0.10318347684464754,0.5851190476190474,1,FC,1.0,1.0,0.0,1,1,1,1,0.11269121098930163,0.15855462341693066,0.045863412427629036,28
FD,0,7,9,4,Co,C,Cν,0.05580280227419759,0.5613095238095239,0.055879884598865386,0.7077380952380954,1,Cν,0.0,1.0,1.0,0,1,1,1,0.08507755278201973,0.0817879842789605,-0.003289568503059226,28
FD,0,7,9,4,Ni,Cν,Fν,0.06057962273341828,0.6428571428571427,0.0646428976091069,0.6529761904761904,1,Fν,0.0,0.0,0.0,0,0,1,1,0.10064844915595561,0.12423506729084344,0.023586618134887827,28
FD,0,7,9,4,Mn,FC,Cν,0.12124991919548411,0.4601190476190477,0.1371438342062225,0.6148809523809523,1,Cν,1.0,1.0,0.0,1,1,1,1,0.09672490503829034,0.1156581375849759,0.018933232546685552,28
FD,0,7,9,4,Pb,Fν,Cν,0.07757666355985855,0.655952380952381,0.10497712295364663,0.6732142857142859,1,Cν,0.0,0.0,0.0,0,0,1,1,0.15458914899909065,0.1710118110417947,0.01642266204270404,28
FD,0,7,9,4,Cd,F,F,0.2976022328563686,0.2720238095238095,0.2976022328563686,0.2720238095238095,1,F,1.0,1.0,0.0,1,1,1,1,0.2031331072575748,0.2031331072575748,0.0,28
FD,0,7,10,3,Fe,Cν,Cν,0.09728353839688524,0.6375,0.09728353839688524,0.6375,1,Cν,0.0,0.0,0.0,0,0,1,1,0.3761992717227266,0.3761992717227266,0.0,28
FD,0,7,10,3,Zn,F,F,0.12482790519050846,0.607142857142857,0.12482790519050846,0.607142857142857,1,F,1.0,1.0,0.0,1,1,1,1,0.0306905439564798,0.0306905439564798,0.0,28
FD,0,7,10,3,Cu,FC,Fν,0.12276431068166335,0.5505952380952382,0.13244941024957424,0.5880952380952381,1,Fν,1.0,1.0,0.0,1,1,1,1,0.12792173591935557,0.17904820546091793,0.05112646954156236,28
FD,0,7,10,3,Cr,Cν,Cν,0.1020310717005153,0.6345238095238095,0.1020310717005153,0.6345238095238095,1,Cν,1.0,1.0,0.0,1,1,1,1,0.06378639328038421,0.06378639328038421,0.0,28
FD,0,7,10,3,Co,C,Cν,0.05555618299770533,0.5375,0.05599384285629567,0.6839285714285716,1,Cν,1.0,1.0,0.0,1,1,1,1,0.085633425780614,0.08087044705255941,-0.00476297872805459,28
FD,0,7,10,3,Ni,C,Cν,0.04927201477002024,0.619642857142857,0.04949633686021033,0.6714285714285714,1,Cν,0.0,0.0,0.0,0,0,1,1,0.14092581635756163,0.13797213348890297,-0.002953682868658658,28
FD,0,7,10,3,Mn,FC,Cν,0.0864459617788489,0.5553571428571429,0.10113326873583593,0.6148809523809523,1,Cν,0.0,0.0,0.0,0,0,1,1,0.25749063095653746,0.2888136262766784,0.031322995320140934,28
FD,0,7,10,3,Pb,F,FC,0.09060641510930952,0.6035714285714285,0.09092953513810711,0.630357142857143,1,FC,0.0,0.0,0.0,0,0,1,1,0.09791499525155506,0.10752994355956053,0.009614948308005467,28
FD,0,7,10,3,Cd,C,F,0.24428006294730853,0.2738095238095238,0.24481265994482954,0.39702380952380956,1,F,0.0,0.0,0.0,0,0,1,1,0.3883482335424957,0.37501056181696846,-0.0133376717255273,28
FD,0,8,9,11,Fe,Fν,C,0.14958701935888238,0.5559523809523811,0.15382341141077527,0.6196428571428572,1,C,0.0,0.0,0.0,0,0,3,3,0.1744669539758325,0.16685230251726788,-0.007614651458564631,28
FD,0,8,9,11,Zn,FC,F,0.11563878406402495,0.5345238095238095,0.11660157339904702,0.5761904761904761,1,F,0.3333333333333333,0.3333333333333333,0.0,1,1,3,3,0.07075439828325246,0.07112226887709,0.00036787059383754095,28
FD,0,8,9,11,Cu,FC,FC,0.12132433660145912,0.5285714285714287,0.12132433660145912,0.5285714285714287,1,FC,0.3333333333333333,0.3333333333333333,0.0,1,1,3,3,0.15995340325314625,0.15995340325314625,0.0,28
FD,0,8,9,11,Cr,Cν,Cν,0.09242586919985629,0.6583333333333333,0.09242586919985629,0.6583333333333333,1,Cν,0.6666666666666666,0.6666666666666666,0.0,2,2,3,3,0.142942926154394,0.142942926154394,0.0,28
FD,0,8,9,11,Co,C,Cν,0.06514631790344161,0.6892857142857142,0.07024074851752705,0.750595238095238,1,Cν,0.0,0.3333333333333333,0.3333333333333333,0,1,3,3,0.055515317132769526,0.054959686455553984,-0.000555630677215542,28
FD,0,8,9,11,Ni,Fν,Cν,0.0685245496497043,0.7386904761904762,0.0755993117861561,0.7595238095238095,1,Cν,0.3333333333333333,0.0,-0.3333333333333333,1,0,3,3,0.09780168044731953,0.07621723014252683,-0.021584450304792696,28
FD,0,8,9,11,Mn,Fν,Cν,0.09433767220039813,0.5363095238095238,0.12335104284387045,0.6529761904761905,1,Cν,0.3333333333333333,0.3333333333333333,0.0,1,1,3,3,0.1871855859601144,0.13664389862829374,-0.050541687331820656,28
FD,0,8,9,11,Pb,Fν,Cν,0.06744078872029352,0.5821428571428571,0.09755727271389407,0.6827380952380953,1,Cν,0.3333333333333333,0.3333333333333333,0.0,1,1,3,3,0.1858821942076853,0.17263158620674438,-0.013250608000940911,28
FD,0,8,9,11,Cd,F,F,0.28576134538480186,0.2791666666666666,0.28576134538480186,0.2791666666666666,1,F,0.3333333333333333,0.3333333333333333,0.0,1,1,3,3,0.3202951450104212,0.3202951450104212,-2.7755575615628914e-17,28
FD,0,8,10,10,Fe,C,Cν,0.12991723831052593,0.6255952380952381,0.12992109703071297,0.6928571428571431,1,Cν,0.0,0.3333333333333333,0.3333333333333333,0,1,3,3,0.26816153509846974,0.25828601111134886,-0.009875523987120882,28
FD,0,8,10,10,Zn,F,F,0.11450072713919217,0.5761904761904761,0.11450072713919217,0.5761904761904761,1,F,0.3333333333333333,0.3333333333333333,0.0,1,1,3,3,0.08040556026049533,0.08040556026049533,0.0,28
FD,0,8,10,10,Cu,Fν,Cν,0.11325430618370254,0.5702380952380953,0.17828816335160083,0.6166666666666666,1,Cν,0.3333333333333333,0.3333333333333333,0.0,1,1,3,3,0.2531493043903607,0.19627434850682474,-0.05687495588353597,28
FD,0,8,10,10,Cr,Cν,Cν,0.10585448134239782,0.705952380952381,0.10585448134239782,0.705952380952381,1,Cν,0.3333333333333333,0.3333333333333333,0.0,1,1,3,3,0.0798238796225871,0.0798238796225871,0.0,28
FD,0,8,10,10,Co,Fν,Cν,0.0620896225642002,0.6226190476190475,0.06662058424740035,0.7744047619047618,1,Cν,0.6666666666666666,0.3333333333333333,-0.3333333333333333,2,1,3,3,0.08506642513336332,0.05385495376909619,-0.031211471364267142,28
FD,0,8,10,10,Ni,C,Cν,0.05648608834885547,0.7666666666666666,0.05907915922600922,0.7738095238095237,1,Cν,0.0,0.0,0.0,0,0,3,3,0.11787578064556957,0.11548970866507434,-0.00238607198049523,28
FD,0,8,10,10,Mn,FC,Cν,0.07598505494058462,0.6124999999999999,0.09419631144725141,0.7148809523809525,1,Cν,0.3333333333333333,0.3333333333333333,0.0,1,1,3,3,0.28866783746033897,0.28124046851465323,-0.007427368945685742,28
FD,0,8,10,10,Pb,F,FC,0.08309523011803507,0.5226190476190475,0.08493289316260717,0.5464285714285714,1,FC,0.6666666666666666,0.6666666666666666,0.0,2,2,3,3,0.1172865448986661,0.12280994834409412,0.00552340344542801,28
FD,0,8,10,10,Cd,F,F,0.23808264275933663,0.3803571428571429,0.23808264275933663,0.3803571428571429,1,F,0.3333333333333333,0.3333333333333333,0.0,1,1,3,3,0.43467406550702703,0.43467406550702703,-5.551115123125783e-17,28
FD,0,9,10,3,Fe,C,Cν,0.1350724285111538,0.536904761904762,0.13562836599954736,0.6434523809523809,1,Cν,0.0,1.0,1.0,0,1,1,1,0.27442688513845026,0.24891922164344027,-0.02550766349500999,28
FD,0,9,10,3,Zn,Fν,F,0.12134829129346643,0.4910714285714285,0.12520880165670736,0.5357142857142857,1,F,1.0,1.0,0.0,1,1,1,1,0.09628158495096312,0.026730408895414337,-0.06955117605554878,28
FD,0,9,10,3,Cu,FC,FC,0.11244074909303839,0.5267857142857144,0.11244074909303839,0.5267857142857144,1,FC,1.0,1.0,0.0,1,1,1,1,0.1678266511069899,0.1678266511069899,0.0,28
FD,0,9,10,3,Cr,Cν,Cν,0.0981233214605016,0.6273809523809524,0.0981233214605016,0.6273809523809524,1,Cν,1.0,1.0,0.0,1,1,1,1,0.08736529874443838,0.08736529874443838,0.0,28
FD,0,9,10,3,Co,Fν,Cν,0.06760386187502561,0.5380952380952381,0.0699503131401979,0.7244047619047621,1,Cν,0.0,0.0,0.0,0,0,1,1,0.05835565338099402,0.030898330584122502,-0.02745732279687152,28
FD,0,9,10,3,Ni,C,Cν,0.05258189192925837,0.631547619047619,0.05285799410182031,0.7023809523809523,1,Cν,0.0,1.0,1.0,0,1,1,1,0.12960256465408676,0.1347036645348743,0.005101099880787552,28
FD,0,9,10,3,Mn,FC,Cν,0.07376788533078663,0.5482142857142858,0.10052784265522233,0.6458333333333334,1,Cν,0.0,1.0,1.0,0,1,1,1,0.2942312841529484,0.2722330018390634,-0.02199828231388501,28
FD,0,9,10,3,Pb,Fν,FC,0.06337991445231231,0.6440476190476191,0.06342749212629925,0.675,1,FC,0.0,0.0,0.0,0,0,1,1,0.20885345266404975,0.21018634405409098,0.0013328913900412243,28
FD,0,9,10,3,Cd,F,F,0.22216824976026786,0.42083333333333334,0.22216824976026786,0.42083333333333334,1,F,0.0,0.0,0.0,0,0,1,1,0.46746364376845845,0.46746364376845845,0.0,28
logHF,0,1,2,6,Fe,Cν,Cν,0.18382081953248947,0.5976190476190476,0.18382081953248947,0.5976190476190476,1,Cν,1.0,1.0,0.0,2,2,2,2,0.05741924810255561,0.05741924810255561,0.0,28
logHF,0,1,2,6,Zn,F,F,0.11071710845260714,0.7738095238095237,0.11071710845260714,0.7738095238095237,1,F,0.0,0.0,0.0,0,0,2,2,0.11967408838126284,0.11967408838126284,0.0,28
logHF,0,1,2,6,Cu,F,F,0.1167724785948555,0.6404761904761903,0.1167724785948555,0.6404761904761903,1,F,0.5,0.5,0.0,1,1,2,2,0.20425268430190743,0.20425268430190743,0.0,28
logHF,0,1,2,6,Cr,Cν,Cν,0.0998383541552956,0.7404761904761905,0.0998383541552956,0.7404761904761905,1,Cν,0.5,0.5,0.0,1,1,2,2,0.07475336680445033,0.07475336680445033,0.0,28
logHF,0,1,2,6,Co,C,Cν,0.06413491839720634,0.5166666666666667,0.06469792591682323,0.7333333333333332,1,Cν,0.5,0.5,0.0,1,1,2,2,0.056221076878980814,0.05285955751885402,-0.0033615193601267968,28
logHF,0,1,2,6,Ni,C,Cν,0.07559766032111855,0.5333333333333334,0.0767726074168031,0.5833333333333334,1,Cν,0.5,0.5,0.0,1,1,2,2,0.04250660298678369,0.04537776536762961,0.002871162380845921,28
logHF,0,1,2,6,Mn,FC,Cν,0.1400531297701737,0.6119047619047616,0.14824675280682245,0.6785714285714285,1,Cν,0.5,0.5,0.0,1,1,2,2,0.03575538668068223,0.08654074314014937,0.050785356459467135,28
logHF,0,1,2,6,Pb,F,Cν,0.09544600808660493,0.45476190476190465,0.12729974709028496,0.5261904761904761,1,Cν,1.0,1.0,0.0,2,2,2,2,0.07945416143622813,0.10043537983809525,0.02098121840186712,28
logHF,0,1,2,6,Cd,F,F,0.3088103981650219,0.3761904761904762,0.3088103981650219,0.3761904761904762,1,F,0.5,0.5,0.0,1,1,2,2,0.11922812742061911,0.11922812742061911,0.0,28
logHF,0,1,3,13,Fe,C,Cν,0.18025092951615101,0.43571428571428567,0.180409530322774,0.6809523809523809,1,Cν,0.5,0.5,0.0,2,2,4,4,0.1253299298082843,0.1096262283280936,-0.015703701480190707,28
logHF,0,1,3,13,Zn,F,F,0.11017939222839386,0.6285714285714284,0.11017939222839386,0.6285714285714284,1,F,0.75,0.75,0.0,3,3,4,4,0.11352928422293328,0.11352928422293328,0.0,28
logHF,0,1,3,13,Cu,FC,F,0.1309355307286187,0.38333333333333336,0.1316679196058193,0.49047619047619057,2,F|Fν,1.0,0.75,-0.25,4,3,4,4,0.14170773603572212,0.18073705685668923,0.03902932082096709,28
logHF,0,1,3,13,Cr,Cν,Cν,0.10001058789182317,0.7523809523809525,0.10001058789182317,0.7523809523809525,1,Cν,0.25,0.25,0.0,1,1,4,4,0.09793905429708422,0.09793905429708422,0.0,28
logHF,0,1,3,13,Co,C,Cν,0.06578454412780266,0.55,0.06636166785909778,0.7047619047619047,1,Cν,0.5,0.5,0.0,2,2,4,4,0.059048805644650273,0.05696873462661509,-0.002080071018035177,28
logHF,0,1,3,13,Ni,C,Cν,0.07455617632114739,0.561904761904762,0.07522020541671338,0.6214285714285716,1,Cν,0.75,0.75,0.0,3,3,4,4,0.058352629436833586,0.0587389579118724,0.0003863284750388121,28
logHF,0,1,3,13,Mn,FC,Cν,0.1424886149055666,0.5333333333333333,0.14935893241260653,0.7166666666666667,1,Cν,0.75,0.5,-0.25,3,2,4,4,0.05982398010207233,0.09149130164477168,0.03166732154269935,28
logHF,0,1,3,13,Pb,F,C,0.09578304290952437,0.3904761904761904,0.12886733270082662,0.4857142857142856,1,C,1.0,0.5,-0.5,4,2,4,4,0.08809160193388074,0.10306182601436067,0.01497022408047994,28
logHF,0,1,3,13,Cd,F,F,0.29823488696836614,0.3761904761904762,0.29823488696836614,0.3761904761904762,2,F|FC,0.5,0.5,0.0,2,2,4,4,0.22257999236429665,0.22257999236429665,0.0,28
logHF,0,1,4,6,Fe,Cν,Cν,0.18147706362605362,0.5619047619047619,0.18147706362605362,0.5619047619047619,1,Cν,1.0,1.0,0.0,2,2,2,2,0.07273116405377622,0.07273116405377622,0.0,28
logHF,0,1,4,6,Zn,F,F,0.09054585142035007,0.6547619047619045,0.09054585142035007,0.6547619047619045,1,F,0.5,0.5,0.0,1,1,2,2,0.15091818135619745,0.15091818135619745,0.0,28
logHF,0,1,4,6,Cu,FC,F,0.11222527530257355,0.5000000000000001,0.1270716805946636,0.5333333333333334,1,F,1.0,0.5,-0.5,2,1,2,2,0.16028133127089686,0.16971541854055094,0.009434087269654085,28
logHF,0,1,4,6,Cr,Cν,Cν,0.09969129219771078,0.7,0.09969129219771078,0.7,1,Cν,0.5,0.5,0.0,1,1,2,2,0.07919573299865085,0.07919573299865085,0.0,28
logHF,0,1,4,6,Co,Cν,Cν,0.06391642106901547,0.769047619047619,0.06391642106901547,0.769047619047619,1,Cν,0.5,0.5,0.0,1,1,2,2,0.059506813058152974,0.059506813058152974,0.0,28
logHF,0,1,4,6,Ni,C,Cν,0.07568611373422342,0.5333333333333334,0.07625931838214024,0.6428571428571429,1,Cν,0.5,0.5,0.0,1,1,2,2,0.04222618615963669,0.04788324588418902,0.005657059724552327,28
logHF,0,1,4,6,Mn,Fν,Cν,0.1400747517872445,0.4595238095238094,0.15259951407598954,0.6238095238095236,1,Cν,0.0,0.5,0.5,0,1,2,2,0.08265877755372797,0.07310514419899905,-0.009553633354728919,28
logHF,0,1,4,6,Pb,F,Cν,0.097862923038697,0.5023809523809522,0.13109740007166,0.55,1,Cν,0.5,0.5,0.0,1,1,2,2,0.07087856412781623,0.07916048635533746,0.008281922227521221,28
logHF,0,1,4,6,Cd,F,F,0.24665740286547697,0.25,0.24665740286547697,0.25,1,F,0.5,0.5,0.0,1,1,2,2,0.3385650946177263,0.3385650946177263,0.0,28
logHF,0,1,5,6,Fe,Cν,Cν,0.1781082598810674,0.5857142857142857,0.1781082598810674,0.5857142857142857,1,Cν,0.5,0.5,0.0,1,1,2,2,0.08627842867156843,0.08627842867156843,0.0,28
logHF,0,1,5,6,Zn,F,F,0.10033833922339729,0.6547619047619045,0.10033833922339729,0.6547619047619045,2,F|FC,0.0,0.0,0.0,0,0,2,2,0.12657786363844345,0.12657786363844345,0.0,28
logHF,0,1,5,6,Cu,FC,FC,0.11444744570468983,0.5714285714285714,0.11444744570468983,0.5714285714285714,1,FC,1.0,1.0,0.0,2,2,2,2,0.15081457508134122,0.15081457508134122,0.0,28
logHF,0,1,5,6,Cr,Cν,Cν,0.08862974203498487,0.6571428571428571,0.08862974203498487,0.6571428571428571,1,Cν,0.5,0.5,0.0,1,1,2,2,0.1115149830795168,0.1115149830795168,0.0,28
logHF,0,1,5,6,Co,C,Cν,0.06135224213177755,0.5523809523809524,0.06347325150807485,0.7285714285714285,1,Cν,0.5,0.5,0.0,1,1,2,2,0.06618371217413554,0.05915366720790713,-0.007030044966228416,28
logHF,0,1,5,6,Ni,C,Cν,0.07095682306310726,0.604761904761905,0.07333217924570844,0.6547619047619048,1,Cν,0.5,0.5,0.0,1,1,2,2,0.05997193582685495,0.055535725798811664,-0.004436210028043286,28
logHF,0,1,5,6,Mn,FC,Cν,0.13467398294039606,0.4976190476190476,0.14830751953418794,0.6357142857142856,1,Cν,0.5,0.5,0.0,1,1,2,2,0.06382848645784939,0.09010779042560851,0.026279303967759127,28
logHF,0,1,5,6,Pb,F,FC,0.09639668209790829,0.5499999999999997,0.10283536001049945,0.5738095238095237,1,FC,0.5,0.5,0.0,1,1,2,2,0.07449463966904224,0.079765739456503,0.005271099787460765,28
logHF,0,1,5,6,Cd,F,F,0.29353496587279376,0.4119047619047619,0.29353496587279376,0.4119047619047619,1,F,0.5,0.5,0.0,1,1,2,2,0.18500893605598873,0.18500893605598873,1.3877787807814457e-17,28
logHF,0,1,6,14,Fe,Cν,Cν,0.17255057005556224,0.7119047619047619,0.17255057005556224,0.7119047619047619,1,Cν,0.75,0.75,0.0,3,3,4,4,0.12552367281980334,0.12552367281980334,0.0,28
logHF,0,1,6,14,Zn,F,F,0.1144637542578283,0.5928571428571429,0.1144637542578283,0.5928571428571429,1,F,0.75,0.75,0.0,3,3,4,4,0.0922475923886136,0.0922475923886136,-6.938893903907228e-18,28
logHF,0,1,6,14,Cu,FC,F,0.12113699455441376,0.4928571428571429,0.13442101013769117,0.5928571428571429,1,F,0.5,0.5,0.0,2,2,4,4,0.12817902361257744,0.14047918954020427,0.012300165927626852,28
logHF,0,1,6,14,Cr,Cν,Cν,0.09084021218408915,0.7666666666666667,0.09084021218408915,0.7666666666666667,1,Cν,0.75,0.75,0.0,3,3,4,4,0.0964217399532455,0.0964217399532455,0.0,28
logHF,0,1,6,14,Co,Cν,Cν,0.061882283773197,0.7119047619047619,0.061882283773197,0.7119047619047619,1,Cν,0.75,0.75,0.0,3,3,4,4,0.06986465581291976,0.06986465581291976,-6.938893903907228e-18,28
logHF,0,1,6,14,Ni,C,C,0.07713442670224999,0.6452380952380953,0.07713442670224999,0.6452380952380953,1,C,0.75,0.75,0.0,3,3,4,4,0.044600260668835025,0.044600260668835025,0.0,28
logHF,0,1,6,14,Mn,FC,Cν,0.13890973878748916,0.5214285714285715,0.14766891386102296,0.7119047619047619,1,Cν,0.5,0.75,0.25,2,3,4,4,0.05662341055225735,0.07592572837071496,0.019302317818457607,28
logHF,0,1,6,14,Pb,F,C,0.09580732210784612,0.42857142857142844,0.12569388066504864,0.4499999999999999,1,C,0.5,0.5,0.0,2,2,4,4,0.09395684761769986,0.08144835866461464,-0.01250848895308522,28
logHF,0,1,6,14,Cd,F,Cν,0.2697850656189685,0.2714285714285714,0.2824896711032032,0.3523809523809524,1,Cν,0.25,0.0,-0.25,1,0,4,4,0.25497196423425483,0.24946943941270042,-0.005502524821554389,28
logHF,0,1,7,6,Fe,Cν,Cν,0.1352316111095376,0.5976190476190476,0.1352316111095376,0.5976190476190476,1,Cν,0.5,0.5,0.0,1,1,2,2,0.21801075666858288,0.21801075666858288,0.0,28
logHF,0,1,7,6,Zn,F,F,0.11891799475761963,0.6904761904761904,0.11891799475761963,0.6904761904761904,1,F,0.5,0.5,0.0,1,1,2,2,0.0708237057983098,0.0708237057983098,0.0,28
logHF,0,1,7,6,Cu,FC,F,0.1213416404562941,0.47619047619047633,0.13280334728912818,0.5690476190476191,1,F,1.0,0.5,-0.5,2,1,2,2,0.12142380594827856,0.14107297637711028,0.019649170428831714,28
logHF,0,1,7,6,Cr,Cν,Cν,0.09530469645934078,0.6642857142857143,0.09530469645934078,0.6642857142857143,1,Cν,0.5,0.5,0.0,1,1,2,2,0.08722148361435289,0.08722148361435289,0.0,28
logHF,0,1,7,6,Co,C,Cν,0.05051477366614378,0.5880952380952381,0.05178573388846181,0.680952380952381,1,Cν,0.5,0.5,0.0,1,1,2,2,0.10687873527643785,0.09959840845677459,-0.0072803268196632576,28
logHF,0,1,7,6,Ni,C,Cν,0.06445014964843056,0.5928571428571427,0.06523427675054842,0.6904761904761906,1,Cν,0.5,0.5,0.0,1,1,2,2,0.08235437388253339,0.07957310264512654,-0.002781271237406846,28
logHF,0,1,7,6,Mn,FC,Cν,0.13908798507304204,0.4976190476190477,0.146079147543659,0.6404761904761903,1,Cν,0.5,0.5,0.0,1,1,2,2,0.044218642244082895,0.10440261080039698,0.06018396855631408,28
logHF,0,1,7,6,Pb,F,FC,0.0963989262284748,0.5142857142857141,0.10294091637265643,0.5380952380952378,1,FC,0.5,0.5,0.0,1,1,2,2,0.07667774222962986,0.08227027607970902,0.005592533850079157,28
logHF,0,1,7,6,Cd,F,F,0.3043526799036914,0.3642857142857144,0.3043526799036914,0.3642857142857144,1,F,0.5,0.5,0.0,1,1,2,2,0.1426082269327453,0.1426082269327453,0.0,28
logHF,0,1,8,13,Fe,Fν,Cν,0.1610440953022798,0.5380952380952382,0.16908860070537143,0.680952380952381,1,Cν,0.25,0.5,0.25,1,2,4,4,0.15668102156609953,0.1140467949507876,-0.04263422661531195,28
logHF,0,1,8,13,Zn,FC,F,0.1108372698997292,0.6714285714285715,0.11105754160894561,0.6833333333333333,1,F,0.5,0.5,0.0,2,2,4,4,0.11801290481368525,0.11740567542809574,-0.0006072293855895056,28
logHF,0,1,8,13,Cu,FC,Cν,0.119691241346445,0.46904761904761916,0.1666561098890918,0.569047619047619,1,Cν,0.75,0.25,-0.5,3,1,4,4,0.14193686859077093,0.19163445627584924,0.04969758768507833,28
logHF,0,1,8,13,Cr,Cν,Cν,0.09996269676570267,0.7238095238095239,0.09996269676570267,0.7238095238095239,1,Cν,0.5,0.5,0.0,2,2,4,4,0.0992209952813306,0.0992209952813306,0.0,28
logHF,0,1,8,13,Co,C,Cν,0.060255735539596574,0.7071428571428571,0.06262552417083382,0.830952380952381,1,Cν,0.25,0.5,0.25,1,2,4,4,0.07601900025178668,0.07093106121028953,-0.005087939041497146,28
logHF,0,1,8,13,Ni,C,Cν,0.07298388332790526,0.7309523809523808,0.07517814480785241,0.7738095238095237,1,Cν,0.25,0.5,0.25,1,2,4,4,0.05941788365535454,0.06057164565525183,0.0011537619998972931,28
logHF,0,1,8,13,Mn,Fν,Cν,0.11638639631340951,0.3785714285714285,0.13626190488801385,0.7238095238095238,1,Cν,0.5,0.5,0.0,2,2,4,4,0.11614387089943227,0.10846216286962612,-0.007681708029806153,28
logHF,0,1,8,13,Pb,F,Cν,0.0876177030832371,0.4095238095238094,0.11822755993710732,0.5071428571428572,1,Cν,0.5,0.5,0.0,2,2,4,4,0.11103449306416932,0.10978790126007484,-0.0012465918040944768,28
logHF,0,1,8,13,Cd,F,F,0.2960692748580037,0.3595238095238096,0.2960692748580037,0.3595238095238096,1,F,0.5,0.5,0.0,2,2,4,4,0.21337513476805103,0.21337513476805103,0.0,28
logHF,0,1,9,6,Fe,C,Cν,0.17215502882877884,0.4714285714285714,0.17373248191669122,0.5857142857142855,1,Cν,1.0,1.0,0.0,2,2,2,2,0.1232664068234493,0.09553498031782431,-0.02773142650562499,28
logHF,0,1,9,6,Zn,F,F,0.12127181752704538,0.6190476190476188,0.12127181752704538,0.6190476190476188,1,F,0.5,0.5,0.0,1,1,2,2,0.055932458571698485,0.055932458571698485,0.0,28
logHF,0,1,9,6,Cu,FC,F,0.11146846619332813,0.4523809523809525,0.12534388970444135,0.4976190476190477,1,F,1.0,1.0,0.0,2,2,2,2,0.1580838406162571,0.16920182613435691,0.01111798551809981,28
logHF,0,1,9,6,Cr,Cν,Cν,0.0914227357310303,0.6571428571428571,0.0914227357310303,0.6571428571428571,1,Cν,0.5,0.5,0.0,1,1,2,2,0.11119252710720243,0.11119252710720243,0.0,28
logHF,0,1,9,6,Co,Cν,Cν,0.06591314730660804,0.7880952380952381,0.06591314730660804,0.7880952380952381,1,Cν,0.5,0.5,0.0,1,1,2,2,0.05038778240569888,0.05038778240569888,0.0,28
logHF,0,1,9,6,Ni,Cν,Cν,0.06958390011219286,0.7023809523809522,0.06958390011219286,0.7023809523809522,1,Cν,0.5,0.5,0.0,1,1,2,2,0.07074888499680393,0.07074888499680393,0.0,28
logHF,0,1,9,6,Mn,FC,Cν,0.12450518630360308,0.47380952380952385,0.1428682244492408,0.6476190476190476,1,Cν,0.5,0.5,0.0,1,1,2,2,0.09062721868871926,0.09733631303168389,0.006709094342964628,28
logHF,0,1,9,6,Pb,Fν,Cν,0.07033413662610015,0.6023809523809522,0.1067124646497249,0.6857142857142858,1,Cν,0.5,0.5,0.0,1,1,2,2,0.18495494148361735,0.17323214627148975,-0.011722795212127601,28
logHF,0,1,9,6,Cd,F,F,0.2817236226894861,0.37619047619047624,0.2817236226894861,0.37619047619047624,1,F,0.5,0.5,0.0,1,1,2,2,0.23505707344106902,0.23505707344106902,0.0,28
logHF,0,1,10,5,Fe,Cν,Cν,0.1379880390802654,0.6333333333333332,0.1379880390802654,0.6333333333333332,1,Cν,0.5,0.5,0.0,1,1,2,2,0.2542161793904966,0.2542161793904966,0.0,28
logHF,0,1,10,5,Zn,F,F,0.11869176838104345,0.6190476190476188,0.11869176838104345,0.6190476190476188,1,F,0.5,0.5,0.0,1,1,2,2,0.06797314549024824,0.06797314549024824,0.0,28
logHF,0,1,10,5,Cu,FC,Cν,0.11200868602412427,0.4523809523809525,0.15416712092865706,0.5095238095238096,1,Cν,1.0,0.5,-0.5,2,1,2,2,0.15812794270806557,0.20126389939608635,0.04313595668802078,28
logHF,0,1,10,5,Cr,Cν,Cν,0.10426518488018623,0.7119047619047619,0.10426518488018623,0.7119047619047619,1,Cν,0.5,0.5,0.0,1,1,2,2,0.057301459652871034,0.057301459652871034,0.0,28
logHF,0,1,10,5,Co,Fν,Cν,0.06256858960086437,0.5499999999999999,0.06679739628789355,0.7928571428571429,1,Cν,0.0,0.5,0.5,0,1,2,2,0.07661050291286875,0.04512802199108629,-0.03148248092178246,28
logHF,0,1,10,5,Ni,C,Cν,0.05644420415333183,0.6761904761904761,0.05808399697675639,0.7023809523809523,1,Cν,0.5,0.5,0.0,1,1,2,2,0.11525047449114653,0.11353331570592354,-0.0017171587852229941,28
logHF,0,1,10,5,Mn,FC,Cν,0.08875661406529214,0.5809523809523809,0.10645116297150611,0.6785714285714285,1,Cν,0.5,0.5,0.0,1,1,2,2,0.2523995892681172,0.27265814545448147,0.020258556186364296,28
logHF,0,1,10,5,Pb,F,FC,0.08337907821633886,0.5499999999999998,0.08672493327983256,0.5976190476190475,1,FC,0.5,0.5,0.0,1,1,2,2,0.12420021107424323,0.13953597990529315,0.015335768831049923,28
logHF,0,1,10,5,Cd,C,F,0.2181159124900459,0.2976190476190476,0.21852479231752375,0.4238095238095238,1,F,0.0,0.0,0.0,0,0,2,2,0.46563924478016094,0.47370895350686604,0.008069708726705094,28
logHF,0,2,3,11,Fe,Cν,Cν,0.18302497094024955,0.6720238095238094,0.18302497094024955,0.6720238095238094,1,Cν,0.3333333333333333,0.3333333333333333,0.0,1,1,3,3,0.07851796876414047,0.07851796876414047,0.0,28
logHF,0,2,3,11,Zn,F,F,0.10605720721148273,0.6970238095238095,0.10605720721148273,0.6970238095238095,1,F,0.6666666666666666,0.6666666666666666,0.0,2,2,3,3,0.12609973426830068,0.12609973426830068,-1.3877787807814457e-17,28
logHF,0,2,3,11,Cu,F,F,0.1416981838040501,0.6422619047619048,0.1416981838040501,0.6422619047619048,2,F|Fν,0.6666666666666666,0.6666666666666666,0.0,2,2,3,3,0.13421641107285415,0.13421641107285415,1.3877787807814457e-17,28
logHF,0,2,3,11,Cr,Cν,Cν,0.10602626610099704,0.7345238095238095,0.10602626610099704,0.7345238095238095,1,Cν,0.3333333333333333,0.3333333333333333,0.0,1,1,3,3,0.07854096440669318,0.07854096440669318,0.0,28
logHF,0,2,3,11,Co,FC,Cν,0.06509163980526324,0.5410714285714286,0.06711174346864944,0.6720238095238094,1,Cν,0.3333333333333333,1.0,0.6666666666666667,1,3,3,3,0.0859824915016916,0.04676229086652953,-0.03922020063516207,28
logHF,0,2,3,11,Ni,C,Cν,0.07770511773877624,0.4726190476190477,0.07931438892217489,0.5410714285714285,1,Cν,1.0,1.0,0.0,3,3,3,3,0.04083724529108897,0.0396472408458916,-0.00119000444519737,28
logHF,0,2,3,11,Mn,FC,Cν,0.13056636849799885,0.5958333333333332,0.14320523454596554,0.7077380952380953,1,Cν,0.6666666666666666,0.3333333333333333,-0.3333333333333333,2,1,3,3,0.09614227484924562,0.09542885817406,-0.0007134166751856241,28
logHF,0,2,3,11,Pb,F,C,0.10630886403576807,0.3845238095238095,0.12252249101977808,0.5273809523809523,1,C,1.0,0.6666666666666666,-0.33333333333333337,3,2,3,3,0.054688863109054506,0.11976760030883093,0.06507873719977643,28
logHF,0,2,3,11,Cd,C,Fν,0.3204530351452712,0.1958333333333333,0.34677191116000433,0.3166666666666666,1,Fν,0.3333333333333333,0.0,-0.3333333333333333,1,0,3,3,0.14313653242312352,0.15834323850638046,0.015206706083256943,28
logHF,0,2,4,4,Fe,Cν,Cν,0.18592261373288035,0.5708333333333332,0.18592261373288035,0.5708333333333332,1,Cν,1.0,1.0,0.0,1,1,1,1,0.03996483985346022,0.03996483985346022,0.0,28
logHF,0,2,4,4,Zn,F,F,0.08662092305186524,0.7083333333333333,0.08662092305186524,0.7083333333333333,1,F,0.0,0.0,0.0,0,0,1,1,0.16336848563540451,0.16336848563540451,0.0,28
logHF,0,2,4,4,Cu,FC,F,0.12902254723317277,0.630952380952381,0.13762071051502747,0.6702380952380952,1,F,0.0,0.0,0.0,0,0,1,1,0.09829783512960466,0.12579501426220846,0.0274971791326038,28
logHF,0,2,4,4,Cr,Cν,Cν,0.10431119266636034,0.7059523809523809,0.10431119266636034,0.7059523809523809,1,Cν,0.0,0.0,0.0,0,0,1,1,0.06265139689633714,0.06265139689633714,0.0,28
logHF,0,2,4,4,Co,Cν,Cν,0.06579169167003077,0.688690476190476,0.06579169167003077,0.688690476190476,1,Cν,1.0,1.0,0.0,1,1,1,1,0.04654659366457936,0.04654659366457936,0.0,28
logHF,0,2,4,4,Ni,C,Cν,0.0793613549919182,0.4529761904761906,0.08048020633992621,0.5476190476190476,1,Cν,1.0,1.0,0.0,1,1,1,1,0.025715088777094164,0.028958139835115693,0.003243051058021529,28
logHF,0,2,4,4,Mn,Fν,Cν,0.13034436583674594,0.46845238095238084,0.1494612538545085,0.6029761904761904,1,Cν,1.0,1.0,0.0,1,1,1,1,0.1119973083051885,0.07102898637086419,-0.040968321934324314,28
logHF,0,2,4,4,Pb,F,Cν,0.10762301778116524,0.5142857142857141,0.12987565522461864,0.5886904761904761,1,Cν,1.0,1.0,0.0,1,1,1,1,0.031824469795189936,0.0826883877854161,0.05086391799022616,28
logHF,0,2,4,4,Cd,F,F,0.2686587939492996,0.2577380952380952,0.2686587939492996,0.2577380952380952,1,F,0.0,0.0,0.0,0,0,1,1,0.2875791950450612,0.2875791950450612,0.0,28
logHF,0,2,5,4,Fe,Cν,Cν,0.18291517036379812,0.6005952380952381,0.18291517036379812,0.6005952380952381,1,Cν,1.0,1.0,0.0,1,1,1,1,0.05066184010476438,0.05066184010476438,0.0,28
logHF,0,2,5,4,Zn,F,F,0.09580821190291967,0.7261904761904762,0.09580821190291967,0.7261904761904762,1,F,0.0,0.0,0.0,0,0,1,1,0.1392444125173974,0.1392444125173974,0.0,28
logHF,0,2,5,4,Cu,FC,FC,0.13108783886592032,0.7142857142857143,0.13108783886592032,0.7142857142857143,1,FC,0.0,0.0,0.0,0,0,1,1,0.10238294194619507,0.10238294194619507,0.0,28
logHF,0,2,5,4,Cr,Cν,Cν,0.09382490424639356,0.6702380952380952,0.09382490424639356,0.6702380952380952,1,Cν,1.0,1.0,0.0,1,1,1,1,0.09261402737465813,0.09261402737465813,0.0,28
logHF,0,2,5,4,Co,C,Cν,0.06373999266710124,0.4541666666666668,0.06533603262189318,0.6410714285714285,1,Cν,1.0,1.0,0.0,1,1,1,1,0.05537249292363844,0.04777450408978351,-0.0075979888338549295,28
logHF,0,2,5,4,Ni,C,Cν,0.07426495409612903,0.5244047619047619,0.07646089655133004,0.5714285714285714,1,Cν,1.0,1.0,0.0,1,1,1,1,0.04404061215035676,0.04076378079298698,-0.0032768313573697805,28
logHF,0,2,5,4,Mn,FC,Cν,0.13294879156781442,0.5333333333333334,0.14452692510581802,0.6267857142857142,1,Cν,0.0,1.0,1.0,0,1,1,1,0.05942620821491218,0.09104202189159927,0.03161581367668709,28
logHF,0,2,5,4,Pb,F,FC,0.10509059823939337,0.526190476190476,0.10822720708623478,0.5291666666666665,1,FC,0.0,0.0,0.0,0,0,1,1,0.043712031938790696,0.04290931648075935,-0.0008027154580313445,28
logHF,0,2,5,4,Cd,F,F,0.3159841777475688,0.3125,0.3159841777475688,0.3125,1,F,0.0,0.0,0.0,0,0,1,1,0.12274659605328905,0.12274659605328905,0.0,28
logHF,0,2,6,12,Fe,Cν,Cν,0.17209441091465294,0.6583333333333332,0.17209441091465294,0.6583333333333332,1,Cν,0.6666666666666666,0.6666666666666666,0.0,2,2,3,3,0.11222192743510717,0.11222192743510717,0.0,28
logHF,0,2,6,12,Zn,F,F,0.11062039807530898,0.6613095238095237,0.11062039807530898,0.6613095238095237,1,F,0.6666666666666666,0.6666666666666666,0.0,2,2,3,3,0.1057895102293773,0.1057895102293773,-6.938893903907228e-18,28
logHF,0,2,6,12,Cu,FC,F,0.138991796156245,0.6773809523809523,0.14539313121361347,0.7416666666666666,1,F,0.6666666666666666,0.3333333333333333,-0.3333333333333333,2,1,3,3,0.08357717954125628,0.1139207636318945,0.030343584090638226,28
logHF,0,2,6,12,Cr,Cν,Cν,0.09234167711154252,0.7488095238095239,0.09234167711154252,0.7488095238095239,1,Cν,0.6666666666666666,0.6666666666666666,0.0,2,2,3,3,0.08919158145421702,0.08919158145421702,0.0,28
logHF,0,2,6,12,Co,Cν,Cν,0.06290205475113235,0.6345238095238095,0.06290205475113235,0.6345238095238095,1,Cν,0.6666666666666666,0.6666666666666666,0.0,2,2,3,3,0.05883065164137567,0.05883065164137567,0.0,28
logHF,0,2,6,12,Ni,C,C,0.08060556700468575,0.5440476190476191,0.08060556700468575,0.5440476190476191,1,C,0.6666666666666666,0.6666666666666666,0.0,2,2,3,3,0.028837946263090285,0.028837946263090285,0.0,28
logHF,0,2,6,12,Mn,FC,Cν,0.1345812830561889,0.6148809523809524,0.14458692448536997,0.6154761904761904,1,Cν,0.3333333333333333,0.6666666666666666,0.3333333333333333,1,2,3,3,0.062120934210527314,0.07308992597455624,0.010968991764028928,28
logHF,0,2,6,12,Pb,F,C,0.10470358422653123,0.42857142857142844,0.12287770082644668,0.4916666666666666,1,C,0.6666666666666666,0.6666666666666666,0.0,2,2,3,3,0.056716997901467,0.08770234171513996,0.03098534381367296,28
logHF,0,2,6,12,Cd,Cν,Cν,0.29823732137156916,0.4089285714285714,0.29823732137156916,0.4089285714285714,1,Cν,0.0,0.0,0.0,0,0,3,3,0.22286363849999843,0.22286363849999843,0.0,28
logHF,0,2,7,4,Fe,Cν,Cν,0.14337136894354868,0.6124999999999999,0.14337136894354868,0.6124999999999999,1,Cν,1.0,1.0,0.0,1,1,1,1,0.17023323078491048,0.17023323078491048,0.0,28
logHF,0,2,7,4,Zn,F,F,0.11534977585034223,0.744047619047619,0.11534977585034223,0.744047619047619,1,F,0.0,0.0,0.0,0,0,1,1,0.0799695770471694,0.0799695770471694,0.0,28
logHF,0,2,7,4,Cu,FC,F,0.1351036098413095,0.6547619047619048,0.14072546461598723,0.7059523809523807,1,F,0.0,0.0,0.0,0,0,1,1,0.08858885447929071,0.11715545144023448,0.02856659696094377,28
logHF,0,2,7,4,Cr,Cν,Cν,0.10087894845407407,0.6702380952380952,0.10087894845407407,0.6702380952380952,1,Cν,1.0,1.0,0.0,1,1,1,1,0.06642696581953172,0.06642696581953172,0.0,28
logHF,0,2,7,4,Co,C,Cν,0.0511786092342827,0.4898809523809525,0.052368171690500336,0.6601190476190476,1,Cν,1.0,1.0,0.0,1,1,1,1,0.1022864582373475,0.09443238212582677,-0.007854076111520725,28
logHF,0,2,7,4,Ni,C,Cν,0.06765007416064668,0.5125000000000001,0.06827955493975102,0.6,1,Cν,1.0,1.0,0.0,1,1,1,1,0.07289288120514714,0.06931449217413738,-0.0035783890310097655,28
logHF,0,2,7,4,Mn,FC,Cν,0.13677299833836015,0.5333333333333334,0.14285655096726343,0.6267857142857142,1,Cν,0.0,1.0,1.0,0,1,1,1,0.042525026206844174,0.10120022930868822,0.05867520310184404,28
logHF,0,2,7,4,Pb,F,Cν,0.10620247596703776,0.526190476190476,0.12535481470100313,0.6172619047619047,1,Cν,1.0,1.0,0.0,1,1,1,1,0.0386803614854786,0.0982418983895813,0.05956153690410271,28
logHF,0,2,7,4,Cd,F,F,0.3245526428528767,0.26488095238095233,0.3245526428528767,0.26488095238095233,1,F,1.0,1.0,0.0,1,1,1,1,0.08916769090250448,0.08916769090250448,0.0,28
logHF,0,2,8,11,Fe,Fν,Cν,0.16419191729449661,0.4011904761904762,0.17054468374447015,0.6303571428571428,1,Cν,0.3333333333333333,0.3333333333333333,0.0,1,1,3,3,0.12837688102081124,0.09556874952174843,-0.03280813149906282,28
logHF,0,2,8,11,Zn,F,F,0.106146932049935,0.7607142857142858,0.106146932049935,0.7607142857142858,1,F,0.6666666666666666,0.6666666666666666,0.0,2,2,3,3,0.12905929903566693,0.12905929903566693,0.0,28
logHF,0,2,8,11,Cu,FC,Cν,0.13418803702710094,0.6446428571428573,0.1664507577178749,0.7119047619047618,1,Cν,0.6666666666666666,0.3333333333333333,-0.3333333333333333,2,1,3,3,0.10218209112342728,0.21229583384499162,0.11011374272156434,28
logHF,0,2,8,11,Cr,Cν,Cν,0.10399650707972279,0.729761904761905,0.10399650707972279,0.729761904761905,1,Cν,0.3333333333333333,0.3333333333333333,0.0,1,1,3,3,0.0854484456082527,0.0854484456082527,0.0,28
logHF,0,2,8,11,Co,C,Cν,0.060766113939335294,0.5940476190476193,0.06286802254879155,0.7029761904761906,1,Cν,0.3333333333333333,0.3333333333333333,0.0,1,1,3,3,0.07190658244523185,0.06713166861889386,-0.004774913826337997,28
logHF,0,2,8,11,Ni,C,Cν,0.07599640767416561,0.6357142857142856,0.07861476640956179,0.6785714285714286,1,Cν,0.3333333333333333,0.3333333333333333,0.0,1,1,3,3,0.045040406591345124,0.04374196753938023,-0.0012984390519648961,28
logHF,0,2,8,11,Mn,Fν,Cν,0.1093226033412031,0.3874999999999999,0.1317131524149354,0.6363095238095237,1,Cν,0.3333333333333333,0.3333333333333333,0.0,1,1,3,3,0.13638901051573243,0.11311834205253748,-0.023270668463194963,28
logHF,0,2,8,11,Pb,F,Cν,0.09718736624423581,0.4214285714285713,0.11917542236266584,0.5220238095238096,1,Cν,1.0,0.6666666666666666,-0.33333333333333337,3,2,3,3,0.06621229304622517,0.10122840005409393,0.03501610700786876,28
logHF,0,2,8,11,Cd,F,F,0.3103034823449531,0.2196428571428571,0.3103034823449531,0.2196428571428571,1,F,0.3333333333333333,0.3333333333333333,0.0,1,1,3,3,0.20282877899802157,0.20282877899802157,0.0,28
logHF,0,2,9,4,Fe,FC,Cν,0.1777830721819444,0.5351190476190476,0.1781233992781191,0.5470238095238095,1,Cν,1.0,0.0,-1.0,1,0,1,1,0.11543556081900797,0.06424324231096046,-0.05119231850804751,28
logHF,0,2,9,4,Zn,F,F,0.11668131123298342,0.6726190476190476,0.11668131123298342,0.6726190476190476,1,F,0.0,0.0,0.0,0,0,1,1,0.07052200193885139,0.07052200193885139,0.0,28
logHF,0,2,9,4,Cu,FC,F,0.1256939583434297,0.5952380952380952,0.13350638890553476,0.6166666666666668,1,F,0.0,0.0,0.0,0,0,1,1,0.12302155776709567,0.14266438086424488,0.01964282309714921,28
logHF,0,2,9,4,Cr,Cν,Cν,0.09572485940778078,0.6511904761904761,0.09572485940778078,0.6511904761904761,1,Cν,1.0,1.0,0.0,1,1,1,1,0.0954197332546628,0.0954197332546628,0.0,28
logHF,0,2,9,4,Co,Cν,Cν,0.0677349020220013,0.6934523809523808,0.0677349020220013,0.6934523809523808,1,Cν,1.0,1.0,0.0,1,1,1,1,0.038101037226487,0.038101037226487,0.0,28
logHF,0,2,9,4,Ni,C,Cν,0.07278130078307805,0.5244047619047619,0.07300385421544285,0.619047619047619,1,Cν,1.0,1.0,0.0,1,1,1,1,0.05076273371964474,0.055561577880194724,0.0047988441605499865,28
logHF,0,2,9,4,Mn,FC,Cν,0.1202826800091579,0.5452380952380953,0.13967031419361178,0.5982142857142856,1,Cν,1.0,0.0,-1.0,1,0,1,1,0.09680041471065493,0.09590372548757331,-0.0008966892230816148,28
logHF,0,2,9,4,Pb,Fν,Cν,0.07987909670804184,0.5666666666666665,0.10221480102038592,0.6720238095238095,1,Cν,0.0,0.0,0.0,0,0,1,1,0.14557623097507022,0.19059431601101223,0.04501808503594201,28
logHF,0,2,9,4,Cd,F,F,0.2995337145472524,0.2767857142857143,0.2995337145472524,0.2767857142857143,1,F,0.0,0.0,0.0,0,0,1,1,0.19254441909940131,0.19254441909940131,0.0,28
logHF,0,2,10,3,Fe,Cν,Cν,0.14322293277499534,0.6482142857142855,0.14322293277499534,0.6482142857142855,1,Cν,1.0,1.0,0.0,1,1,1,1,0.2193491453699562,0.2193491453699562,0.0,28
logHF,0,2,10,3,Zn,F,F,0.11442968869313382,0.6726190476190476,0.11442968869313382,0.6726190476190476,1,F,0.0,0.0,0.0,0,0,1,1,0.08032076657915632,0.08032076657915632,0.0,28
logHF,0,2,10,3,Cu,FC,Cν,0.12459520986814236,0.5952380952380952,0.1506075916682991,0.6553571428571426,1,Cν,0.0,0.0,0.0,0,0,1,1,0.12759759614536825,0.2355407931223037,0.10794319697693544,28
logHF,0,2,10,3,Cr,Cν,Cν,0.10805671438372967,0.694047619047619,0.10805671438372967,0.694047619047619,1,Cν,0.0,0.0,0.0,0,0,1,1,0.04357913076124309,0.04357913076124309,0.0,28
logHF,0,2,10,3,Co,Fν,Cν,0.06510705379514939,0.41904761904761906,0.06679559787972704,0.7053571428571427,1,Cν,1.0,1.0,0.0,1,1,1,1,0.07005979296759796,0.040328386275731765,-0.02973140669186619,28
logHF,0,2,10,3,Ni,C,Cν,0.0605984578785585,0.5958333333333334,0.06211309841423126,0.630952380952381,1,Cν,1.0,1.0,0.0,1,1,1,1,0.09642318680642126,0.09562757111918913,-0.0007956156872321318,28
logHF,0,2,10,3,Mn,FC,FC,0.08854604452681107,0.6642857142857144,0.08854604452681107,0.6642857142857144,1,FC,0.0,0.0,0.0,0,0,1,1,0.23946134377404205,0.23946134377404205,0.0,28
logHF,0,2,10,3,Pb,F,FC,0.09197992913274858,0.526190476190476,0.09213069838305098,0.5529761904761903,1,FC,0.0,0.0,0.0,0,0,1,1,0.09433412474651504,0.1070940625504414,0.012759937803926369,28
logHF,0,2,10,3,Cd,C,F,0.24428511856687332,0.34523809523809523,0.24858382178836,0.38511904761904764,1,F,0.0,0.0,0.0,0,0,1,1,0.3841576829504231,0.3546386633523566,-0.029519019598066465,28
logHF,0,3,4,11,Fe,Cν,Cν,0.18205666222867278,0.6363095238095237,0.18205666222867278,0.6363095238095237,1,Cν,0.3333333333333333,0.3333333333333333,0.0,1,1,3,3,0.09303969667351658,0.09303969667351658,0.0,28
logHF,0,3,4,11,Zn,F,F,0.07947500788793353,0.5601190476190476,0.07947500788793353,0.5601190476190476,1,F,0.6666666666666666,0.6666666666666666,0.0,2,2,3,3,0.1951054323303479,0.1951054323303479,0.0,28
logHF,0,3,4,11,Cu,FC,Cν,0.13345511537020324,0.4934523809523811,0.17306915309974943,0.5541666666666667,1,Cν,0.6666666666666666,1.0,0.33333333333333337,2,3,3,3,0.10965481556042966,0.16156068476197333,0.051905869201543664,28
logHF,0,3,4,11,Cr,Cν,Cν,0.1009486037419064,0.6869047619047619,0.1009486037419064,0.6869047619047619,1,Cν,0.6666666666666666,0.6666666666666666,0.0,2,2,3,3,0.10683013032266718,0.10683013032266718,0.0,28
logHF,0,3,4,11,Co,Cν,Cν,0.06748655125183119,0.6958333333333332,0.06748655125183119,0.6958333333333332,1,Cν,0.6666666666666666,0.6666666666666666,0.0,2,2,3,3,0.05094715898006013,0.05094715898006013,0.0,28
logHF,0,3,4,11,Ni,C,Cν,0.0778004712062976,0.4726190476190477,0.079115821358698,0.5410714285714285,1,Cν,1.0,1.0,0.0,3,3,3,3,0.04007871378823251,0.04136462091522707,0.0012859071269945635,28
logHF,0,3,4,11,Mn,Fν,Cν,0.13670334125584674,0.5113095238095238,0.14991716961618348,0.6482142857142856,1,Cν,0.3333333333333333,0.3333333333333333,0.0,1,1,3,3,0.12231588460878513,0.07481998701311779,-0.047495897595667344,28
logHF,0,3,4,11,Pb,F,C,0.1054558202339398,0.44999999999999984,0.13054726765290722,0.5452380952380951,1,C,1.0,0.3333333333333333,-0.6666666666666667,3,1,3,3,0.055932460535101564,0.08454595066273862,0.02861349012763706,28
logHF,0,3,4,11,Cd,C,F,0.25830166892223116,0.15119047619047618,0.26334804154249164,0.26011904761904764,1,F,0.0,0.3333333333333333,0.3333333333333333,0,1,3,3,0.34650743483992164,0.3354728007882133,-0.011034634051708347,28
logHF,0,3,5,11,Fe,C,Cν,0.17728802183662687,0.45952380952380956,0.1788217989072781,0.6779761904761904,1,Cν,0.3333333333333333,0.3333333333333333,0.0,1,1,3,3,0.12626073746033406,0.10441651819319013,-0.02184421926714393,28
logHF,0,3,5,11,Zn,F,F,0.09135865178559957,0.5779761904761905,0.09135865178559957,0.5779761904761905,1,F,0.6666666666666666,0.6666666666666666,0.0,2,2,3,3,0.15837314925355667,0.15837314925355667,0.0,28
logHF,0,3,5,11,Cu,FC,FC,0.1349617586525623,0.5648809523809525,0.1349617586525623,0.5648809523809525,1,FC,0.6666666666666666,0.6666666666666666,0.0,2,2,3,3,0.11226189061152102,0.11226189061152102,0.0,28
logHF,0,3,5,11,Cr,Cν,Cν,0.0921651824070088,0.6511904761904762,0.0921651824070088,0.6511904761904762,1,Cν,0.6666666666666666,0.6666666666666666,0.0,2,2,3,3,0.13179969202703365,0.13179969202703365,0.0,28
logHF,0,3,5,11,Co,C,Cν,0.06630924392562385,0.47559523809523824,0.06772642779049777,0.6124999999999999,1,Cν,0.6666666666666666,0.6666666666666666,0.0,2,2,3,3,0.0513223353186048,0.04703173666323996,-0.004290598655364838,28
logHF,0,3,5,11,Ni,C,Cν,0.0732283029204499,0.5321428571428573,0.07516018365609414,0.5648809523809524,1,Cν,0.6666666666666666,0.6666666666666666,0.0,2,2,3,3,0.05587179981052018,0.0528277286560085,-0.00304407115451168,28
logHF,0,3,5,11,Mn,FC,Cν,0.13231742644667835,0.4886904761904762,0.14424140166824936,0.6482142857142856,1,Cν,0.6666666666666666,0.3333333333333333,-0.3333333333333333,2,1,3,3,0.08222377701321729,0.09813878075644894,0.015915003743231654,28
logHF,0,3,5,11,Pb,F,C,0.10095970931893916,0.4857142857142856,0.1257707537461684,0.563095238095238,1,C,0.6666666666666666,0.6666666666666666,0.0,2,2,3,3,0.07692751821984362,0.11002194737134927,0.03309442915150565,28
logHF,0,3,5,11,Cd,C,F,0.31105158989607096,0.23154761904761906,0.3112924125461121,0.35535714285714287,1,F,0.3333333333333333,0.3333333333333333,0.0,1,1,3,3,0.17957315929053613,0.18370232817793516,0.004129168887399046,28
logHF,0,3,6,19,Fe,Cν,Cν,0.1759294734003331,0.7857142857142858,0.1759294734003331,0.7857142857142858,1,Cν,0.6,0.6,0.0,3,3,5,5,0.15218553439713223,0.15218553439713223,0.0,28
logHF,0,3,6,19,Zn,Fν,F,0.11009697695249629,0.34523809523809523,0.11013816204274687,0.49404761904761907,1,F,0.8,0.8,0.0,4,4,5,5,0.1098447163828183,0.1359790483196917,0.02613433193687341,28
logHF,0,3,6,19,Cu,FC,F,0.13968033802737903,0.5208333333333334,0.15564433131071548,0.5922619047619049,1,F,0.8,0.6,-0.20000000000000007,4,3,5,5,0.10624207982776868,0.10699737821629901,0.0007552983885303344,28
logHF,0,3,6,19,Cr,Cν,Cν,0.07404376932211919,0.7202380952380955,0.07404376932211919,0.7202380952380955,1,Cν,0.6,0.6,0.0,3,3,5,5,0.16394912418156424,0.16394912418156424,0.0,28
logHF,0,3,6,19,Co,C,Cν,0.06791147903440474,0.5684523809523809,0.06822963101256328,0.6845238095238095,1,Cν,0.8,0.8,0.0,4,4,5,5,0.06810132183222345,0.06619558813064191,-0.0019057337015815426,28
logHF,0,3,6,19,Ni,C,C,0.07982798743101642,0.5684523809523809,0.07982798743101642,0.5684523809523809,2,F|C,0.8,0.8,0.0,4,4,5,5,0.046424090940258234,0.046424090940258234,3.469446951953614e-18,28
logHF,0,3,6,19,Mn,F,Cν,0.13888843520866007,0.4226190476190476,0.147010011301889,0.693452380952381,1,Cν,0.2,0.8,0.6000000000000001,1,4,5,5,0.13734673902231215,0.08426291170826586,-0.05308382731404629,28
logHF,0,3,6,19,Pb,F,C,0.1048731626169224,0.369047619047619,0.1274754528571676,0.49999999999999994,1,C,0.8,0.4,-0.4,4,2,5,5,0.0782141098821542,0.0976596154618676,0.019445505579713404,28
logHF,0,3,6,19,Cd,Cν,Cν,0.292556501783105,0.4166666666666667,0.292556501783105,0.4166666666666667,1,Cν,0.2,0.2,0.0,1,1,5,5,0.25331130657310313,0.25331130657310313,0.0,28
logHF,0,3,7,11,Fe,Cν,Cν,0.13160538274011732,0.6779761904761904,0.13160538274011732,0.6779761904761904,1,Cν,0.3333333333333333,0.3333333333333333,0.0,1,1,3,3,0.2324064199521017,0.2324064199521017,0.0,28
logHF,0,3,7,11,Zn,F,F,0.1157423249492048,0.5958333333333333,0.1157423249492048,0.5958333333333333,1,F,0.6666666666666666,0.6666666666666666,0.0,2,2,3,3,0.07678472486186322,0.07678472486186322,0.0,28
logHF,0,3,7,11,Cu,FC,F,0.13981764546292894,0.4815476190476192,0.14839792830070092,0.5708333333333334,1,F,1.0,0.6666666666666666,-0.33333333333333337,3,2,3,3,0.09575912366899789,0.11388030313404937,0.018121179465051485,28
logHF,0,3,7,11,Cr,Cν,Cν,0.09656004474870163,0.6511904761904762,0.09656004474870163,0.6511904761904762,1,Cν,0.6666666666666666,0.6666666666666666,0.0,2,2,3,3,0.11406362022472688,0.11406362022472688,-6.938893903907228e-18,28
logHF,0,3,7,11,Co,C,Cν,0.05452836138985383,0.5113095238095239,0.05526547563867785,0.600595238095238,1,Cν,0.6666666666666666,0.6666666666666666,0.0,2,2,3,3,0.09280680346072023,0.08857823522916702,-0.004228568231553209,28
logHF,0,3,7,11,Ni,C,Cν,0.06614850314995042,0.5321428571428573,0.06754697788887377,0.6053571428571428,1,Cν,1.0,1.0,0.0,3,3,3,3,0.07721095303934339,0.07530626764230224,-0.00190468539704116,28
logHF,0,3,7,11,Mn,FC,Cν,0.13577511299635617,0.4886904761904762,0.14410541817566952,0.6720238095238095,1,Cν,0.6666666666666666,0.3333333333333333,-0.3333333333333333,2,1,3,3,0.06849314058173281,0.10346657534061612,0.034973434758883315,28
logHF,0,3,7,11,Pb,F,C,0.10504081904340597,0.44999999999999984,0.12758546854995875,0.5095238095238094,1,C,0.6666666666666666,0.3333333333333333,-0.3333333333333333,2,1,3,3,0.058119331533107554,0.09830512665056274,0.04018579511745518,28
logHF,0,3,7,11,Cd,C,Fν,0.31931710676340375,0.17202380952380952,0.34692745984373746,0.28095238095238095,1,Fν,0.3333333333333333,0.0,-0.3333333333333333,1,0,3,3,0.14512079638303432,0.16329436092587843,0.018173564542844106,28
logHF,0,3,8,18,Fe,Fν,Cν,0.15463769965571444,0.4226190476190478,0.17774472514324074,0.7053571428571429,1,Cν,0.2,0.4,0.2,1,2,5,5,0.21263388427668892,0.15227927485293785,-0.060354609423751066,28
logHF,0,3,8,18,Zn,F,F,0.10593269945744425,0.5863095238095237,0.10593269945744425,0.5863095238095237,1,F,0.6,0.6,0.0,3,3,5,5,0.1342550591882128,0.1342550591882128,0.0,28
logHF,0,3,8,18,Cu,FC,F,0.13908790917048677,0.4642857142857144,0.14601650548578046,0.5357142857142858,1,F,0.8,0.6,-0.20000000000000007,4,3,5,5,0.10822330307378836,0.12344932619254315,0.015226023118754789,28
logHF,0,3,8,18,Cr,C,Cν,0.11099004893622903,0.5654761904761905,0.11317486636946353,0.7202380952380952,1,Cν,0.4,0.6,0.19999999999999996,2,3,5,5,0.12536357232227738,0.106659724386493,-0.01870384793578437,28
logHF,0,3,8,18,Co,C,Cν,0.06425107521899873,0.636904761904762,0.07157308324160308,0.7202380952380952,1,Cν,0.6,0.8,0.20000000000000007,3,4,5,5,0.0662765366351318,0.06336855465512788,-0.002907981980003936,28
logHF,0,3,8,18,Ni,C,C,0.07586451449499032,0.6577380952380951,0.07586451449499032,0.6577380952380951,2,C|Cν,0.4,0.4,0.0,2,2,5,5,0.057164918229745246,0.057164918229745246,0.0,28
logHF,0,3,8,18,Mn,Fν,Cν,0.11003393971330366,0.43749999999999994,0.13177503572235127,0.7172619047619048,1,Cν,0.2,0.6,0.39999999999999997,1,3,5,5,0.16028738425443934,0.13141193650431082,-0.0288754477501285,28
logHF,0,3,8,18,Pb,F,C,0.09500810307640503,0.3571428571428571,0.10868665357227832,0.49999999999999994,1,C,1.0,0.6,-0.4,5,3,5,5,0.08531046883890742,0.12098924862697046,0.035678779788063046,28
logHF,0,3,8,18,Cd,FC,F,0.3097781662087847,0.3333333333333333,0.31309331989510936,0.33630952380952384,1,F,0.2,0.6,0.39999999999999997,1,3,5,5,0.3085131880415938,0.25272163277665183,-0.05579155526494198,28
logHF,0,3,9,11,Fe,C,Cν,0.1672884535973585,0.536904761904762,0.17631364941057306,0.6601190476190476,1,Cν,0.6666666666666666,0.6666666666666666,0.0,2,2,3,3,0.15683927488791044,0.12600405886917693,-0.030835216018733527,28
logHF,0,3,9,11,Zn,F,F,0.1133498766412374,0.5363095238095238,0.1133498766412374,0.5363095238095238,1,F,1.0,1.0,0.0,3,3,3,3,0.08907347979848083,0.08907347979848083,0.0,28
logHF,0,3,9,11,Cu,FC,F,0.13053633347363197,0.45773809523809533,0.14205451428189922,0.49345238095238103,2,F|Fν,1.0,1.0,0.0,3,3,3,3,0.12696731546359202,0.1338945997478614,0.006927284284269378,28
logHF,0,3,9,11,Cr,Cν,Cν,0.09977385630921491,0.6392857142857141,0.09977385630921491,0.6392857142857141,1,Cν,0.6666666666666666,0.6666666666666666,0.0,2,2,3,3,0.11683931845083381,0.11683931845083381,-6.938893903907228e-18,28
logHF,0,3,9,11,Co,C,Cν,0.0697016997093293,0.5470238095238097,0.0720684499783203,0.707738095238095,1,Cν,0.6666666666666666,0.6666666666666666,0.0,2,2,3,3,0.04165092153620019,0.042343998256568524,0.0006930767203683387,28
logHF,0,3,9,11,Ni,C,Fν,0.07179962173053132,0.5321428571428573,0.08037106261245953,0.655952380952381,1,Fν,0.6666666666666666,0.6666666666666666,0.0,2,2,3,3,0.06002000170584702,0.08453604124935586,0.02451603954350884,28
logHF,0,3,9,11,Mn,FC,Cν,0.12204437779872561,0.42916666666666664,0.13736872204924958,0.6577380952380952,1,Cν,0.6666666666666666,0.6666666666666666,0.0,2,2,3,3,0.1279185274984137,0.11079175527583207,-0.017126772222581632,28
logHF,0,3,9,11,Pb,F,Cν,0.07769882992246409,0.4857142857142856,0.10825808850925984,0.6380952380952379,1,Cν,0.6666666666666666,0.6666666666666666,0.0,2,2,3,3,0.16912300652992557,0.20142748982401035,0.03230448329408478,28
logHF,0,3,9,11,Cd,Fν,Fν,0.28742652985975287,0.3607142857142857,0.28742652985975287,0.3607142857142857,1,Fν,0.0,0.0,0.0,0,0,3,3,0.38977958580268296,0.38977958580268296,0.0,28
logHF,0,3,10,10,Fe,Cν,Cν,0.13990028700348012,0.7136904761904762,0.13990028700348012,0.7136904761904762,1,Cν,0.3333333333333333,0.3333333333333333,0.0,1,1,3,3,0.2689170398424054,0.2689170398424054,0.0,28
logHF,0,3,10,10,Zn,Fν,F,0.11039420260423127,0.49166666666666664,0.11262622805462628,0.5363095238095238,1,F,1.0,1.0,0.0,3,3,3,3,0.10455429046738464,0.09011431336112499,-0.014439977106259647,28
logHF,0,3,10,10,Cu,FC,F,0.13134173360945686,0.45773809523809533,0.13471378184936003,0.49345238095238103,1,F,1.0,1.0,0.0,3,3,3,3,0.1255774134031257,0.16237272716828685,0.03679531376516115,28
logHF,0,3,10,10,Cr,Cν,Cν,0.10645235904542073,0.6869047619047618,0.10645235904542073,0.6869047619047618,1,Cν,0.3333333333333333,0.3333333333333333,0.0,1,1,3,3,0.07909832428036746,0.07909832428036746,0.0,28
logHF,0,3,10,10,Co,Fν,Cν,0.0640538443230754,0.4279761904761905,0.06885541768391494,0.731547619047619,1,Cν,0.6666666666666666,1.0,0.33333333333333337,2,3,3,3,0.07338159370314869,0.04164117292229662,-0.03174042078085207,28
logHF,0,3,10,10,Ni,C,Cν,0.05819593117895589,0.6035714285714286,0.059762108279873875,0.6124999999999999,1,Cν,0.6666666666666666,0.6666666666666666,0.0,2,2,3,3,0.1131126327747541,0.11175743071605428,-0.0013552020586998226,28
logHF,0,3,10,10,Mn,FC,Cν,0.08450693105120356,0.5839285714285714,0.10503106234434105,0.6482142857142856,1,Cν,0.6666666666666666,0.3333333333333333,-0.3333333333333333,2,1,3,3,0.27921232135279295,0.27116638720448677,-0.008045934148306177,28
logHF,0,3,10,10,Pb,F,C,0.08785951468902299,0.4857142857142856,0.11652312752246807,0.5273809523809522,1,C,0.6666666666666666,0.6666666666666666,0.0,2,2,3,3,0.12912242090757814,0.1485542255855984,0.019431804678020248,28
logHF,0,3,10,10,Cd,C,F,0.23629689298422094,0.30892857142857144,0.23685299862862477,0.43273809523809526,1,F,0.3333333333333333,0.3333333333333333,0.0,1,1,3,3,0.4342834387165796,0.442979784334186,0.008696345617606405,28
logHF,0,4,5,4,Fe,Cν,Cν,0.18042278507649548,0.5648809523809524,0.18042278507649548,0.5648809523809524,1,Cν,1.0,1.0,0.0,1,1,1,1,0.06631889023419824,0.06631889023419824,0.0,28
logHF,0,4,5,4,Zn,F,F,0.07675913193856265,0.6249999999999999,0.07675913193856265,0.6249999999999999,1,F,1.0,1.0,0.0,1,1,1,1,0.19456816752104283,0.19456816752104283,0.0,28
logHF,0,4,5,4,Cu,FC,Fν,0.1205547171873547,0.5833333333333333,0.15216599053266125,0.6000000000000002,1,Fν,0.0,1.0,1.0,0,1,1,1,0.1275993491018485,0.10463212672380784,-0.022967222378040664,28
logHF,0,4,5,4,Cr,Cν,Cν,0.09118492784559029,0.6226190476190475,0.09118492784559029,0.6226190476190475,1,Cν,1.0,1.0,0.0,1,1,1,1,0.1060265146998069,0.1060265146998069,0.0,28
logHF,0,4,5,4,Co,C,Cν,0.0638941845944855,0.5613095238095239,0.06462329138399944,0.6767857142857141,1,Cν,1.0,1.0,0.0,1,1,1,1,0.05515347358690742,0.05300890830563704,-0.002144565281270383,28
logHF,0,4,5,4,Ni,C,Cν,0.0746598692564521,0.5244047619047619,0.07633358292991545,0.5714285714285714,1,Cν,1.0,1.0,0.0,1,1,1,1,0.043706981969264536,0.04240081711251176,-0.0013061648567527784,28
logHF,0,4,5,4,Mn,FC,Cν,0.13400087804914132,0.5095238095238096,0.14969722932165005,0.5720238095238095,1,Cν,1.0,1.0,0.0,1,1,1,1,0.06048112260395144,0.07350043544550222,0.013019312841550779,28
logHF,0,4,5,4,Pb,F,FC,0.10512201947241769,0.5916666666666666,0.10768421474234721,0.606547619047619,1,FC,0.0,0.0,0.0,0,0,1,1,0.039301594163700715,0.040278928453685414,0.0009773342899846993,28
logHF,0,4,5,4,Cd,F,F,0.2603077707000763,0.26488095238095233,0.2603077707000763,0.26488095238095233,1,F,0.0,0.0,0.0,0,0,1,1,0.32098239531397305,0.32098239531397305,0.0,28
logHF,0,4,6,12,Fe,Cν,Cν,0.16797942439030636,0.6583333333333334,0.16797942439030636,0.6583333333333334,1,Cν,0.6666666666666666,0.6666666666666666,0.0,2,2,3,3,0.13273350853313198,0.13273350853313198,1.3877787807814457e-17,28
logHF,0,4,6,12,Zn,F,F,0.09010881792422827,0.5363095238095238,0.09010881792422827,0.5363095238095238,1,F,1.0,1.0,0.0,3,3,3,3,0.15775899911946145,0.15775899911946145,-1.3877787807814457e-17,28
logHF,0,4,6,12,Cu,FC,F,0.12796976007428332,0.594047619047619,0.14972810831783998,0.6345238095238095,1,F,0.3333333333333333,0.3333333333333333,0.0,1,1,3,3,0.10613246872085244,0.09130575531354848,-0.014826713407303967,28
logHF,0,4,6,12,Cr,Cν,Cν,0.0952111145211042,0.7059523809523809,0.0952111145211042,0.7059523809523809,1,Cν,0.6666666666666666,0.6666666666666666,0.0,2,2,3,3,0.08139397504594177,0.08139397504594177,0.0,28
logHF,0,4,6,12,Co,Cν,Cν,0.05962552033646714,0.6464285714285714,0.05962552033646714,0.6464285714285714,1,Cν,1.0,1.0,0.0,3,3,3,3,0.0776281883272055,0.0776281883272055,6.938893903907228e-18,28
logHF,0,4,6,12,Ni,C,C,0.08070201219470365,0.544047619047619,0.08070201219470365,0.544047619047619,1,C,0.6666666666666666,0.6666666666666666,0.0,2,2,3,3,0.0286183846681894,0.0286183846681894,0.0,28
logHF,0,4,6,12,Mn,Fν,Cν,0.12984553930958673,0.5190476190476191,0.1435128576377302,0.6226190476190476,1,Cν,0.3333333333333333,1.0,0.6666666666666667,1,3,3,3,0.09957874842417411,0.08106036645681163,-0.01851838196736249,28
logHF,0,4,6,12,Pb,F,C,0.10602601840611023,0.4940476190476189,0.12731708323342025,0.5214285714285714,1,C,0.6666666666666666,0.6666666666666666,0.0,2,2,3,3,0.051330843109044476,0.06264533132936459,0.011314488220320114,28
logHF,0,4,6,12,Cd,Fν,Fν,0.2329708506895464,0.42023809523809524,0.2329708506895464,0.42023809523809524,1,Fν,0.0,0.0,0.0,0,0,3,3,0.4408173315662757,0.4408173315662757,0.0,28
logHF,0,4,7,4,Fe,Cν,Cν,0.1406142610843972,0.5767857142857142,0.1406142610843972,0.5767857142857142,1,Cν,1.0,1.0,0.0,1,1,1,1,0.18798913798396066,0.18798913798396066,0.0,28
logHF,0,4,7,4,Zn,F,F,0.09766108467755026,0.6071428571428571,0.09766108467755026,0.6071428571428571,1,F,0.0,0.0,0.0,0,0,1,1,0.1166669323209682,0.1166669323209682,0.0,28
logHF,0,4,7,4,Cu,FC,Cν,0.1280926228408001,0.5505952380952384,0.17783702460617404,0.6107142857142857,1,Cν,0.0,0.0,0.0,0,0,1,1,0.09710838451680487,0.17397305351872816,0.07686466900192329,28
logHF,0,4,7,4,Cr,Cν,Cν,0.09578808105976781,0.6434523809523809,0.09578808105976781,0.6434523809523809,1,Cν,1.0,1.0,0.0,1,1,1,1,0.09144728267367397,0.09144728267367397,0.0,28
logHF,0,4,7,4,Co,Cν,Cν,0.053561795187573695,0.6958333333333332,0.053561795187573695,0.6958333333333332,1,Cν,1.0,1.0,0.0,1,1,1,1,0.09060812488200226,0.09060812488200226,0.0,28
logHF,0,4,7,4,Ni,Cν,Cν,0.06888271294406845,0.607142857142857,0.06888271294406845,0.607142857142857,1,Cν,1.0,1.0,0.0,1,1,1,1,0.06622159367898345,0.06622159367898345,0.0,28
logHF,0,4,7,4,Mn,FC,Cν,0.13820100018347145,0.5005952380952381,0.1455876174187057,0.5720238095238095,1,Cν,1.0,1.0,0.0,1,1,1,1,0.041365313434946094,0.0949481807882302,0.0535828673532841,28
logHF,0,4,7,4,Pb,F,FC,0.10581659403629254,0.5559523809523809,0.10844666946744765,0.5708333333333332,1,FC,0.0,0.0,0.0,0,0,1,1,0.03726595973923319,0.03982399220607585,0.0025580324668426635,28
logHF,0,4,7,4,Cd,F,F,0.2694185743730199,0.3125,0.2694185743730199,0.3125,1,F,0.0,0.0,0.0,0,0,1,1,0.27926337326966666,0.27926337326966666,2.7755575615628914e-17,28
logHF,0,4,8,11,Fe,Fν,Cν,0.15526186200965048,0.43095238095238114,0.1716594371869126,0.6303571428571428,1,Cν,0.0,0.3333333333333333,0.3333333333333333,0,1,3,3,0.1553068735854031,0.09631170192411016,-0.058995171661292936,28
logHF,0,4,8,11,Zn,F,F,0.08629910244885299,0.6238095238095239,0.08629910244885299,0.6238095238095239,1,F,0.6666666666666666,0.6666666666666666,0.0,2,2,3,3,0.168732359087022,0.168732359087022,1.3877787807814457e-17,28
logHF,0,4,8,11,Cu,FC,Cν,0.126192283126597,0.5523809523809524,0.1849663269470405,0.6166666666666666,1,Cν,0.6666666666666666,0.0,-0.6666666666666666,2,0,3,3,0.12606503799697838,0.17384775133112296,0.04778271333414459,28
logHF,0,4,8,11,Cr,Cν,Cν,0.10353625159531299,0.6821428571428572,0.10353625159531299,0.6821428571428572,1,Cν,0.6666666666666666,0.6666666666666666,0.0,2,2,3,3,0.09423598546393094,0.09423598546393094,-6.938893903907228e-18,28
logHF,0,4,8,11,Co,C,Cν,0.0629955722788264,0.6892857142857142,0.06477759822805451,0.7505952380952381,1,Cν,0.0,0.3333333333333333,0.3333333333333333,0,1,3,3,0.06348841409980477,0.06392546215798943,0.0004370480581846539,28
logHF,0,4,8,11,Ni,C,Cν,0.0762715113546115,0.6357142857142856,0.07845799251346387,0.7142857142857143,1,Cν,0.3333333333333333,0.3333333333333333,0.0,1,1,3,3,0.04470640383930215,0.04593919023079743,0.0012327863914952802,28
logHF,0,4,8,11,Mn,Fν,Cν,0.09984331089234699,0.5065476190476191,0.13726827479468284,0.6434523809523809,1,Cν,0.3333333333333333,0.3333333333333333,0.0,1,1,3,3,0.1632129042207383,0.09387480860212406,-0.06933809561861425,28
logHF,0,4,8,11,Pb,F,Cν,0.09525147124959714,0.4749999999999999,0.1194697838278128,0.5517857142857142,1,Cν,0.6666666666666666,0.6666666666666666,0.0,2,2,3,3,0.07535624104481267,0.09919897683574083,0.023842735790928167,28
logHF,0,4,8,11,Cd,C,Fν,0.2571950720444282,0.1261904761904762,0.26287171486646005,0.30178571428571427,1,Fν,0.0,0.3333333333333333,0.3333333333333333,0,1,3,3,0.37750281661252766,0.41953338287221736,0.042030566259689706,28
logHF,0,4,9,4,Fe,Cν,Cν,0.17625330666784558,0.5470238095238095,0.17625330666784558,0.5470238095238095,1,Cν,1.0,1.0,0.0,1,1,1,1,0.07824977587138682,0.07824977587138682,0.0,28
logHF,0,4,9,4,Zn,F,F,0.09779119433489962,0.5714285714285714,0.09779119433489962,0.5714285714285714,1,F,1.0,1.0,0.0,1,1,1,1,0.11478601823372486,0.11478601823372486,0.0,28
logHF,0,4,9,4,Cu,FC,FC,0.11759544489323427,0.574404761904762,0.11759544489323427,0.574404761904762,1,FC,1.0,1.0,0.0,1,1,1,1,0.14077299347988664,0.14077299347988664,0.0,28
logHF,0,4,9,4,Cr,Cν,Cν,0.093820189369906,0.6107142857142857,0.093820189369906,0.6107142857142857,1,Cν,1.0,1.0,0.0,1,1,1,1,0.1082947659112809,0.1082947659112809,0.0,28
logHF,0,4,9,4,Co,Cν,Cν,0.06671362656838586,0.7363095238095239,0.06671362656838586,0.7363095238095239,1,Cν,1.0,1.0,0.0,1,1,1,1,0.0459287335586252,0.0459287335586252,0.0,28
logHF,0,4,9,4,Ni,Cν,Fν,0.07283607447554129,0.6238095238095237,0.07470160325332513,0.6648809523809522,1,Fν,0.0,0.0,0.0,0,0,1,1,0.05836332749678236,0.08525692543147184,0.026893597934689484,28
logHF,0,4,9,4,Mn,Fν,Fν,0.1176019520542108,0.6041666666666667,0.1176019520542108,0.6041666666666667,1,Fν,0.0,0.0,0.0,0,0,1,1,0.14769606283058712,0.14769606283058712,0.0,28
logHF,0,4,9,4,Pb,Fν,Cν,0.08216006515174082,0.6440476190476191,0.1094933594976818,0.6946428571428572,1,Cν,0.0,0.0,0.0,0,0,1,1,0.13571862454792433,0.15457553753093384,0.01885691298300951,28
logHF,0,4,9,4,Cd,F,F,0.2462433657624318,0.22916666666666666,0.2462433657624318,0.22916666666666666,1,F,0.0,0.0,0.0,0,0,1,1,0.37916790340776607,0.37916790340776607,0.0,28
logHF,0,4,10,3,Fe,Cν,Cν,0.1405202962410308,0.6124999999999999,0.1405202962410308,0.6124999999999999,1,Cν,1.0,1.0,0.0,1,1,1,1,0.23436858130253713,0.23436858130253713,0.0,28
logHF,0,4,10,3,Zn,F,F,0.09706251839644649,0.5714285714285714,0.09706251839644649,0.5714285714285714,1,F,1.0,1.0,0.0,1,1,1,1,0.11850294108107734,0.11850294108107734,0.0,28
logHF,0,4,10,3,Cu,FC,Cν,0.11877353906510879,0.5625000000000002,0.17111578834354182,0.5839285714285714,1,Cν,1.0,0.0,-1.0,1,0,1,1,0.13391347350877425,0.17694169676284371,0.043028223254069464,28
logHF,0,4,10,3,Cr,Cν,Cν,0.10483857153077543,0.6910714285714284,0.10483857153077543,0.6910714285714284,1,Cν,1.0,1.0,0.0,1,1,1,1,0.06126136890649392,0.06126136890649392,0.0,28
logHF,0,4,10,3,Co,Cν,Cν,0.06777509501550759,0.7125,0.06777509501550759,0.7125,1,Cν,0.0,0.0,0.0,0,0,1,1,0.03952884088824721,0.03952884088824721,0.0,28
logHF,0,4,10,3,Ni,C,Cν,0.06088701672136213,0.5958333333333334,0.06190848352639262,0.6309523809523808,1,Cν,1.0,1.0,0.0,1,1,1,1,0.09611831173206925,0.09758188565627768,0.0014635739242084278,28
logHF,0,4,10,3,Mn,FC,Cν,0.08774879294026451,0.6077380952380951,0.10743002197312898,0.6267857142857142,1,Cν,0.0,1.0,1.0,0,1,1,1,0.25234814564048824,0.2561557600622534,0.0038076144217651375,28
logHF,0,4,10,3,Pb,FC,FC,0.09165637488646901,0.630357142857143,0.09165637488646901,0.630357142857143,1,FC,0.0,0.0,0.0,0,0,1,1,0.10587022147947822,0.10587022147947822,0.0,28
logHF,0,4,10,3,Cd,C,F,0.18761396464662544,0.27619047619047615,0.18787029473525965,0.33035714285714285,1,F,1.0,1.0,0.0,1,1,1,1,0.5767702596010429,0.5745156055108758,-0.002254654090167063,28
logHF,0,5,6,12,Fe,Cν,Cν,0.17186017090400307,0.711904761904762,0.17186017090400307,0.711904761904762,1,Cν,0.6666666666666666,0.6666666666666666,0.0,2,2,3,3,0.11344665579329134,0.11344665579329134,0.0,28
logHF,0,5,6,12,Zn,F,F,0.09960070136180284,0.5541666666666666,0.09960070136180284,0.5541666666666666,1,F,1.0,1.0,0.0,3,3,3,3,0.1285631844963042,0.1285631844963042,-6.938893903907228e-18,28
logHF,0,5,6,12,Cu,FC,FC,0.13019799512605426,0.6565476190476189,0.13019799512605426,0.6565476190476189,1,FC,0.3333333333333333,0.3333333333333333,0.0,1,1,3,3,0.1044154014491337,0.1044154014491337,0.0,28
logHF,0,5,6,12,Cr,Cν,Cν,0.08625920534036036,0.6583333333333334,0.08625920534036036,0.6583333333333334,1,Cν,1.0,1.0,0.0,3,3,3,3,0.11150735534957121,0.11150735534957121,-6.938893903907228e-18,28
logHF,0,5,6,12,Co,Cν,Cν,0.06486816648703765,0.5988095238095238,0.06486816648703765,0.5988095238095238,1,Cν,1.0,1.0,0.0,3,3,3,3,0.04998853389724278,0.04998853389724278,0.0,28
logHF,0,5,6,12,Ni,C,C,0.07577530944172868,0.6035714285714285,0.07577530944172868,0.6035714285714285,2,C|FC,0.3333333333333333,0.3333333333333333,0.0,1,1,3,3,0.04601556876465951,0.04601556876465951,0.0,28
logHF,0,5,6,12,Mn,FC,Cν,0.13011471189705814,0.5095238095238096,0.14628078978133627,0.6583333333333334,1,Cν,0.6666666666666666,1.0,0.33333333333333337,2,3,3,3,0.07814948889281796,0.06747827771898943,-0.010671211173828535,28
logHF,0,5,6,12,Pb,F,FC,0.1026135489803041,0.5416666666666665,0.10725963404920634,0.544642857142857,1,FC,0.6666666666666666,0.6666666666666666,0.0,2,2,3,3,0.06348132530360223,0.058707563639095815,-0.0047737616645064165,28
logHF,0,5,6,12,Cd,F,Cν,0.2878766651784658,0.2654761904761904,0.29035439013708586,0.4327380952380953,1,Cν,0.0,0.0,0.0,0,0,3,3,0.21317592232952143,0.26025748376641666,0.047081561436895236,28
logHF,0,5,7,4,Fe,Cν,Cν,0.132977004074486,0.618452380952381,0.132977004074486,0.618452380952381,1,Cν,1.0,1.0,0.0,1,1,1,1,0.2236718764880512,0.2236718764880512,0.0,28
logHF,0,5,7,4,Zn,F,F,0.10634487011656853,0.6249999999999999,0.10634487011656853,0.6249999999999999,1,F,0.0,0.0,0.0,0,0,1,1,0.09207478576628741,0.09207478576628741,0.0,28
logHF,0,5,7,4,Cu,FC,FC,0.12835947853595858,0.6339285714285714,0.12835947853595858,0.6339285714285714,1,FC,0.0,0.0,0.0,0,0,1,1,0.10362698413537941,0.10362698413537941,0.0,28
logHF,0,5,7,4,Cr,Cν,Cν,0.08514615930162153,0.575,0.08514615930162153,0.575,1,Cν,1.0,1.0,0.0,1,1,1,1,0.12024646461229072,0.12024646461229072,0.0,28
logHF,0,5,7,4,Co,C,Cν,0.04926290485543322,0.5255952380952381,0.050975981526413264,0.600595238095238,1,Cν,1.0,1.0,0.0,1,1,1,1,0.11071681835568825,0.10133290005248147,-0.009383918303206784,28
logHF,0,5,7,4,Ni,C,Cν,0.06246305293592687,0.5839285714285714,0.06291816406314651,0.6047619047619047,1,Cν,1.0,1.0,0.0,1,1,1,1,0.09243810959272974,0.0887233487737013,-0.00371476081902844,28
logHF,0,5,7,4,Mn,FC,Cν,0.13234371761308325,0.4886904761904763,0.1433798958780645,0.5958333333333334,1,Cν,1.0,1.0,0.0,1,1,1,1,0.06741324903233115,0.10305828705400233,0.03564503802167118,28
logHF,0,5,7,4,Pb,F,FC,0.1037373244813461,0.6035714285714285,0.10666670786740498,0.606547619047619,1,FC,0.0,0.0,0.0,0,0,1,1,0.047034162157557347,0.04385676960903323,-0.003177392548524116,28
logHF,0,5,7,4,Cd,F,F,0.31382461026305425,0.2648809523809524,0.31382461026305425,0.2648809523809524,1,F,0.0,0.0,0.0,0,0,1,1,0.13209361444954015,0.13209361444954015,0.0,28
logHF,0,5,8,11,Fe,Fν,Cν,0.16144572061333082,0.5023809523809526,0.1689201839084736,0.6720238095238097,1,Cν,0.3333333333333333,0.6666666666666666,0.3333333333333333,1,2,3,3,0.13366681562429472,0.10752441104693473,-0.026142404577359987,28
logHF,0,5,8,11,Zn,FC,F,0.09333982262741021,0.6357142857142856,0.09531959644625575,0.6416666666666667,1,F,0.3333333333333333,0.6666666666666666,0.3333333333333333,1,2,3,3,0.1522853122544384,0.14377475608607834,-0.008510556168360044,28
logHF,0,5,8,11,Cu,FC,FC,0.1279811972326581,0.6357142857142859,0.1279811972326581,0.6357142857142859,1,FC,0.3333333333333333,0.3333333333333333,0.0,1,1,3,3,0.1268609906270598,0.1268609906270598,0.0,28
logHF,0,5,8,11,Cr,Cν,Cν,0.09526707117752795,0.6583333333333333,0.09526707117752795,0.6583333333333333,1,Cν,0.6666666666666666,0.6666666666666666,0.0,2,2,3,3,0.10848703584367665,0.10848703584367665,0.0,28
logHF,0,5,8,11,Co,C,Cν,0.05888982756641297,0.617857142857143,0.06250149834929018,0.7267857142857143,1,Cν,0.0,0.6666666666666666,0.6666666666666666,0,2,3,3,0.07903908846793097,0.07101905092109775,-0.008020037546833211,28
logHF,0,5,8,11,Ni,C,Cν,0.07052653935274142,0.6952380952380952,0.07376941137733903,0.7261904761904762,1,Cν,0.0,0.3333333333333333,0.3333333333333333,0,1,3,3,0.06518519172623663,0.0605139551054453,-0.00467123662079133,28
logHF,0,5,8,11,Mn,Fν,Cν,0.11628057180654504,0.42321428571428577,0.13320632698198323,0.6791666666666666,1,Cν,0.6666666666666666,0.6666666666666666,0.0,2,2,3,3,0.10909932431842034,0.11293742951666715,0.0038381051982468023,28
logHF,0,5,8,11,Pb,F,FC,0.09652316262507829,0.5226190476190475,0.10016632699057594,0.5464285714285714,1,FC,0.6666666666666666,1.0,0.33333333333333337,2,3,3,3,0.06599052410252645,0.06676178263286042,0.000771258530333975,28
logHF,0,5,8,11,Cd,F,F,0.3042708888803548,0.3148809523809524,0.3042708888803548,0.3148809523809524,1,F,0.3333333333333333,0.3333333333333333,0.0,1,1,3,3,0.23315446772705425,0.23315446772705425,0.0,28
logHF,0,5,9,4,Fe,C,Cν,0.17040048667296026,0.5011904761904763,0.17283719219457455,0.5886904761904762,1,Cν,1.0,1.0,0.0,1,1,1,1,0.12576812264656645,0.08932866069645129,-0.03643946195011516,28
logHF,0,5,9,4,Zn,FC,F,0.10561656522111738,0.5744047619047619,0.10672076832002673,0.5892857142857142,1,F,0.0,1.0,1.0,0,1,1,1,0.11944233809369242,0.08863731353805337,-0.03080502455563905,28
logHF,0,5,9,4,Cu,FC,FC,0.11772584681934871,0.6101190476190477,0.11772584681934871,0.6101190476190477,1,FC,0.0,0.0,0.0,0,0,1,1,0.1468996086719373,0.1468996086719373,0.0,28
logHF,0,5,9,4,Cr,Cν,Cν,0.08500879490594218,0.5678571428571428,0.08500879490594218,0.5678571428571428,1,Cν,1.0,1.0,0.0,1,1,1,1,0.1296595254491818,0.1296595254491818,0.0,28
logHF,0,5,9,4,Co,C,Cν,0.06625104936098931,0.5613095238095239,0.06673624801539282,0.6886904761904761,1,Cν,1.0,1.0,0.0,1,1,1,1,0.04635901057462488,0.04379085192278204,-0.0025681586518428445,28
logHF,0,5,9,4,Ni,C,Cν,0.06633361514780167,0.5958333333333333,0.06704915486251463,0.6428571428571429,1,Cν,1.0,1.0,0.0,1,1,1,1,0.07685447723614025,0.07809187715803856,0.0012373999218983078,28
logHF,0,5,9,4,Mn,FC,Cν,0.1180183562340622,0.46190476190476204,0.13975343694466133,0.6029761904761904,1,Cν,1.0,1.0,0.0,1,1,1,1,0.11078386264472184,0.09940313967400016,-0.01138072297072168,28
logHF,0,5,9,4,Pb,Fν,Cν,0.07617770839764719,0.6440476190476191,0.10639493585994696,0.6720238095238095,1,Cν,0.0,0.0,0.0,0,0,1,1,0.160797390223133,0.17417963859402624,0.013382248370893246,28
logHF,0,5,9,4,Cd,F,F,0.2905400957318699,0.3196428571428571,0.2905400957318699,0.3196428571428571,1,F,0.0,0.0,0.0,0,0,1,1,0.23082023304564483,0.23082023304564483,0.0,28
logHF,0,5,10,3,Fe,Cν,Cν,0.13669298993799686,0.618452380952381,0.13669298993799686,0.618452380952381,1,Cν,0.0,0.0,0.0,0,0,1,1,0.2500908218621881,0.2500908218621881,0.0,28
logHF,0,5,10,3,Zn,F,F,0.10552403049076486,0.5892857142857142,0.10552403049076486,0.5892857142857142,1,F,1.0,1.0,0.0,1,1,1,1,0.09409730251690895,0.09409730251690895,0.0,28
logHF,0,5,10,3,Cu,FC,FC,0.11860271787746078,0.6101190476190477,0.11860271787746078,0.6101190476190477,1,FC,0.0,0.0,0.0,0,0,1,1,0.14199059847016832,0.14199059847016832,0.0,28
logHF,0,5,10,3,Cr,Cν,Cν,0.09685552950068385,0.6345238095238095,0.09685552950068385,0.6345238095238095,1,Cν,1.0,1.0,0.0,1,1,1,1,0.08075529881515298,0.08075529881515298,0.0,28
logHF,0,5,10,3,Co,Fν,Cν,0.06603385198952123,0.4904761904761904,0.06774602359250767,0.7005952380952382,1,Cν,0.0,1.0,1.0,0,1,1,1,0.06600905247372801,0.038564682556317675,-0.02744436991741034,28
logHF,0,5,10,3,Ni,C,FC,0.05379475439384779,0.631547619047619,0.0555982912935582,0.6404761904761903,1,FC,0.0,0.0,0.0,0,0,1,1,0.1259306512102873,0.1284231910560421,0.0024925398457548154,28
logHF,0,5,10,3,Mn,FC,Cν,0.08207588838126423,0.5392857142857144,0.10282051604853716,0.5910714285714286,1,Cν,0.0,0.0,0.0,0,0,1,1,0.2771131148423913,0.2743812713663887,-0.0027318434760026378,28
logHF,0,5,10,3,Pb,F,FC,0.0880650610050071,0.6392857142857143,0.08893503711639374,0.6541666666666668,1,FC,0.0,0.0,0.0,0,0,1,1,0.11005366750812806,0.11535913829235955,0.005305470784231492,28
logHF,0,5,10,3,Cd,C,F,0.23223383975103115,0.34523809523809523,0.23462992651914386,0.45654761904761904,1,F,0.0,0.0,0.0,0,0,1,1,0.4407388160988637,0.4161646862689359,-0.024574129829927793,28
logHF,0,6,7,12,Fe,Cν,Cν,0.12972367747760158,0.711904761904762,0.12972367747760158,0.711904761904762,1,Cν,0.6666666666666666,0.6666666666666666,0.0,2,2,3,3,0.2073477482250539,0.2073477482250539,0.0,28
logHF,0,6,7,12,Zn,F,F,0.12075798398418301,0.5720238095238095,0.12075798398418301,0.5720238095238095,1,F,1.0,1.0,0.0,3,3,3,3,0.05720847188674466,0.05720847188674466,0.0,28
logHF,0,6,7,12,Cu,FC,F,0.13593068288707294,0.5851190476190476,0.14944742463925012,0.6702380952380952,1,F,0.3333333333333333,0.3333333333333333,0.0,1,1,3,3,0.08805274582014035,0.10265036703918864,0.014597621219048298,28
logHF,0,6,7,12,Cr,Cν,Cν,0.09346339015166662,0.6773809523809524,0.09346339015166662,0.6773809523809524,1,Cν,1.0,1.0,0.0,3,3,3,3,0.08170894122574626,0.08170894122574626,-6.938893903907228e-18,28
logHF,0,6,7,12,Co,Cν,Cν,0.05262859799470456,0.6464285714285714,0.05262859799470456,0.6464285714285714,1,Cν,1.0,1.0,0.0,3,3,3,3,0.08581388746186269,0.08581388746186269,0.0,28
logHF,0,6,7,12,Ni,C,Cν,0.06929478786290778,0.5916666666666666,0.07089083842997952,0.600595238095238,1,Cν,0.3333333333333333,0.6666666666666666,0.3333333333333333,1,2,3,3,0.07105970105599349,0.06633010102361915,-0.004729600032374333,28
logHF,0,6,7,12,Mn,Cν,Cν,0.13327193969325785,0.6654761904761906,0.13327193969325785,0.6654761904761906,1,Cν,1.0,1.0,0.0,3,3,3,3,0.12585234515375482,0.12585234515375482,1.3877787807814457e-17,28
logHF,0,6,7,12,Pb,F,FC,0.10490247018908368,0.5059523809523808,0.10959582350514731,0.5089285714285713,1,FC,0.6666666666666666,0.6666666666666666,0.0,2,2,3,3,0.0585717774072139,0.057152350889434114,-0.0014194265177797857,28
logHF,0,6,7,12,Cd,Cν,Cν,0.28858274311393173,0.4148809523809524,0.28858274311393173,0.4148809523809524,1,Cν,0.0,0.0,0.0,0,0,3,3,0.28269709450983527,0.28269709450983527,-2.7755575615628914e-17,28
logHF,0,6,8,19,Fe,Cν,Cν,0.1533864968674201,0.7738095238095237,0.1533864968674201,0.7738095238095237,1,Cν,0.4,0.4,0.0,2,2,5,5,0.1886939111740178,0.1886939111740178,-1.3877787807814457e-17,28
logHF,0,6,8,19,Zn,F,F,0.11113410402548705,0.5505952380952381,0.11113410402548705,0.5505952380952381,1,F,0.6,0.6,0.0,3,3,5,5,0.10955502686637406,0.10955502686637406,0.0,28
logHF,0,6,8,19,Cu,FC,F,0.1355104811062196,0.5773809523809523,0.1467146256040802,0.6398809523809524,1,F,0.4,0.4,0.0,2,2,5,5,0.094801032530027,0.11661703698410464,0.02181600445407763,28
logHF,0,6,8,19,Cr,Cν,Cν,0.09891800653766869,0.7083333333333333,0.09891800653766869,0.7083333333333333,1,Cν,0.4,0.4,0.0,2,2,5,5,0.09810611068206426,0.09810611068206426,-6.938893903907228e-18,28
logHF,0,6,8,19,Co,Cν,C,0.061718202523368126,0.6160714285714286,0.06366769346054209,0.7202380952380951,1,C,0.6,0.4,-0.19999999999999996,3,2,5,5,0.08111462064527253,0.06932179718370046,-0.01179282346157206,28
logHF,0,6,8,19,Ni,FC,C,0.07780615099446078,0.6488095238095238,0.0785711164521744,0.7410714285714286,1,C,0.4,0.4,0.0,2,2,5,5,0.0544988546086615,0.046155147412578035,-0.008343707196083468,28
logHF,0,6,8,19,Mn,Fν,Cν,0.10677005675294171,0.41071428571428575,0.12742143841722645,0.6845238095238095,1,Cν,0.4,0.6,0.19999999999999996,2,3,5,5,0.14305714618710194,0.12466968295620316,-0.01838746323089878,28
logHF,0,6,8,19,Pb,F,C,0.09659852609305772,0.3988095238095237,0.10280341352915252,0.4642857142857143,1,C,0.6,0.6,0.0,3,3,5,5,0.08752909066796483,0.12347798887990445,0.03594889821193963,28
logHF,0,6,8,19,Cd,F,Cν,0.2903671568646374,0.23214285714285712,0.2996962013514494,0.5416666666666666,1,Cν,0.2,0.4,0.2,1,2,5,5,0.2541011667150764,0.3177632288353968,0.06366206212032044,28
logHF,0,6,9,12,Fe,Cν,Cν,0.1728924004114449,0.6464285714285716,0.1728924004114449,0.6464285714285716,1,Cν,0.6666666666666666,0.6666666666666666,0.0,2,2,3,3,0.11653019920487666,0.11653019920487666,0.0,28
logHF,0,6,9,12,Zn,F,F,0.1200225493194221,0.5005952380952381,0.1200225493194221,0.5005952380952381,1,F,1.0,1.0,0.0,3,3,3,3,0.06066899541910287,0.06066899541910287,0.0,28
logHF,0,6,9,12,Cu,FC,F,0.1278187503509596,0.5613095238095238,0.14546652583893538,0.5809523809523809,1,F,0.3333333333333333,0.3333333333333333,0.0,1,1,3,3,0.11493452167383136,0.11804428665341035,0.0031097649795789883,28
logHF,0,6,9,12,Cr,Cν,Cν,0.09200169172798825,0.6583333333333334,0.09200169172798825,0.6583333333333334,1,Cν,0.6666666666666666,0.6666666666666666,0.0,2,2,3,3,0.09949957048994441,0.09949957048994441,0.0,28
logHF,0,6,9,12,Co,Cν,Cν,0.06441145872481373,0.682142857142857,0.06441145872481373,0.682142857142857,1,Cν,0.6666666666666666,0.6666666666666666,0.0,2,2,3,3,0.06555447126464942,0.06555447126464942,0.0,28
logHF,0,6,9,12,Ni,C,Fν,0.07441589132363934,0.6035714285714285,0.07843618366893053,0.6839285714285713,1,Fν,0.3333333333333333,0.3333333333333333,0.0,1,1,3,3,0.0509115889219673,0.08006534977361833,0.029153760851651028,28
logHF,0,6,9,12,Mn,FC,Cν,0.11881831582055292,0.47857142857142865,0.1353980148429729,0.5892857142857143,1,Cν,0.6666666666666666,0.6666666666666666,0.0,2,2,3,3,0.12238047559716618,0.10204906112267009,-0.020331414474496087,28
logHF,0,6,9,12,Pb,Fν,C,0.0766667662585133,0.5702380952380951,0.10393101387884188,0.5928571428571427,1,C,0.6666666666666666,0.6666666666666666,0.0,2,2,3,3,0.17413706149305683,0.1563681122067479,-0.017768949286308927,28
logHF,0,6,9,12,Cd,F,Cν,0.2763718335265438,0.22976190476190475,0.28659473643270744,0.4,1,Cν,0.0,0.0,0.0,0,0,3,3,0.2614701926852444,0.25530642242907875,-0.006163770256165657,28
logHF,0,6,10,11,Fe,Cν,Cν,0.1311812954365327,0.7476190476190476,0.1311812954365327,0.7476190476190476,1,Cν,0.6666666666666666,0.6666666666666666,0.0,2,2,3,3,0.2835603028648049,0.2835603028648049,0.0,28
logHF,0,6,10,11,Zn,F,F,0.11849600640616867,0.5005952380952381,0.11849600640616867,0.5005952380952381,1,F,1.0,1.0,0.0,3,3,3,3,0.06561673322622616,0.06561673322622616,6.938893903907228e-18,28
logHF,0,6,10,11,Cu,FC,F,0.12824486976026908,0.5613095238095238,0.13701106831180715,0.5809523809523809,1,F,0.3333333333333333,0.3333333333333333,0.0,1,1,3,3,0.1137736106041704,0.14952659780907945,0.03575298720490905,28
logHF,0,6,10,11,Cr,Cν,Cν,0.09839620157960091,0.7011904761904763,0.09839620157960091,0.7011904761904763,1,Cν,0.6666666666666666,0.6666666666666666,0.0,2,2,3,3,0.06598366627738056,0.06598366627738056,0.0,28
logHF,0,6,10,11,Co,Fν,Cν,0.0635953207186619,0.4428571428571428,0.06365747126294834,0.6821428571428572,1,Cν,0.6666666666666666,1.0,0.33333333333333337,2,3,3,3,0.07556331175047713,0.05525351870664276,-0.020309793043834373,28
logHF,0,6,10,11,Ni,C,C,0.061171306055357325,0.6749999999999999,0.061171306055357325,0.6749999999999999,1,C,0.3333333333333333,0.3333333333333333,0.0,1,1,3,3,0.10076722033780261,0.10076722033780261,0.0,28
logHF,0,6,10,11,Mn,FC,Cν,0.08461274244235077,0.5928571428571427,0.1041776551637594,0.7011904761904763,1,Cν,0.3333333333333333,1.0,0.6666666666666667,1,3,3,3,0.2681659297716388,0.2513288454187184,-0.01683708435292039,28
logHF,0,6,10,11,Pb,F,FC,0.08916759889804228,0.5416666666666665,0.09083026024352746,0.5922619047619048,1,FC,0.6666666666666666,0.6666666666666666,0.0,2,2,3,3,0.11451735333409982,0.12507183341062617,0.010554480076526346,28
logHF,0,6,10,11,Cd,Cν,Cν,0.20970675139263903,0.47440476190476194,0.20970675139263903,0.47440476190476194,1,Cν,0.0,0.0,0.0,0,0,3,3,0.5429117392713207,0.5429117392713207,-5.551115123125783e-17,28
logHF,0,7,8,11,Fe,Cν,Cν,0.1243717477106447,0.6690476190476191,0.1243717477106447,0.6690476190476191,1,Cν,0.6666666666666666,0.6666666666666666,0.0,2,2,3,3,0.24022405054174115,0.24022405054174115,0.0,28
logHF,0,7,8,11,Zn,F,F,0.11493528614096825,0.6595238095238096,0.11493528614096825,0.6595238095238096,1,F,0.6666666666666666,0.6666666666666666,0.0,2,2,3,3,0.08379140239558713,0.08379140239558713,0.0,28
logHF,0,7,8,11,Cu,FC,Cν,0.131789319406108,0.5642857142857144,0.18996955809683205,0.6345238095238095,1,Cν,0.6666666666666666,0.0,-0.6666666666666666,2,0,3,3,0.11254610681305582,0.1818631611652698,0.06931705435221397,28
logHF,0,7,8,11,Cr,Cν,Cν,0.09979593658638193,0.6583333333333334,0.09979593658638193,0.6583333333333334,1,Cν,0.6666666666666666,0.6666666666666666,0.0,2,2,3,3,0.09612725106725811,0.09612725106725811,-6.938893903907228e-18,28
logHF,0,7,8,11,Co,C,Cν,0.047413033680432363,0.6535714285714285,0.04892007303507912,0.7029761904761905,1,Cν,0.0,0.3333333333333333,0.3333333333333333,0,1,3,3,0.12322769471533696,0.11629525474640601,-0.006932439968930948,28
logHF,0,7,8,11,Ni,C,Cν,0.06454547034590909,0.6833333333333332,0.0656934967080478,0.7404761904761904,1,Cν,0.0,0.0,0.0,0,0,3,3,0.09044454787354933,0.0876353123754757,-0.002809235498073631,28
logHF,0,7,8,11,Mn,Fν,Cν,0.11330147797411286,0.4232142857142857,0.13225127650177487,0.6791666666666668,1,Cν,0.6666666666666666,0.6666666666666666,0.0,2,2,3,3,0.11882756475643491,0.12224255067597138,0.00341498591953647,28
logHF,0,7,8,11,Pb,F,Cν,0.09333529557091658,0.48690476190476184,0.1145040585943453,0.5636904761904761,1,Cν,0.6666666666666666,0.6666666666666666,0.0,2,2,3,3,0.0846437625231215,0.11672213185018722,0.03207836932706571,28
logHF,0,7,8,11,Cd,F,F,0.30839446553246724,0.24345238095238092,0.30839446553246724,0.24345238095238092,1,F,0.6666666666666666,0.6666666666666666,0.0,2,2,3,3,0.21546346060376823,0.21546346060376823,0.0,28
logHF,0,7,9,4,Fe,Cν,Cν,0.13020111255106448,0.6005952380952381,0.13020111255106448,0.6005952380952381,1,Cν,1.0,1.0,0.0,1,1,1,1,0.21712469000280843,0.21712469000280843,0.0,28
logHF,0,7,9,4,Zn,F,F,0.1267424302802546,0.607142857142857,0.1267424302802546,0.607142857142857,1,F,1.0,1.0,0.0,1,1,1,1,0.02272314062443037,0.02272314062443037,0.0,28
logHF,0,7,9,4,Cu,FC,F,0.12319187551806977,0.5505952380952382,0.13808645492221275,0.5809523809523809,1,F,1.0,1.0,0.0,1,1,1,1,0.12488538041758318,0.1297097379658444,0.0048243575482612155,28
logHF,0,7,9,4,Cr,Cν,FC,0.09001100776273022,0.5678571428571428,0.10318347684464754,0.5851190476190474,1,FC,1.0,1.0,0.0,1,1,1,1,0.11252851473770731,0.15855462341693066,0.046026108679223354,28
logHF,0,7,9,4,Co,Cν,Cν,0.05577821940155613,0.7077380952380954,0.05577821940155613,0.7077380952380954,1,Cν,1.0,1.0,0.0,1,1,1,1,0.08163861172860187,0.08163861172860187,0.0,28
logHF,0,7,9,4,Ni,Cν,Fν,0.060480010058423524,0.6428571428571427,0.06486110086838187,0.6529761904761904,1,Fν,0.0,0.0,0.0,0,0,1,1,0.10060263776550954,0.12386341507115395,0.02326077730564441,28
logHF,0,7,9,4,Mn,FC,Cν,0.12124991919548411,0.4601190476190477,0.13639775297802187,0.6148809523809523,1,Cν,1.0,1.0,0.0,1,1,1,1,0.09672490503829034,0.1158560767158302,0.01913117167753986,28
logHF,0,7,9,4,Pb,Fν,Cν,0.077633259075359,0.655952380952381,0.10485439413015585,0.6732142857142859,1,Cν,0.0,0.0,0.0,0,0,1,1,0.1544961868480269,0.17098561913069993,0.016489432282673022,28
logHF,0,7,9,4,Cd,F,F,0.2976022328563686,0.2720238095238095,0.2976022328563686,0.2720238095238095,1,F,1.0,1.0,0.0,1,1,1,1,0.2031331072575748,0.2031331072575748,0.0,28
logHF,0,7,10,3,Fe,Cν,Cν,0.09671307980203146,0.6303571428571428,0.09671307980203146,0.6303571428571428,1,Cν,0.0,0.0,0.0,0,0,1,1,0.37539470568787625,0.37539470568787625,0.0,28
logHF,0,7,10,3,Zn,F,F,0.12482790519050846,0.607142857142857,0.12482790519050846,0.607142857142857,1,F,1.0,1.0,0.0,1,1,1,1,0.0306905439564798,0.0306905439564798,0.0,28
logHF,0,7,10,3,Cu,FC,Fν,0.12276431068166335,0.5505952380952382,0.13253592722976068,0.5880952380952381,1,Fν,1.0,1.0,0.0,1,1,1,1,0.12792173591935557,0.17851472865460172,0.050592992735246145,28
logHF,0,7,10,3,Cr,Cν,Cν,0.10172483780793336,0.6345238095238095,0.10172483780793336,0.6345238095238095,1,Cν,1.0,1.0,0.0,1,1,1,1,0.06403142517805638,0.06403142517805638,0.0,28
logHF,0,7,10,3,Co,C,Cν,0.05555618299770533,0.5375,0.05589592771229714,0.7196428571428573,1,Cν,1.0,1.0,0.0,1,1,1,1,0.085633425780614,0.08071997835191291,-0.00491344742870109,28
logHF,0,7,10,3,Ni,C,Cν,0.04927201477002024,0.619642857142857,0.04947925465211581,0.6714285714285714,1,Cν,0.0,0.0,0.0,0,0,1,1,0.14092581635756163,0.13784911157683677,-0.0030767047807248593,28
logHF,0,7,10,3,Mn,FC,Cν,0.0864459617788489,0.5553571428571429,0.10036083284898521,0.6148809523809523,1,Cν,0.0,0.0,0.0,0,0,1,1,0.25749063095653746,0.28879295897844237,0.03130232802190491,28
logHF,0,7,10,3,Pb,F,FC,0.09060641510930952,0.6035714285714285,0.09092953513810711,0.630357142857143,1,FC,0.0,0.0,0.0,0,0,1,1,0.09791499525155506,0.10752994355956053,0.009614948308005467,28
logHF,0,7,10,3,Cd,C,F,0.24428006294730853,0.2738095238095238,0.24481265994482954,0.39702380952380956,1,F,0.0,0.0,0.0,0,0,1,1,0.3883482335424957,0.37501056181696846,-0.0133376717255273,28
logHF,0,8,9,11,Fe,Fν,C,0.14993386135822587,0.5559523809523811,0.15382341141077527,0.6196428571428572,1,C,0.0,0.0,0.0,0,0,3,3,0.17465323184803896,0.16685230251726788,-0.007800929330771089,28
logHF,0,8,9,11,Zn,FC,F,0.11563878406402495,0.5345238095238095,0.11660157339904702,0.5761904761904761,1,F,0.3333333333333333,0.3333333333333333,0.0,1,1,3,3,0.07075439828325246,0.07112226887709,0.00036787059383754095,28
logHF,0,8,9,11,Cu,FC,FC,0.12132433660145912,0.5285714285714287,0.12132433660145912,0.5285714285714287,1,FC,0.3333333333333333,0.3333333333333333,0.0,1,1,3,3,0.15995340325314625,0.15995340325314625,0.0,28
logHF,0,8,9,11,Cr,Cν,Cν,0.09243256418155145,0.6583333333333333,0.09243256418155145,0.6583333333333333,1,Cν,0.6666666666666666,0.6666666666666666,0.0,2,2,3,3,0.14294872021924812,0.14294872021924812,0.0,28
logHF,0,8,9,11,Co,C,Cν,0.06514631790344161,0.6892857142857142,0.07010805690776874,0.7386904761904761,1,Cν,0.0,0.3333333333333333,0.3333333333333333,0,1,3,3,0.055515317132769526,0.054986021413448424,-0.0005292957193211018,28
logHF,0,8,9,11,Ni,Fν,Cν,0.0686733024001526,0.7267857142857143,0.07556586795137742,0.7595238095238095,1,Cν,0.3333333333333333,0.0,-0.3333333333333333,1,0,3,3,0.09762485861196954,0.0764490720086871,-0.02117578660328244,28
logHF,0,8,9,11,Mn,Fν,Cν,0.09497073188849862,0.5363095238095238,0.1228358820190686,0.6529761904761905,1,Cν,0.3333333333333333,0.3333333333333333,0.0,1,1,3,3,0.1878838206155124,0.13610052869725292,-0.05178329191825948,28
logHF,0,8,9,11,Pb,Fν,Cν,0.06739231603545849,0.5821428571428571,0.0977069569677048,0.6827380952380953,1,Cν,0.3333333333333333,0.3333333333333333,0.0,1,1,3,3,0.18603649801519034,0.17260751797764118,-0.013428980037549151,28
logHF,0,8,9,11,Cd,F,F,0.28576134538480186,0.2791666666666666,0.28576134538480186,0.2791666666666666,1,F,0.3333333333333333,0.3333333333333333,0.0,1,1,3,3,0.3202951450104212,0.3202951450104212,-2.7755575615628914e-17,28
logHF,0,8,10,10,Fe,Cν,Cν,0.12920828577951518,0.6809523809523811,0.12920828577951518,0.6809523809523811,1,Cν,0.3333333333333333,0.3333333333333333,0.0,1,1,3,3,0.25792739553513994,0.25792739553513994,0.0,28
logHF,0,8,10,10,Zn,F,F,0.11450072713919217,0.5761904761904761,0.11450072713919217,0.5761904761904761,1,F,0.3333333333333333,0.3333333333333333,0.0,1,1,3,3,0.08040556026049533,0.08040556026049533,0.0,28
logHF,0,8,10,10,Cu,Fν,Cν,0.11339127607703478,0.5702380952380953,0.17768634903208416,0.6166666666666666,1,Cν,0.3333333333333333,0.3333333333333333,0.0,1,1,3,3,0.25252099329777766,0.1968413398341317,-0.05567965346364594,28
logHF,0,8,10,10,Cr,Cν,Cν,0.10550741612525404,0.705952380952381,0.10550741612525404,0.705952380952381,1,Cν,0.6666666666666666,0.6666666666666666,0.0,2,2,3,3,0.08042583841590087,0.08042583841590087,0.0,28
logHF,0,8,10,10,Co,Fν,Cν,0.06230440392829465,0.6226190476190475,0.06636260899326692,0.7744047619047618,1,Cν,0.6666666666666666,0.3333333333333333,-0.3333333333333333,2,1,3,3,0.08482793822852251,0.05394188450148572,-0.03088605372703679,28
logHF,0,8,10,10,Ni,C,Cν,0.05648608834885547,0.7666666666666666,0.05900232814442086,0.7738095238095237,1,Cν,0.0,0.0,0.0,0,0,3,3,0.11787578064556957,0.11532719943016984,-0.002548581215399734,28
logHF,0,8,10,10,Mn,FC,Cν,0.07598505494058462,0.6124999999999999,0.09357931237767449,0.7148809523809525,1,Cν,0.3333333333333333,0.3333333333333333,0.0,1,1,3,3,0.28866783746033897,0.28063670133382057,-0.008031136126518401,28
logHF,0,8,10,10,Pb,F,FC,0.08309523011803507,0.5226190476190475,0.08493289316260717,0.5464285714285714,1,FC,0.6666666666666666,0.6666666666666666,0.0,2,2,3,3,0.1172865448986661,0.12280994834409412,0.00552340344542801,28
logHF,0,8,10,10,Cd,F,F,0.23808264275933663,0.3803571428571429,0.23808264275933663,0.3803571428571429,1,F,0.3333333333333333,0.3333333333333333,0.0,1,1,3,3,0.43467406550702703,0.43467406550702703,-5.551115123125783e-17,28
logHF,0,9,10,3,Fe,C,Cν,0.1350724285111538,0.536904761904762,0.1350795612399445,0.6434523809523809,1,Cν,0.0,1.0,1.0,0,1,1,1,0.27442688513845026,0.24843454808558407,-0.025992337052866188,28
logHF,0,9,10,3,Zn,Fν,F,0.12125892550134122,0.4982142857142856,0.12520880165670736,0.5357142857142857,1,F,1.0,1.0,0.0,1,1,1,1,0.09600681289585816,0.026730408895414337,-0.06927640400044383,28
logHF,0,9,10,3,Cu,FC,FC,0.11244074909303839,0.5267857142857144,0.11244074909303839,0.5267857142857144,1,FC,1.0,1.0,0.0,1,1,1,1,0.1678266511069899,0.1678266511069899,0.0,28
logHF,0,9,10,3,Cr,Cν,Cν,0.09774237436844734,0.6273809523809524,0.09774237436844734,0.6273809523809524,1,Cν,1.0,1.0,0.0,1,1,1,1,0.08782223674923567,0.08782223674923567,0.0,28
logHF,0,9,10,3,Co,Fν,Cν,0.06785742094011979,0.5380952380952381,0.06967897185146629,0.7244047619047621,1,Cν,0.0,0.0,0.0,0,0,1,1,0.05774332714535885,0.03122716248337648,-0.026516164661982367,28
logHF,0,9,10,3,Ni,C,Cν,0.05258189192925837,0.631547619047619,0.05276915260655352,0.7023809523809523,1,Cν,0.0,1.0,1.0,0,1,1,1,0.12960256465408676,0.13463408008552558,0.0050315154314388155,28
logHF,0,9,10,3,Mn,FC,Cν,0.07376788533078663,0.5482142857142858,0.10009731857505108,0.6458333333333334,1,Cν,0.0,1.0,1.0,0,1,1,1,0.2942312841529484,0.2716956192690172,-0.022535664883931217,28
logHF,0,9,10,3,Pb,Fν,FC,0.06339026350104292,0.6440476190476191,0.06342749212629925,0.675,1,FC,0.0,0.0,0.0,0,0,1,1,0.2089354813179013,0.21018634405409098,0.001250862736189684,28
logHF,0,9,10,3,Cd,F,Fν,0.22216824976026786,0.42083333333333334,0.23228660661008652,0.4261904761904763,1,Fν,0.0,0.0,0.0,0,0,1,1,0.46746364376845845,0.5154438936754641,0.04798024990700561,28
