Metal,Model,High_n,k,Hits,Recall,Precision,Lift,Random_hits,Random_upper_tail
Fe,F,11,1,0,0.0,0.0,0.0,0.2558139534883721,1.0
Fe,F,11,2,0,0.0,0.0,0.0,0.5116279069767442,1.0
Fe,F,11,3,0,0.0,0.0,0.0,0.7674418604651163,1.0
Fe,F,11,4,0,0.0,0.0,0.0,1.0232558139534884,1.0
Fe,F,11,5,0,0.0,0.0,0.0,1.2790697674418605,1.0
Fe,F,11,6,0,0.0,0.0,0.0,1.5348837209302326,1.0
Fe,F,11,7,0,0.0,0.0,0.0,1.7906976744186047,1.0
Fe,F,11,8,0,0.0,0.0,0.0,2.046511627906977,1.0
Fe,F,11,9,0,0.0,0.0,0.0,2.302325581395349,1.0
Fe,F,11,10,0,0.0,0.0,0.0,2.558139534883721,1.0
Fe,F,11,11,0,0.0,0.0,0.0,2.813953488372093,1.0
Fe,F,11,12,1,0.09090909090909091,0.08333333333333333,0.32575757575757575,3.0697674418604652,0.9852795113037909
Fe,F,11,13,1,0.09090909090909091,0.07692307692307693,0.30069930069930073,3.3255813953488373,0.9905029105185748
Fe,F,11,14,2,0.18181818181818182,0.14285714285714285,0.5584415584415584,3.5813953488372094,0.9452334506571146
Fe,F,11,15,2,0.18181818181818182,0.13333333333333333,0.5212121212121212,3.8372093023255816,0.9620443906587178
Fe,F,11,16,2,0.18181818181818182,0.125,0.48863636363636365,4.093023255813954,0.9742666302006998
Fe,F,11,17,3,0.2727272727272727,0.17647058823529413,0.6898395721925134,4.348837209302325,0.9090813526434627
Fe,F,11,18,3,0.2727272727272727,0.16666666666666666,0.6515151515151514,4.604651162790698,0.9346540384543788
Fe,F,11,19,3,0.2727272727272727,0.15789473684210525,0.617224880382775,4.8604651162790695,0.9542171430997296
Fe,F,11,20,3,0.2727272727272727,0.15,0.5863636363636363,5.116279069767442,0.9687935740119518
Fe,F,11,21,4,0.36363636363636365,0.19047619047619047,0.7445887445887447,5.372093023255814,0.9054177874370728
Fe,F,11,22,4,0.36363636363636365,0.18181818181818182,0.7107438016528925,5.627906976744186,0.9323044847718699
Fe,F,11,23,5,0.45454545454545453,0.21739130434782608,0.8498023715415021,5.883720930232558,0.8337199278776136
Fe,F,11,24,5,0.45454545454545453,0.20833333333333334,0.8143939393939393,6.1395348837209305,0.8754886480354432
Fe,F,11,25,5,0.45454545454545453,0.2,0.7818181818181817,6.395348837209302,0.909782965638714
Fe,F,11,26,6,0.5454545454545454,0.23076923076923078,0.9020979020979021,6.651162790697675,0.7954685736278118
Fe,F,11,27,7,0.6363636363636364,0.25925925925925924,1.0134680134680134,6.906976744186046,0.6206347976111379
Fe,F,11,28,8,0.7272727272727273,0.2857142857142857,1.1168831168831168,7.162790697674419,0.4098976568767542
Fe,F,11,29,9,0.8181818181818182,0.3103448275862069,1.2131661442006272,7.4186046511627906,0.2132096588579961
Fe,F,11,30,9,0.8181818181818182,0.3,1.1727272727272728,7.674418604651163,0.2714132501084449
Fe,F,11,31,9,0.8181818181818182,0.2903225806451613,1.1348973607038124,7.930232558139535,0.3385712400128089
Fe,F,11,32,9,0.8181818181818182,0.28125,1.0994318181818183,8.186046511627907,0.4140023156300293
Fe,F,11,33,9,0.8181818181818182,0.2727272727272727,1.0661157024793388,8.44186046511628,0.4962907617579062
Fe,F,11,34,9,0.8181818181818182,0.2647058823529412,1.0347593582887702,8.69767441860465,0.5831873608689442
Fe,F,11,35,9,0.8181818181818182,0.2571428571428571,1.0051948051948052,8.953488372093023,0.6715693719305983
Fe,F,11,36,9,0.8181818181818182,0.25,0.9772727272727273,9.209302325581396,0.7574963271294286
Fe,F,11,37,9,0.8181818181818182,0.24324324324324326,0.9508599508599509,9.465116279069768,0.8364088370059053
Fe,F,11,38,10,0.9090909090909091,0.2631578947368421,1.0287081339712918,9.720930232558139,0.6201301062333393
Fe,F,11,39,11,1.0,0.28205128205128205,1.1025641025641026,9.976744186046512,0.291386435459039
Fe,F,11,40,11,1.0,0.275,1.075,10.232558139534884,0.40191232477108824
Fe,F,11,41,11,1.0,0.2682926829268293,1.048780487804878,10.488372093023257,0.549280177187154
Fe,F,11,42,11,1.0,0.2619047619047619,1.023809523809524,10.744186046511627,0.7441860465116279
Fe,F,11,43,11,1.0,0.2558139534883721,1.0,11.0,1.0
Zn,F,11,1,1,0.09090909090909091,1.0,3.909090909090909,0.2558139534883721,0.2558139534883721
Zn,F,11,2,2,0.18181818181818182,1.0,3.909090909090909,0.5116279069767442,0.06090808416389812
Zn,F,11,3,3,0.2727272727272727,1.0,3.9090909090909087,0.7674418604651163,0.013370067255489832
Zn,F,11,4,4,0.36363636363636365,1.0,3.909090909090909,1.0232558139534884,0.0026740134510979665
Zn,F,11,5,4,0.36363636363636365,0.8,3.1272727272727274,1.2790697674418605,0.01145026272649642
Zn,F,11,6,5,0.45454545454545453,0.8333333333333334,3.2575757575757573,1.5348837209302326,0.0025007980048729972
Zn,F,11,7,6,0.5454545454545454,0.8571428571428571,3.35064935064935,1.7906976744186047,0.0004690276356395711
Zn,F,11,8,6,0.5454545454545454,0.75,2.9318181818181817,2.046511627906977,0.0016542270176924025
Zn,F,11,9,7,0.6363636363636364,0.7777777777777778,3.04040404040404,2.302325581395349,0.00029971343820345227
Zn,F,11,10,7,0.6363636363636364,0.7,2.7363636363636363,2.558139534883721,0.0008972929585662244
Zn,F,11,11,8,0.7272727272727273,0.7272727272727273,2.84297520661157,2.813953488372093,0.00014708490269954068
Zn,F,11,12,8,0.7272727272727273,0.6666666666666666,2.606060606060606,3.0697674418604652,0.0004049689219037132
Zn,F,11,13,8,0.7272727272727273,0.6153846153846154,2.405594405594406,3.3255813953488373,0.000963994924823726
Zn,F,11,14,8,0.7272727272727273,0.5714285714285714,2.2337662337662336,3.5813953488372094,0.0020540956305177506
Zn,F,11,15,9,0.8181818181818182,0.6,2.3454545454545457,3.8372093023255816,0.00034376521296333246
Zn,F,11,16,10,0.9090909090909091,0.625,2.4431818181818183,4.093023255813954,3.834906697147213e-05
Zn,F,11,17,10,0.9090909090909091,0.5882352941176471,2.299465240641711,4.348837209302325,9.005973719231622e-05
Zn,F,11,18,10,0.9090909090909091,0.5555555555555556,2.1717171717171717,4.604651162790698,0.0001957185585570217
Zn,F,11,19,10,0.9090909090909091,0.5263157894736842,2.0574162679425836,4.8604651162790695,0.00039858349557725614
Zn,F,11,20,10,0.9090909090909091,0.5,1.9545454545454546,5.116279069767442,0.0007679667350682666
Zn,F,11,21,10,0.9090909090909091,0.47619047619047616,1.8614718614718615,5.372093023255814,0.001410372368965676
Zn,F,11,22,10,0.9090909090909091,0.45454545454545453,1.7768595041322313,5.627906976744186,0.002483481780135212
Zn,F,11,23,11,1.0,0.4782608695652174,1.8695652173913044,5.883720930232558,0.0002350620614942793
Zn,F,11,24,11,1.0,0.4583333333333333,1.7916666666666667,6.1395348837209305,0.00043396072891251563
Zn,F,11,25,11,1.0,0.44,1.72,6.395348837209302,0.0007749298730580636
Zn,F,11,26,11,1.0,0.4230769230769231,1.653846153846154,6.651162790697675,0.0013432117799673101
Zn,F,11,27,11,1.0,0.4074074074074074,1.5925925925925926,6.906976744186046,0.002266669878694836
Zn,F,11,28,11,1.0,0.39285714285714285,1.5357142857142856,7.162790697674419,0.003733338623732672
Zn,F,11,29,11,1.0,0.3793103448275862,1.4827586206896552,7.4186046511627906,0.0060148233382359695
Zn,F,11,30,11,1.0,0.36666666666666664,1.4333333333333333,7.674418604651163,0.009497089481425216
Zn,F,11,31,11,1.0,0.3548387096774194,1.3870967741935485,7.930232558139535,0.014720488696209084
Zn,F,11,32,11,1.0,0.34375,1.34375,8.186046511627907,0.022431220870413847
Zn,F,11,33,11,1.0,0.3333333333333333,1.303030303030303,8.44186046511628,0.03364683130562077
Zn,F,11,34,11,1.0,0.3235294117647059,1.2647058823529413,8.69767441860465,0.04973879410396114
Zn,F,11,35,11,1.0,0.3142857142857143,1.2285714285714286,8.953488372093023,0.07253574140160998
Zn,F,11,36,11,1.0,0.3055555555555556,1.1944444444444444,9.209302325581396,0.10445146761831839
Zn,F,11,37,11,1.0,0.2972972972972973,1.1621621621621623,9.465116279069768,0.1486424731491454
Zn,F,11,38,11,1.0,0.2894736842105263,1.131578947368421,9.720930232558139,0.20920051776546392
Zn,F,11,39,11,1.0,0.28205128205128205,1.1025641025641026,9.976744186046512,0.291386435459039
Zn,F,11,40,11,1.0,0.275,1.075,10.232558139534884,0.40191232477108824
Zn,F,11,41,11,1.0,0.2682926829268293,1.048780487804878,10.488372093023257,0.549280177187154
Zn,F,11,42,11,1.0,0.2619047619047619,1.023809523809524,10.744186046511627,0.7441860465116279
Zn,F,11,43,11,1.0,0.2558139534883721,1.0,11.0,1.0
Cu,F,11,1,1,0.09090909090909091,1.0,3.909090909090909,0.2558139534883721,0.2558139534883721
Cu,F,11,2,2,0.18181818181818182,1.0,3.909090909090909,0.5116279069767442,0.06090808416389812
Cu,F,11,3,3,0.2727272727272727,1.0,3.9090909090909087,0.7674418604651163,0.013370067255489832
Cu,F,11,4,4,0.36363636363636365,1.0,3.909090909090909,1.0232558139534884,0.0026740134510979665
Cu,F,11,5,4,0.36363636363636365,0.8,3.1272727272727274,1.2790697674418605,0.01145026272649642
Cu,F,11,6,4,0.36363636363636365,0.6666666666666666,2.606060606060606,1.5348837209302326,0.029349192169743268
Cu,F,11,7,5,0.45454545454545453,0.7142857142857143,2.7922077922077917,1.7906976744186047,0.00758022392795656
Cu,F,11,8,6,0.5454545454545454,0.75,2.9318181818181817,2.046511627906977,0.0016542270176924025
Cu,F,11,9,6,0.5454545454545454,0.6666666666666666,2.6060606060606055,2.302325581395349,0.004363254176670305
Cu,F,11,10,7,0.6363636363636364,0.7,2.7363636363636363,2.558139534883721,0.0008972929585662244
Cu,F,11,11,7,0.6363636363636364,0.6363636363636364,2.487603305785124,2.813953488372093,0.0022101570563329213
Cu,F,11,12,7,0.6363636363636364,0.5833333333333334,2.2803030303030303,3.0697674418604652,0.004737420444533811
Cu,F,11,13,8,0.7272727272727273,0.6153846153846154,2.405594405594406,3.3255813953488373,0.000963994924823726
Cu,F,11,14,8,0.7272727272727273,0.5714285714285714,2.2337662337662336,3.5813953488372094,0.0020540956305177506
Cu,F,11,15,8,0.7272727272727273,0.5333333333333333,2.084848484848485,3.8372093023255816,0.004008758964865657
Cu,F,11,16,9,0.8181818181818182,0.5625,2.1988636363636367,4.093023255813954,0.0007364431149528675
Cu,F,11,17,9,0.8181818181818182,0.5294117647058824,2.0695187165775404,4.348837209302325,0.0014636244149334875
Cu,F,11,18,9,0.8181818181818182,0.5,1.9545454545454546,4.604651162790698,0.0027315302713099526
Cu,F,11,19,9,0.8181818181818182,0.47368421052631576,1.8516746411483254,4.8604651162790695,0.00483118236946938
Cu,F,11,20,9,0.8181818181818182,0.45,1.7590909090909093,5.116279069767442,0.008155631524888473
Cu,F,11,21,9,0.8181818181818182,0.42857142857142855,1.6753246753246755,5.372093023255814,0.01321457589183057
Cu,F,11,22,9,0.8181818181818182,0.4090909090909091,1.5991735537190084,5.627906976744186,0.020643794892235053
Cu,F,11,23,9,0.8181818181818182,0.391304347826087,1.5296442687747038,5.883720930232558,0.03120642598804822
Cu,F,11,24,9,0.8181818181818182,0.375,1.465909090909091,6.1395348837209305,0.0457828569002704
Cu,F,11,25,9,0.8181818181818182,0.36,1.4072727272727272,6.395348837209302,0.06534596154562121
Cu,F,11,26,9,0.8181818181818182,0.34615384615384615,1.3531468531468533,6.651162790697675,0.09091864735653732
Cu,F,11,27,9,0.8181818181818182,0.3333333333333333,1.3030303030303032,6.906976744186046,0.12351128613515588
Cu,F,11,28,10,0.9090909090909091,0.35714285714285715,1.3961038961038958,7.162790697674419,0.03795560934128216
Cu,F,11,29,10,0.9090909090909091,0.3448275862068966,1.347962382445141,7.4186046511627906,0.054766549342885405
Cu,F,11,30,10,0.9090909090909091,0.3333333333333333,1.303030303030303,7.674418604651163,0.07740127927361551
Cu,F,11,31,10,0.9090909090909091,0.3225806451612903,1.2609970674486803,7.930232558139535,0.10724927478666618
Cu,F,11,32,10,0.9090909090909091,0.3125,1.2215909090909092,8.186046511627907,0.14580293565769
Cu,F,11,33,10,0.9090909090909091,0.30303030303030304,1.184573002754821,8.44186046511628,0.19456645928902444
Cu,F,11,34,10,0.9090909090909091,0.29411764705882354,1.1497326203208555,8.69767441860465,0.2549113197828009
Cu,F,11,35,11,1.0,0.3142857142857143,1.2285714285714286,8.953488372093023,0.07253574140160998
Cu,F,11,36,11,1.0,0.3055555555555556,1.1944444444444444,9.209302325581396,0.10445146761831839
Cu,F,11,37,11,1.0,0.2972972972972973,1.1621621621621623,9.465116279069768,0.1486424731491454
Cu,F,11,38,11,1.0,0.2894736842105263,1.131578947368421,9.720930232558139,0.20920051776546392
Cu,F,11,39,11,1.0,0.28205128205128205,1.1025641025641026,9.976744186046512,0.291386435459039
Cu,F,11,40,11,1.0,0.275,1.075,10.232558139534884,0.40191232477108824
Cu,F,11,41,11,1.0,0.2682926829268293,1.048780487804878,10.488372093023257,0.549280177187154
Cu,F,11,42,11,1.0,0.2619047619047619,1.023809523809524,10.744186046511627,0.7441860465116279
Cu,F,11,43,11,1.0,0.2558139534883721,1.0,11.0,1.0
Cr,F,11,1,0,0.0,0.0,0.0,0.2558139534883721,1.0
Cr,F,11,2,0,0.0,0.0,0.0,0.5116279069767442,1.0
Cr,F,11,3,0,0.0,0.0,0.0,0.7674418604651163,1.0
Cr,F,11,4,0,0.0,0.0,0.0,1.0232558139534884,1.0
Cr,F,11,5,0,0.0,0.0,0.0,1.2790697674418605,1.0
Cr,F,11,6,0,0.0,0.0,0.0,1.5348837209302326,1.0
Cr,F,11,7,0,0.0,0.0,0.0,1.7906976744186047,1.0
Cr,F,11,8,0,0.0,0.0,0.0,2.046511627906977,1.0
Cr,F,11,9,0,0.0,0.0,0.0,2.302325581395349,1.0
Cr,F,11,10,1,0.09090909090909091,0.1,0.39090909090909093,2.558139534883721,0.9663531686943793
Cr,F,11,11,2,0.18181818181818182,0.18181818181818182,0.7107438016528925,2.813953488372093,0.85419706434231
Cr,F,11,12,3,0.2727272727272727,0.25,0.9772727272727272,3.0697674418604652,0.6614287599871911
Cr,F,11,13,3,0.2727272727272727,0.23076923076923078,0.9020979020979021,3.3255813953488373,0.728586749891555
Cr,F,11,14,3,0.2727272727272727,0.21428571428571427,0.8376623376623376,3.5813953488372094,0.7867903411420039
Cr,F,11,15,3,0.2727272727272727,0.2,0.7818181818181817,3.8372093023255816,0.8359623406466934
Cr,F,11,16,3,0.2727272727272727,0.1875,0.7329545454545454,4.093023255813954,0.8764887138648442
Cr,F,11,17,4,0.36363636363636365,0.23529411764705882,0.9197860962566846,4.348837209302325,0.7243897328979575
Cr,F,11,18,5,0.45454545454545453,0.2777777777777778,1.0858585858585859,4.604651162790698,0.5254910654797211
Cr,F,11,19,5,0.45454545454545453,0.2631578947368421,1.0287081339712918,4.8604651162790695,0.5970945857502863
Cr,F,11,20,5,0.45454545454545453,0.25,0.9772727272727273,5.116279069767442,0.6651179300073231
Cr,F,11,21,5,0.45454545454545453,0.23809523809523808,0.9307359307359307,5.372093023255814,0.7279655850274114
Cr,F,11,22,5,0.45454545454545453,0.22727272727272727,0.8884297520661156,5.627906976744186,0.7844276494304855
Cr,F,11,23,5,0.45454545454545453,0.21739130434782608,0.8498023715415021,5.883720930232558,0.8337199278776136
Cr,F,11,24,5,0.45454545454545453,0.20833333333333334,0.8143939393939393,6.1395348837209305,0.8754886480354432
Cr,F,11,25,5,0.45454545454545453,0.2,0.7818181818181817,6.395348837209302,0.909782965638714
Cr,F,11,26,5,0.45454545454545453,0.19230769230769232,0.7517482517482518,6.651162790697675,0.9370006780222621
Cr,F,11,27,5,0.45454545454545453,0.18518518518518517,0.7239057239057238,6.906976744186046,0.9578142227861518
Cr,F,11,28,5,0.45454545454545453,0.17857142857142858,0.6980519480519479,7.162790697674419,0.9730850300857448
Cr,F,11,29,5,0.45454545454545453,0.1724137931034483,0.6739811912225705,7.4186046511627906,0.98377459519546
Cr,F,11,30,6,0.5454545454545454,0.2,0.7818181818181817,7.674418604651163,0.9483463222604042
Cr,F,11,31,6,0.5454545454545454,0.1935483870967742,0.7565982404692082,7.930232558139535,0.9679681349628966
Cr,F,11,32,7,0.6363636363636364,0.21875,0.8551136363636364,8.186046511627907,0.9088301716789957
Cr,F,11,33,7,0.6363636363636364,0.21212121212121213,0.8292011019283746,8.44186046511628,0.9419143469427165
Cr,F,11,34,8,0.7272727272727273,0.23529411764705882,0.9197860962566846,8.69767441860465,0.8483333940539063
Cr,F,11,35,8,0.7272727272727273,0.22857142857142856,0.8935064935064936,8.953488372093023,0.900707919127479
Cr,F,11,36,8,0.7272727272727273,0.2222222222222222,0.8686868686868686,9.209302325581396,0.9416255168412078
Cr,F,11,37,9,0.8181818181818182,0.24324324324324326,0.9508599508599509,9.465116279069768,0.8364088370059053
Cr,F,11,38,10,0.9090909090909091,0.2631578947368421,1.0287081339712918,9.720930232558139,0.6201301062333393
Cr,F,11,39,10,0.9090909090909091,0.2564102564102564,1.0023310023310024,9.976744186046512,0.733489992707236
Cr,F,11,40,10,0.9090909090909091,0.25,0.9772727272727273,10.232558139534884,0.8440158820192853
Cr,F,11,41,10,0.9090909090909091,0.24390243902439024,0.9534368070953436,10.488372093023257,0.9390919158361019
Cr,F,11,42,10,0.9090909090909091,0.23809523809523808,0.9307359307359307,10.744186046511627,1.0
Cr,F,11,43,11,1.0,0.2558139534883721,1.0,11.0,1.0
Co,F,11,1,0,0.0,0.0,0.0,0.2558139534883721,1.0
Co,F,11,2,1,0.09090909090909091,0.5,1.9545454545454546,0.5116279069767442,0.45071982281284606
Co,F,11,3,2,0.18181818181818182,0.6666666666666666,2.606060606060606,0.7674418604651163,0.1559841179807147
Co,F,11,4,2,0.18181818181818182,0.5,1.9545454545454546,1.0232558139534884,0.266510007292764
Co,F,11,5,2,0.18181818181818182,0.4,1.5636363636363637,1.2790697674418605,0.3798698937666606
Co,F,11,6,2,0.18181818181818182,0.3333333333333333,1.303030303030303,1.5348837209302326,0.48800925915294374
Co,F,11,7,2,0.18181818181818182,0.2857142857142857,1.1168831168831168,1.7906976744186047,0.5862114936658924
Co,F,11,8,2,0.18181818181818182,0.25,0.9772727272727273,2.046511627906977,0.6721384488647228
Co,F,11,9,2,0.18181818181818182,0.2222222222222222,0.8686868686868686,2.302325581395349,0.7450886802171991
Co,F,11,10,2,0.18181818181818182,0.2,0.7818181818181819,2.558139534883721,0.8054335407109756
Co,F,11,11,3,0.2727272727272727,0.2727272727272727,1.0661157024793386,2.813953488372093,0.5859976843699707
Co,F,11,12,3,0.2727272727272727,0.25,0.9772727272727272,3.0697674418604652,0.6614287599871911
Co,F,11,13,3,0.2727272727272727,0.23076923076923078,0.9020979020979021,3.3255813953488373,0.728586749891555
Co,F,11,14,3,0.2727272727272727,0.21428571428571427,0.8376623376623376,3.5813953488372094,0.7867903411420039
Co,F,11,15,4,0.36363636363636365,0.26666666666666666,1.0424242424242425,3.8372093023255816,0.5901023431232459
Co,F,11,16,5,0.45454545454545453,0.3125,1.2215909090909092,4.093023255813954,0.379365202388862
Co,F,11,17,5,0.45454545454545453,0.29411764705882354,1.1497326203208555,4.348837209302325,0.4522126090624762
Co,F,11,18,5,0.45454545454545453,0.2777777777777778,1.0858585858585859,4.604651162790698,0.5254910654797211
Co,F,11,19,5,0.45454545454545453,0.2631578947368421,1.0287081339712918,4.8604651162790695,0.5970945857502863
Co,F,11,20,6,0.5454545454545454,0.3,1.1727272727272726,5.116279069767442,0.3930245529791759
Co,F,11,21,7,0.6363636363636364,0.3333333333333333,1.303030303030303,5.372093023255814,0.21557235056951451
Co,F,11,22,7,0.6363636363636364,0.3181818181818182,1.243801652892562,5.627906976744186,0.2720344149725886
Co,F,11,23,8,0.7272727272727273,0.34782608695652173,1.3596837944664033,5.883720930232558,0.1283826320695294
Co,F,11,24,9,0.8181818181818182,0.375,1.465909090909091,6.1395348837209305,0.0457828569002704
Co,F,11,25,9,0.8181818181818182,0.36,1.4072727272727272,6.395348837209302,0.06534596154562121
Co,F,11,26,9,0.8181818181818182,0.34615384615384615,1.3531468531468533,6.651162790697675,0.09091864735653732
Co,F,11,27,10,0.9090909090909091,0.37037037037037035,1.4478114478114477,6.906976744186046,0.025733369799300194
Co,F,11,28,10,0.9090909090909091,0.35714285714285715,1.3961038961038958,7.162790697674419,0.03795560934128216
Co,F,11,29,11,1.0,0.3793103448275862,1.4827586206896552,7.4186046511627906,0.0060148233382359695
Co,F,11,30,11,1.0,0.36666666666666664,1.4333333333333333,7.674418604651163,0.009497089481425216
Co,F,11,31,11,1.0,0.3548387096774194,1.3870967741935485,7.930232558139535,0.014720488696209084
Co,F,11,32,11,1.0,0.34375,1.34375,8.186046511627907,0.022431220870413847
Co,F,11,33,11,1.0,0.3333333333333333,1.303030303030303,8.44186046511628,0.03364683130562077
Co,F,11,34,11,1.0,0.3235294117647059,1.2647058823529413,8.69767441860465,0.04973879410396114
Co,F,11,35,11,1.0,0.3142857142857143,1.2285714285714286,8.953488372093023,0.07253574140160998
Co,F,11,36,11,1.0,0.3055555555555556,1.1944444444444444,9.209302325581396,0.10445146761831839
Co,F,11,37,11,1.0,0.2972972972972973,1.1621621621621623,9.465116279069768,0.1486424731491454
Co,F,11,38,11,1.0,0.2894736842105263,1.131578947368421,9.720930232558139,0.20920051776546392
Co,F,11,39,11,1.0,0.28205128205128205,1.1025641025641026,9.976744186046512,0.291386435459039
Co,F,11,40,11,1.0,0.275,1.075,10.232558139534884,0.40191232477108824
Co,F,11,41,11,1.0,0.2682926829268293,1.048780487804878,10.488372093023257,0.549280177187154
Co,F,11,42,11,1.0,0.2619047619047619,1.023809523809524,10.744186046511627,0.7441860465116279
Co,F,11,43,11,1.0,0.2558139534883721,1.0,11.0,1.0
Ni,F,11,1,1,0.09090909090909091,1.0,3.909090909090909,0.2558139534883721,0.2558139534883721
Ni,F,11,2,2,0.18181818181818182,1.0,3.909090909090909,0.5116279069767442,0.06090808416389812
Ni,F,11,3,3,0.2727272727272727,1.0,3.9090909090909087,0.7674418604651163,0.013370067255489832
Ni,F,11,4,3,0.2727272727272727,0.75,2.9318181818181817,1.0232558139534884,0.04545822866866543
Ni,F,11,5,3,0.2727272727272727,0.6,2.3454545454545452,1.2790697674418605,0.09647017758191893
Ni,F,11,6,3,0.2727272727272727,0.5,1.9545454545454544,1.5348837209302326,0.16359116299409465
Ni,F,11,7,3,0.2727272727272727,0.42857142857142855,1.675324675324675,1.7906976744186047,0.24250367287057142
Ni,F,11,8,4,0.36363636363636365,0.5,1.9545454545454546,2.046511627906977,0.09929208087252091
Ni,F,11,9,4,0.36363636363636365,0.4444444444444444,1.7373737373737372,2.302325581395349,0.15166660594609369
Ni,F,11,10,4,0.36363636363636365,0.4,1.5636363636363637,2.558139534883721,0.21405390787196701
Ni,F,11,11,4,0.36363636363636365,0.36363636363636365,1.421487603305785,2.813953488372093,0.28427338190108864
Ni,F,11,12,5,0.45454545454545453,0.4166666666666667,1.6287878787878787,3.0697674418604652,0.13341123066664773
Ni,F,11,13,5,0.45454545454545453,0.38461538461538464,1.5034965034965035,3.3255813953488373,0.1845097012460552
Ni,F,11,14,5,0.45454545454545453,0.35714285714285715,1.3961038961038958,3.5813953488372094,0.24355682280448152
Ni,F,11,15,6,0.5454545454545454,0.4,1.5636363636363635,3.8372093023255816,0.11243149079197608
Ni,F,11,16,6,0.5454545454545454,0.375,1.4659090909090908,4.093023255813954,0.1545789189388528
Ni,F,11,17,6,0.5454545454545454,0.35294117647058826,1.3796791443850267,4.348837209302325,0.20453142637218819
Ni,F,11,18,6,0.5454545454545454,0.3333333333333333,1.3030303030303028,4.604651162790698,0.26168862237763935
Ni,F,11,19,7,0.6363636363636364,0.3684210526315789,1.4401913875598085,4.8604651162790695,0.12451135196455672
Ni,F,11,20,8,0.7272727272727273,0.4,1.5636363636363637,5.116279069767442,0.046940871671444555
Ni,F,11,21,8,0.7272727272727273,0.38095238095238093,1.4891774891774894,5.372093023255814,0.0676955152281301
Ni,F,11,22,9,0.8181818181818182,0.4090909090909091,1.5991735537190084,5.627906976744186,0.020643794892235053
Ni,F,11,23,10,0.9090909090909091,0.43478260869565216,1.6996047430830041,5.883720930232558,0.0042130354098590065
Ni,F,11,24,10,0.9090909090909091,0.4166666666666667,1.6287878787878787,6.1395348837209305,0.0069123744676779265
Ni,F,11,25,10,0.9090909090909091,0.4,1.5636363636363635,6.395348837209302,0.011004004197424503
Ni,F,11,26,10,0.9090909090909091,0.38461538461538464,1.5034965034965035,6.651162790697675,0.017041999458335247
Ni,F,11,27,10,0.9090909090909091,0.37037037037037035,1.4478114478114477,6.906976744186046,0.025733369799300194
Ni,F,11,28,11,1.0,0.39285714285714285,1.5357142857142856,7.162790697674419,0.003733338623732672
Ni,F,11,29,11,1.0,0.3793103448275862,1.4827586206896552,7.4186046511627906,0.0060148233382359695
Ni,F,11,30,11,1.0,0.36666666666666664,1.4333333333333333,7.674418604651163,0.009497089481425216
Ni,F,11,31,11,1.0,0.3548387096774194,1.3870967741935485,7.930232558139535,0.014720488696209084
Ni,F,11,32,11,1.0,0.34375,1.34375,8.186046511627907,0.022431220870413847
Ni,F,11,33,11,1.0,0.3333333333333333,1.303030303030303,8.44186046511628,0.03364683130562077
Ni,F,11,34,11,1.0,0.3235294117647059,1.2647058823529413,8.69767441860465,0.04973879410396114
Ni,F,11,35,11,1.0,0.3142857142857143,1.2285714285714286,8.953488372093023,0.07253574140160998
Ni,F,11,36,11,1.0,0.3055555555555556,1.1944444444444444,9.209302325581396,0.10445146761831839
Ni,F,11,37,11,1.0,0.2972972972972973,1.1621621621621623,9.465116279069768,0.1486424731491454
Ni,F,11,38,11,1.0,0.2894736842105263,1.131578947368421,9.720930232558139,0.20920051776546392
Ni,F,11,39,11,1.0,0.28205128205128205,1.1025641025641026,9.976744186046512,0.291386435459039
Ni,F,11,40,11,1.0,0.275,1.075,10.232558139534884,0.40191232477108824
Ni,F,11,41,11,1.0,0.2682926829268293,1.048780487804878,10.488372093023257,0.549280177187154
Ni,F,11,42,11,1.0,0.2619047619047619,1.023809523809524,10.744186046511627,0.7441860465116279
Ni,F,11,43,11,1.0,0.2558139534883721,1.0,11.0,1.0
Mn,F,11,1,0,0.0,0.0,0.0,0.2558139534883721,1.0
Mn,F,11,2,0,0.0,0.0,0.0,0.5116279069767442,1.0
Mn,F,11,3,0,0.0,0.0,0.0,0.7674418604651163,1.0
Mn,F,11,4,0,0.0,0.0,0.0,1.0232558139534884,1.0
Mn,F,11,5,0,0.0,0.0,0.0,1.2790697674418605,1.0
Mn,F,11,6,0,0.0,0.0,0.0,1.5348837209302326,1.0
Mn,F,11,7,0,0.0,0.0,0.0,1.7906976744186047,1.0
Mn,F,11,8,0,0.0,0.0,0.0,2.046511627906977,1.0
Mn,F,11,9,0,0.0,0.0,0.0,2.302325581395349,1.0
Mn,F,11,10,0,0.0,0.0,0.0,2.558139534883721,1.0
Mn,F,11,11,0,0.0,0.0,0.0,2.813953488372093,1.0
Mn,F,11,12,1,0.09090909090909091,0.08333333333333333,0.32575757575757575,3.0697674418604652,0.9852795113037909
Mn,F,11,13,1,0.09090909090909091,0.07692307692307693,0.30069930069930073,3.3255813953488373,0.9905029105185748
Mn,F,11,14,1,0.09090909090909091,0.07142857142857142,0.2792207792207792,3.5813953488372094,0.993985176661764
Mn,F,11,15,2,0.18181818181818182,0.13333333333333333,0.5212121212121212,3.8372093023255816,0.9620443906587178
Mn,F,11,16,2,0.18181818181818182,0.125,0.48863636363636365,4.093023255813954,0.9742666302006998
Mn,F,11,17,2,0.18181818181818182,0.11764705882352941,0.4598930481283423,4.348837209302325,0.9829580005416647
Mn,F,11,18,3,0.2727272727272727,0.16666666666666666,0.6515151515151514,4.604651162790698,0.9346540384543788
Mn,F,11,19,3,0.2727272727272727,0.15789473684210525,0.617224880382775,4.8604651162790695,0.9542171430997296
Mn,F,11,20,3,0.2727272727272727,0.15,0.5863636363636363,5.116279069767442,0.9687935740119518
Mn,F,11,21,4,0.36363636363636365,0.19047619047619047,0.7445887445887447,5.372093023255814,0.9054177874370728
Mn,F,11,22,5,0.45454545454545453,0.22727272727272727,0.8884297520661156,5.627906976744186,0.7844276494304855
Mn,F,11,23,6,0.5454545454545454,0.2608695652173913,1.0197628458498025,5.883720930232558,0.6069754470208242
Mn,F,11,24,7,0.6363636363636364,0.2916666666666667,1.1401515151515151,6.1395348837209305,0.40290541424971366
Mn,F,11,25,8,0.7272727272727273,0.32,1.250909090909091,6.395348837209302,0.2187820764111178
Mn,F,11,26,9,0.8181818181818182,0.34615384615384615,1.3531468531468533,6.651162790697675,0.09091864735653732
Mn,F,11,27,9,0.8181818181818182,0.3333333333333333,1.3030303030303032,6.906976744186046,0.12351128613515588
Mn,F,11,28,9,0.8181818181818182,0.32142857142857145,1.2564935064935066,7.162790697674419,0.1640376593533066
Mn,F,11,29,10,0.9090909090909091,0.3448275862068966,1.347962382445141,7.4186046511627906,0.054766549342885405
Mn,F,11,30,10,0.9090909090909091,0.3333333333333333,1.303030303030303,7.674418604651163,0.07740127927361551
Mn,F,11,31,10,0.9090909090909091,0.3225806451612903,1.2609970674486803,7.930232558139535,0.10724927478666618
Mn,F,11,32,10,0.9090909090909091,0.3125,1.2215909090909092,8.186046511627907,0.14580293565769
Mn,F,11,33,10,0.9090909090909091,0.30303030303030304,1.184573002754821,8.44186046511628,0.19456645928902444
Mn,F,11,34,11,1.0,0.3235294117647059,1.2647058823529413,8.69767441860465,0.04973879410396114
Mn,F,11,35,11,1.0,0.3142857142857143,1.2285714285714286,8.953488372093023,0.07253574140160998
Mn,F,11,36,11,1.0,0.3055555555555556,1.1944444444444444,9.209302325581396,0.10445146761831839
Mn,F,11,37,11,1.0,0.2972972972972973,1.1621621621621623,9.465116279069768,0.1486424731491454
Mn,F,11,38,11,1.0,0.2894736842105263,1.131578947368421,9.720930232558139,0.20920051776546392
Mn,F,11,39,11,1.0,0.28205128205128205,1.1025641025641026,9.976744186046512,0.291386435459039
Mn,F,11,40,11,1.0,0.275,1.075,10.232558139534884,0.40191232477108824
Mn,F,11,41,11,1.0,0.2682926829268293,1.048780487804878,10.488372093023257,0.549280177187154
Mn,F,11,42,11,1.0,0.2619047619047619,1.023809523809524,10.744186046511627,0.7441860465116279
Mn,F,11,43,11,1.0,0.2558139534883721,1.0,11.0,1.0
Pb,F,11,1,1,0.09090909090909091,1.0,3.909090909090909,0.2558139534883721,0.2558139534883721
Pb,F,11,2,2,0.18181818181818182,1.0,3.909090909090909,0.5116279069767442,0.06090808416389812
Pb,F,11,3,3,0.2727272727272727,1.0,3.9090909090909087,0.7674418604651163,0.013370067255489832
Pb,F,11,4,4,0.36363636363636365,1.0,3.909090909090909,1.0232558139534884,0.0026740134510979665
Pb,F,11,5,4,0.36363636363636365,0.8,3.1272727272727274,1.2790697674418605,0.01145026272649642
Pb,F,11,6,4,0.36363636363636365,0.6666666666666666,2.606060606060606,1.5348837209302326,0.029349192169743268
Pb,F,11,7,4,0.36363636363636365,0.5714285714285714,2.2337662337662336,1.7906976744186047,0.05837448315879221
Pb,F,11,8,5,0.45454545454545453,0.625,2.4431818181818183,2.046511627906977,0.01745688544506349
Pb,F,11,9,5,0.45454545454545453,0.5555555555555556,2.1717171717171717,2.302325581395349,0.03382392453055497
Pb,F,11,10,6,0.5454545454545454,0.6,2.3454545454545452,2.558139534883721,0.009562196003826422
Pb,F,11,11,7,0.6363636363636364,0.6363636363636364,2.487603305785124,2.813953488372093,0.0022101570563329213
Pb,F,11,12,8,0.7272727272727273,0.6666666666666666,2.606060606060606,3.0697674418604652,0.0004049689219037132
Pb,F,11,13,8,0.7272727272727273,0.6153846153846154,2.405594405594406,3.3255813953488373,0.000963994924823726
Pb,F,11,14,8,0.7272727272727273,0.5714285714285714,2.2337662337662336,3.5813953488372094,0.0020540956305177506
Pb,F,11,15,8,0.7272727272727273,0.5333333333333333,2.084848484848485,3.8372093023255816,0.004008758964865657
Pb,F,11,16,8,0.7272727272727273,0.5,1.9545454545454546,4.093023255813954,0.007281074814778449
Pb,F,11,17,8,0.7272727272727273,0.47058823529411764,1.8395721925133692,4.348837209302325,0.012452141836862853
Pb,F,11,18,8,0.7272727272727273,0.4444444444444444,1.7373737373737372,4.604651162790698,0.020228631089305178
Pb,F,11,19,9,0.8181818181818182,0.47368421052631576,1.8516746411483254,4.8604651162790695,0.00483118236946938
Pb,F,11,20,9,0.8181818181818182,0.45,1.7590909090909093,5.116279069767442,0.008155631524888473
Pb,F,11,21,9,0.8181818181818182,0.42857142857142855,1.6753246753246755,5.372093023255814,0.01321457589183057
Pb,F,11,22,9,0.8181818181818182,0.4090909090909091,1.5991735537190084,5.627906976744186,0.020643794892235053
Pb,F,11,23,9,0.8181818181818182,0.391304347826087,1.5296442687747038,5.883720930232558,0.03120642598804822
Pb,F,11,24,9,0.8181818181818182,0.375,1.465909090909091,6.1395348837209305,0.0457828569002704
Pb,F,11,25,10,0.9090909090909091,0.4,1.5636363636363635,6.395348837209302,0.011004004197424503
Pb,F,11,26,10,0.9090909090909091,0.38461538461538464,1.5034965034965035,6.651162790697675,0.017041999458335247
Pb,F,11,27,10,0.9090909090909091,0.37037037037037035,1.4478114478114477,6.906976744186046,0.025733369799300194
Pb,F,11,28,10,0.9090909090909091,0.35714285714285715,1.3961038961038958,7.162790697674419,0.03795560934128216
Pb,F,11,29,10,0.9090909090909091,0.3448275862068966,1.347962382445141,7.4186046511627906,0.054766549342885405
Pb,F,11,30,11,1.0,0.36666666666666664,1.4333333333333333,7.674418604651163,0.009497089481425216
Pb,F,11,31,11,1.0,0.3548387096774194,1.3870967741935485,7.930232558139535,0.014720488696209084
Pb,F,11,32,11,1.0,0.34375,1.34375,8.186046511627907,0.022431220870413847
Pb,F,11,33,11,1.0,0.3333333333333333,1.303030303030303,8.44186046511628,0.03364683130562077
Pb,F,11,34,11,1.0,0.3235294117647059,1.2647058823529413,8.69767441860465,0.04973879410396114
Pb,F,11,35,11,1.0,0.3142857142857143,1.2285714285714286,8.953488372093023,0.07253574140160998
Pb,F,11,36,11,1.0,0.3055555555555556,1.1944444444444444,9.209302325581396,0.10445146761831839
Pb,F,11,37,11,1.0,0.2972972972972973,1.1621621621621623,9.465116279069768,0.1486424731491454
Pb,F,11,38,11,1.0,0.2894736842105263,1.131578947368421,9.720930232558139,0.20920051776546392
Pb,F,11,39,11,1.0,0.28205128205128205,1.1025641025641026,9.976744186046512,0.291386435459039
Pb,F,11,40,11,1.0,0.275,1.075,10.232558139534884,0.40191232477108824
Pb,F,11,41,11,1.0,0.2682926829268293,1.048780487804878,10.488372093023257,0.549280177187154
Pb,F,11,42,11,1.0,0.2619047619047619,1.023809523809524,10.744186046511627,0.7441860465116279
Pb,F,11,43,11,1.0,0.2558139534883721,1.0,11.0,1.0
Cd,F,11,1,0,0.0,0.0,0.0,0.2558139534883721,1.0
Cd,F,11,2,0,0.0,0.0,0.0,0.5116279069767442,1.0
Cd,F,11,3,0,0.0,0.0,0.0,0.7674418604651163,1.0
Cd,F,11,4,0,0.0,0.0,0.0,1.0232558139534884,1.0
Cd,F,11,5,0,0.0,0.0,0.0,1.2790697674418605,1.0
Cd,F,11,6,0,0.0,0.0,0.0,1.5348837209302326,1.0
Cd,F,11,7,0,0.0,0.0,0.0,1.7906976744186047,1.0
Cd,F,11,8,0,0.0,0.0,0.0,2.046511627906977,1.0
Cd,F,11,9,0,0.0,0.0,0.0,2.302325581395349,1.0
Cd,F,11,10,0,0.0,0.0,0.0,2.558139534883721,1.0
Cd,F,11,11,1,0.09090909090909091,0.09090909090909091,0.35537190082644626,2.813953488372093,0.9775687791295862
Cd,F,11,12,1,0.09090909090909091,0.08333333333333333,0.32575757575757575,3.0697674418604652,0.9852795113037909
Cd,F,11,13,1,0.09090909090909091,0.07692307692307693,0.30069930069930073,3.3255813953488373,0.9905029105185748
Cd,F,11,14,2,0.18181818181818182,0.14285714285714285,0.5584415584415584,3.5813953488372094,0.9452334506571146
Cd,F,11,15,2,0.18181818181818182,0.13333333333333333,0.5212121212121212,3.8372093023255816,0.9620443906587178
Cd,F,11,16,2,0.18181818181818182,0.125,0.48863636363636365,4.093023255813954,0.9742666302006998
Cd,F,11,17,2,0.18181818181818182,0.11764705882352941,0.4598930481283423,4.348837209302325,0.9829580005416647
Cd,F,11,18,2,0.18181818181818182,0.1111111111111111,0.4343434343434343,4.604651162790698,0.9889959958025755
Cd,F,11,19,3,0.2727272727272727,0.15789473684210525,0.617224880382775,4.8604651162790695,0.9542171430997296
Cd,F,11,20,3,0.2727272727272727,0.15,0.5863636363636363,5.116279069767442,0.9687935740119518
Cd,F,11,21,3,0.2727272727272727,0.14285714285714285,0.5584415584415584,5.372093023255814,0.979356205107765
Cd,F,11,22,3,0.2727272727272727,0.13636363636363635,0.5330578512396693,5.627906976744186,0.9867854241081694
Cd,F,11,23,3,0.2727272727272727,0.13043478260869565,0.5098814229249012,5.883720930232558,0.9918443684751115
Cd,F,11,24,3,0.2727272727272727,0.125,0.4886363636363636,6.1395348837209305,0.9951688176305307
Cd,F,11,25,3,0.2727272727272727,0.12,0.469090909090909,6.395348837209302,0.9972684697286901
Cd,F,11,26,4,0.36363636363636365,0.15384615384615385,0.6013986013986015,6.651162790697675,0.9875478581631372
Cd,F,11,27,4,0.36363636363636365,0.14814814814814814,0.5791245791245792,6.906976744186046,0.9927189251852215
Cd,F,11,28,4,0.36363636363636365,0.14285714285714285,0.5584415584415584,7.162790697674419,0.9959912410351344
Cd,F,11,29,5,0.45454545454545453,0.1724137931034483,0.6739811912225705,7.4186046511627906,0.98377459519546
Cd,F,11,30,5,0.45454545454545453,0.16666666666666666,0.6515151515151515,7.674418604651163,0.9908602497824711
Cd,F,11,31,5,0.45454545454545453,0.16129032258064516,0.6304985337243402,7.930232558139535,0.9952625795554662
Cd,F,11,32,6,0.5454545454545454,0.1875,0.7329545454545454,8.186046511627907,0.9816153572591814
Cd,F,11,33,7,0.6363636363636364,0.21212121212121213,0.8292011019283746,8.44186046511628,0.9419143469427165
Cd,F,11,34,7,0.6363636363636364,0.20588235294117646,0.8048128342245989,8.69767441860465,0.9661760754694451
Cd,F,11,35,8,0.7272727272727273,0.22857142857142856,0.8935064935064936,8.953488372093023,0.900707919127479
Cd,F,11,36,9,0.8181818181818182,0.25,0.9772727272727273,9.209302325581396,0.7574963271294286
Cd,F,11,37,9,0.8181818181818182,0.24324324324324326,0.9508599508599509,9.465116279069768,0.8364088370059053
Cd,F,11,38,9,0.8181818181818182,0.23684210526315788,0.9258373205741627,9.720930232558139,0.903529822418081
Cd,F,11,39,10,0.9090909090909091,0.2564102564102564,1.0023310023310024,9.976744186046512,0.733489992707236
Cd,F,11,40,11,1.0,0.275,1.075,10.232558139534884,0.40191232477108824
Cd,F,11,41,11,1.0,0.2682926829268293,1.048780487804878,10.488372093023257,0.549280177187154
Cd,F,11,42,11,1.0,0.2619047619047619,1.023809523809524,10.744186046511627,0.7441860465116279
Cd,F,11,43,11,1.0,0.2558139534883721,1.0,11.0,1.0
Fe,C,11,1,0,0.0,0.0,0.0,0.2558139534883721,1.0
Fe,C,11,2,0,0.0,0.0,0.0,0.5116279069767442,1.0
Fe,C,11,3,0,0.0,0.0,0.0,0.7674418604651163,1.0
Fe,C,11,4,0,0.0,0.0,0.0,1.0232558139534884,1.0
Fe,C,11,5,0,0.0,0.0,0.0,1.2790697674418605,1.0
Fe,C,11,6,0,0.0,0.0,0.0,1.5348837209302326,1.0
Fe,C,11,7,0,0.0,0.0,0.0,1.7906976744186047,1.0
Fe,C,11,8,1,0.09090909090909091,0.125,0.48863636363636365,2.046511627906977,0.92746425859839
Fe,C,11,9,1,0.09090909090909091,0.1111111111111111,0.4343434343434343,2.302325581395349,0.9502612058960389
Fe,C,11,10,2,0.18181818181818182,0.2,0.7818181818181819,2.558139534883721,0.8054335407109756
Fe,C,11,11,2,0.18181818181818182,0.18181818181818182,0.7107438016528925,2.813953488372093,0.85419706434231
Fe,C,11,12,3,0.2727272727272727,0.25,0.9772727272727272,3.0697674418604652,0.6614287599871911
Fe,C,11,13,4,0.36363636363636365,0.3076923076923077,1.202797202797203,3.3255813953488373,0.4375687936393109
Fe,C,11,14,4,0.36363636363636365,0.2857142857142857,1.1168831168831168,3.5813953488372094,0.5151735819732427
Fe,C,11,15,4,0.36363636363636365,0.26666666666666666,1.0424242424242425,3.8372093023255816,0.5901023431232459
Fe,C,11,16,4,0.36363636363636365,0.25,0.9772727272727273,4.093023255813954,0.6603480567013738
Fe,C,11,17,5,0.45454545454545453,0.29411764705882354,1.1497326203208555,4.348837209302325,0.4522126090624762
Fe,C,11,18,6,0.5454545454545454,0.3333333333333333,1.3030303030303028,4.604651162790698,0.26168862237763935
Fe,C,11,19,7,0.6363636363636364,0.3684210526315789,1.4401913875598085,4.8604651162790695,0.12451135196455672
Fe,C,11,20,8,0.7272727272727273,0.4,1.5636363636363637,5.116279069767442,0.046940871671444555
Fe,C,11,21,8,0.7272727272727273,0.38095238095238093,1.4891774891774894,5.372093023255814,0.0676955152281301
Fe,C,11,22,9,0.8181818181818182,0.4090909090909091,1.5991735537190084,5.627906976744186,0.020643794892235053
Fe,C,11,23,10,0.9090909090909091,0.43478260869565216,1.6996047430830041,5.883720930232558,0.0042130354098590065
Fe,C,11,24,11,1.0,0.4583333333333333,1.7916666666666667,6.1395348837209305,0.00043396072891251563
Fe,C,11,25,11,1.0,0.44,1.72,6.395348837209302,0.0007749298730580636
Fe,C,11,26,11,1.0,0.4230769230769231,1.653846153846154,6.651162790697675,0.0013432117799673101
Fe,C,11,27,11,1.0,0.4074074074074074,1.5925925925925926,6.906976744186046,0.002266669878694836
Fe,C,11,28,11,1.0,0.39285714285714285,1.5357142857142856,7.162790697674419,0.003733338623732672
Fe,C,11,29,11,1.0,0.3793103448275862,1.4827586206896552,7.4186046511627906,0.0060148233382359695
Fe,C,11,30,11,1.0,0.36666666666666664,1.4333333333333333,7.674418604651163,0.009497089481425216
Fe,C,11,31,11,1.0,0.3548387096774194,1.3870967741935485,7.930232558139535,0.014720488696209084
Fe,C,11,32,11,1.0,0.34375,1.34375,8.186046511627907,0.022431220870413847
Fe,C,11,33,11,1.0,0.3333333333333333,1.303030303030303,8.44186046511628,0.03364683130562077
Fe,C,11,34,11,1.0,0.3235294117647059,1.2647058823529413,8.69767441860465,0.04973879410396114
Fe,C,11,35,11,1.0,0.3142857142857143,1.2285714285714286,8.953488372093023,0.07253574140160998
Fe,C,11,36,11,1.0,0.3055555555555556,1.1944444444444444,9.209302325581396,0.10445146761831839
Fe,C,11,37,11,1.0,0.2972972972972973,1.1621621621621623,9.465116279069768,0.1486424731491454
Fe,C,11,38,11,1.0,0.2894736842105263,1.131578947368421,9.720930232558139,0.20920051776546392
Fe,C,11,39,11,1.0,0.28205128205128205,1.1025641025641026,9.976744186046512,0.291386435459039
Fe,C,11,40,11,1.0,0.275,1.075,10.232558139534884,0.40191232477108824
Fe,C,11,41,11,1.0,0.2682926829268293,1.048780487804878,10.488372093023257,0.549280177187154
Fe,C,11,42,11,1.0,0.2619047619047619,1.023809523809524,10.744186046511627,0.7441860465116279
Fe,C,11,43,11,1.0,0.2558139534883721,1.0,11.0,1.0
Zn,C,11,1,1,0.09090909090909091,1.0,3.909090909090909,0.2558139534883721,0.2558139534883721
Zn,C,11,2,2,0.18181818181818182,1.0,3.909090909090909,0.5116279069767442,0.06090808416389812
Zn,C,11,3,3,0.2727272727272727,1.0,3.9090909090909087,0.7674418604651163,0.013370067255489832
Zn,C,11,4,3,0.2727272727272727,0.75,2.9318181818181817,1.0232558139534884,0.04545822866866543
Zn,C,11,5,4,0.36363636363636365,0.8,3.1272727272727274,1.2790697674418605,0.01145026272649642
Zn,C,11,6,4,0.36363636363636365,0.6666666666666666,2.606060606060606,1.5348837209302326,0.029349192169743268
Zn,C,11,7,4,0.36363636363636365,0.5714285714285714,2.2337662337662336,1.7906976744186047,0.05837448315879221
Zn,C,11,8,4,0.36363636363636365,0.5,1.9545454545454546,2.046511627906977,0.09929208087252091
Zn,C,11,9,4,0.36363636363636365,0.4444444444444444,1.7373737373737372,2.302325581395349,0.15166660594609369
Zn,C,11,10,4,0.36363636363636365,0.4,1.5636363636363637,2.558139534883721,0.21405390787196701
Zn,C,11,11,4,0.36363636363636365,0.36363636363636365,1.421487603305785,2.813953488372093,0.28427338190108864
Zn,C,11,12,4,0.36363636363636365,0.3333333333333333,1.303030303030303,3.0697674418604652,0.35970445751830915
Zn,C,11,13,5,0.45454545454545453,0.38461538461538464,1.5034965034965035,3.3255813953488373,0.1845097012460552
Zn,C,11,14,6,0.5454545454545454,0.42857142857142855,1.675324675324675,3.5813953488372094,0.07822488244088774
Zn,C,11,15,6,0.5454545454545454,0.4,1.5636363636363635,3.8372093023255816,0.11243149079197608
Zn,C,11,16,6,0.5454545454545454,0.375,1.4659090909090908,4.093023255813954,0.1545789189388528
Zn,C,11,17,6,0.5454545454545454,0.35294117647058826,1.3796791443850267,4.348837209302325,0.20453142637218819
Zn,C,11,18,6,0.5454545454545454,0.3333333333333333,1.3030303030303028,4.604651162790698,0.26168862237763935
Zn,C,11,19,6,0.5454545454545454,0.3157894736842105,1.23444976076555,4.8604651162790695,0.32500120872213895
Zn,C,11,20,7,0.6363636363636364,0.35,1.3681818181818182,5.116279069767442,0.16628007212238632
Zn,C,11,21,7,0.6363636363636364,0.3333333333333333,1.303030303030303,5.372093023255814,0.21557235056951451
Zn,C,11,22,8,0.7272727272727273,0.36363636363636365,1.421487603305785,5.627906976744186,0.09458221256292726
Zn,C,11,23,8,0.7272727272727273,0.34782608695652173,1.3596837944664033,5.883720930232558,0.1283826320695294
Zn,C,11,24,8,0.7272727272727273,0.3333333333333333,1.303030303030303,6.1395348837209305,0.1696825196541589
Zn,C,11,25,8,0.7272727272727273,0.32,1.250909090909091,6.395348837209302,0.2187820764111178
Zn,C,11,26,9,0.8181818181818182,0.34615384615384615,1.3531468531468533,6.651162790697675,0.09091864735653732
Zn,C,11,27,9,0.8181818181818182,0.3333333333333333,1.3030303030303032,6.906976744186046,0.12351128613515588
Zn,C,11,28,9,0.8181818181818182,0.32142857142857145,1.2564935064935066,7.162790697674419,0.1640376593533066
Zn,C,11,29,9,0.8181818181818182,0.3103448275862069,1.2131661442006272,7.4186046511627906,0.2132096588579961
Zn,C,11,30,9,0.8181818181818182,0.3,1.1727272727272728,7.674418604651163,0.2714132501084449
Zn,C,11,31,9,0.8181818181818182,0.2903225806451613,1.1348973607038124,7.930232558139535,0.3385712400128089
Zn,C,11,32,9,0.8181818181818182,0.28125,1.0994318181818183,8.186046511627907,0.4140023156300293
Zn,C,11,33,10,0.9090909090909091,0.30303030303030304,1.184573002754821,8.44186046511628,0.19456645928902444
Zn,C,11,34,10,0.9090909090909091,0.29411764705882354,1.1497326203208555,8.69767441860465,0.2549113197828009
Zn,C,11,35,10,0.9090909090909091,0.2857142857142857,1.1168831168831168,8.953488372093023,0.32786155113527715
Zn,C,11,36,10,0.9090909090909091,0.2777777777777778,1.0858585858585859,9.209302325581396,0.4137885063341075
Zn,C,11,37,10,0.9090909090909091,0.2702702702702703,1.0565110565110565,9.465116279069768,0.5119907408470563
Zn,C,11,38,10,0.9090909090909091,0.2631578947368421,1.0287081339712918,9.720930232558139,0.6201301062333393
Zn,C,11,39,10,0.9090909090909091,0.2564102564102564,1.0023310023310024,9.976744186046512,0.733489992707236
Zn,C,11,40,11,1.0,0.275,1.075,10.232558139534884,0.40191232477108824
Zn,C,11,41,11,1.0,0.2682926829268293,1.048780487804878,10.488372093023257,0.549280177187154
Zn,C,11,42,11,1.0,0.2619047619047619,1.023809523809524,10.744186046511627,0.7441860465116279
Zn,C,11,43,11,1.0,0.2558139534883721,1.0,11.0,1.0
Cu,C,11,1,0,0.0,0.0,0.0,0.2558139534883721,1.0
Cu,C,11,2,1,0.09090909090909091,0.5,1.9545454545454546,0.5116279069767442,0.45071982281284606
Cu,C,11,3,1,0.09090909090909091,0.3333333333333333,1.303030303030303,0.7674418604651163,0.5980876752289117
Cu,C,11,4,1,0.09090909090909091,0.25,0.9772727272727273,1.0232558139534884,0.708613564540961
Cu,C,11,5,1,0.09090909090909091,0.2,0.7818181818181819,1.2790697674418605,0.7907994822345361
Cu,C,11,6,1,0.09090909090909091,0.16666666666666666,0.6515151515151515,1.5348837209302326,0.8513575268508546
Cu,C,11,7,1,0.09090909090909091,0.14285714285714285,0.5584415584415584,1.7906976744186047,0.8955485323816815
Cu,C,11,8,1,0.09090909090909091,0.125,0.48863636363636365,2.046511627906977,0.92746425859839
Cu,C,11,9,1,0.09090909090909091,0.1111111111111111,0.4343434343434343,2.302325581395349,0.9502612058960389
Cu,C,11,10,2,0.18181818181818182,0.2,0.7818181818181819,2.558139534883721,0.8054335407109756
Cu,C,11,11,2,0.18181818181818182,0.18181818181818182,0.7107438016528925,2.813953488372093,0.85419706434231
Cu,C,11,12,2,0.18181818181818182,0.16666666666666666,0.6515151515151515,3.0697674418604652,0.8927507252133338
Cu,C,11,13,2,0.18181818181818182,0.15384615384615385,0.6013986013986015,3.3255813953488373,0.9225987207263845
Cu,C,11,14,2,0.18181818181818182,0.14285714285714285,0.5584415584415584,3.5813953488372094,0.9452334506571146
Cu,C,11,15,3,0.2727272727272727,0.2,0.7818181818181817,3.8372093023255816,0.8359623406466934
Cu,C,11,16,3,0.2727272727272727,0.1875,0.7329545454545454,4.093023255813954,0.8764887138648442
Cu,C,11,17,3,0.2727272727272727,0.17647058823529413,0.6898395721925134,4.348837209302325,0.9090813526434627
Cu,C,11,18,3,0.2727272727272727,0.16666666666666666,0.6515151515151514,4.604651162790698,0.9346540384543788
Cu,C,11,19,4,0.36363636363636365,0.21052631578947367,0.8229665071770335,4.8604651162790695,0.8303174803458411
Cu,C,11,20,4,0.36363636363636365,0.2,0.7818181818181819,5.116279069767442,0.8716173679304706
Cu,C,11,21,5,0.45454545454545453,0.23809523809523808,0.9307359307359307,5.372093023255814,0.7279655850274114
Cu,C,11,22,5,0.45454545454545453,0.22727272727272727,0.8884297520661156,5.627906976744186,0.7844276494304855
Cu,C,11,23,5,0.45454545454545453,0.21739130434782608,0.8498023715415021,5.883720930232558,0.8337199278776136
Cu,C,11,24,5,0.45454545454545453,0.20833333333333334,0.8143939393939393,6.1395348837209305,0.8754886480354432
Cu,C,11,25,5,0.45454545454545453,0.2,0.7818181818181817,6.395348837209302,0.909782965638714
Cu,C,11,26,6,0.5454545454545454,0.23076923076923078,0.9020979020979021,6.651162790697675,0.7954685736278118
Cu,C,11,27,6,0.5454545454545454,0.2222222222222222,0.8686868686868686,6.906976744186046,0.8454210810611472
Cu,C,11,28,6,0.5454545454545454,0.21428571428571427,0.8376623376623376,7.162790697674419,0.8875685092080239
Cu,C,11,29,6,0.5454545454545454,0.20689655172413793,0.8087774294670846,7.4186046511627906,0.9217751175591122
Cu,C,11,30,7,0.6363636363636364,0.23333333333333334,0.9121212121212121,7.674418604651163,0.8154902987539447
Cu,C,11,31,7,0.6363636363636364,0.22580645161290322,0.8826979472140764,7.930232558139535,0.8665887693333523
Cu,C,11,32,7,0.6363636363636364,0.21875,0.8551136363636364,8.186046511627907,0.9088301716789957
Cu,C,11,33,7,0.6363636363636364,0.21212121212121213,0.8292011019283746,8.44186046511628,0.9419143469427165
Cu,C,11,34,8,0.7272727272727273,0.23529411764705882,0.9197860962566846,8.69767441860465,0.8483333940539063
Cu,C,11,35,9,0.8181818181818182,0.2571428571428571,1.0051948051948052,8.953488372093023,0.6715693719305983
Cu,C,11,36,9,0.8181818181818182,0.25,0.9772727272727273,9.209302325581396,0.7574963271294286
Cu,C,11,37,9,0.8181818181818182,0.24324324324324326,0.9508599508599509,9.465116279069768,0.8364088370059053
Cu,C,11,38,9,0.8181818181818182,0.23684210526315788,0.9258373205741627,9.720930232558139,0.903529822418081
Cu,C,11,39,9,0.8181818181818182,0.23076923076923078,0.9020979020979022,9.976744186046512,0.9545417713313346
Cu,C,11,40,10,0.9090909090909091,0.25,0.9772727272727273,10.232558139534884,0.8440158820192853
Cu,C,11,41,10,0.9090909090909091,0.24390243902439024,0.9534368070953436,10.488372093023257,0.9390919158361019
Cu,C,11,42,10,0.9090909090909091,0.23809523809523808,0.9307359307359307,10.744186046511627,1.0
Cu,C,11,43,11,1.0,0.2558139534883721,1.0,11.0,1.0
Cr,C,11,1,0,0.0,0.0,0.0,0.2558139534883721,1.0
Cr,C,11,2,0,0.0,0.0,0.0,0.5116279069767442,1.0
Cr,C,11,3,0,0.0,0.0,0.0,0.7674418604651163,1.0
Cr,C,11,4,1,0.09090909090909091,0.25,0.9772727272727273,1.0232558139534884,0.708613564540961
Cr,C,11,5,2,0.18181818181818182,0.4,1.5636363636363637,1.2790697674418605,0.3798698937666606
Cr,C,11,6,2,0.18181818181818182,0.3333333333333333,1.303030303030303,1.5348837209302326,0.48800925915294374
Cr,C,11,7,2,0.18181818181818182,0.2857142857142857,1.1168831168831168,1.7906976744186047,0.5862114936658924
Cr,C,11,8,2,0.18181818181818182,0.25,0.9772727272727273,2.046511627906977,0.6721384488647228
Cr,C,11,9,3,0.2727272727272727,0.3333333333333333,1.3030303030303028,2.302325581395349,0.41681263913105576
Cr,C,11,10,4,0.36363636363636365,0.4,1.5636363636363637,2.558139534883721,0.21405390787196701
Cr,C,11,11,4,0.36363636363636365,0.36363636363636365,1.421487603305785,2.813953488372093,0.28427338190108864
Cr,C,11,12,5,0.45454545454545453,0.4166666666666667,1.6287878787878787,3.0697674418604652,0.13341123066664773
Cr,C,11,13,5,0.45454545454545453,0.38461538461538464,1.5034965034965035,3.3255813953488373,0.1845097012460552
Cr,C,11,14,5,0.45454545454545453,0.35714285714285715,1.3961038961038958,3.5813953488372094,0.24355682280448152
Cr,C,11,15,5,0.45454545454545453,0.3333333333333333,1.303030303030303,3.8372093023255816,0.3091194888107342
Cr,C,11,16,5,0.45454545454545453,0.3125,1.2215909090909092,4.093023255813954,0.379365202388862
Cr,C,11,17,6,0.5454545454545454,0.35294117647058826,1.3796791443850267,4.348837209302325,0.20453142637218819
Cr,C,11,18,7,0.6363636363636364,0.3888888888888889,1.52020202020202,4.604651162790698,0.09021703436128607
Cr,C,11,19,7,0.6363636363636364,0.3684210526315789,1.4401913875598085,4.8604651162790695,0.12451135196455672
Cr,C,11,20,7,0.6363636363636364,0.35,1.3681818181818182,5.116279069767442,0.16628007212238632
Cr,C,11,21,8,0.7272727272727273,0.38095238095238093,1.4891774891774894,5.372093023255814,0.0676955152281301
Cr,C,11,22,8,0.7272727272727273,0.36363636363636365,1.421487603305785,5.627906976744186,0.09458221256292726
Cr,C,11,23,9,0.8181818181818182,0.391304347826087,1.5296442687747038,5.883720930232558,0.03120642598804822
Cr,C,11,24,10,0.9090909090909091,0.4166666666666667,1.6287878787878787,6.1395348837209305,0.0069123744676779265
Cr,C,11,25,10,0.9090909090909091,0.4,1.5636363636363635,6.395348837209302,0.011004004197424503
Cr,C,11,26,10,0.9090909090909091,0.38461538461538464,1.5034965034965035,6.651162790697675,0.017041999458335247
Cr,C,11,27,10,0.9090909090909091,0.37037037037037035,1.4478114478114477,6.906976744186046,0.025733369799300194
Cr,C,11,28,10,0.9090909090909091,0.35714285714285715,1.3961038961038958,7.162790697674419,0.03795560934128216
Cr,C,11,29,10,0.9090909090909091,0.3448275862068966,1.347962382445141,7.4186046511627906,0.054766549342885405
Cr,C,11,30,10,0.9090909090909091,0.3333333333333333,1.303030303030303,7.674418604651163,0.07740127927361551
Cr,C,11,31,10,0.9090909090909091,0.3225806451612903,1.2609970674486803,7.930232558139535,0.10724927478666618
Cr,C,11,32,10,0.9090909090909091,0.3125,1.2215909090909092,8.186046511627907,0.14580293565769
Cr,C,11,33,10,0.9090909090909091,0.30303030303030304,1.184573002754821,8.44186046511628,0.19456645928902444
Cr,C,11,34,10,0.9090909090909091,0.29411764705882354,1.1497326203208555,8.69767441860465,0.2549113197828009
Cr,C,11,35,10,0.9090909090909091,0.2857142857142857,1.1168831168831168,8.953488372093023,0.32786155113527715
Cr,C,11,36,10,0.9090909090909091,0.2777777777777778,1.0858585858585859,9.209302325581396,0.4137885063341075
Cr,C,11,37,10,0.9090909090909091,0.2702702702702703,1.0565110565110565,9.465116279069768,0.5119907408470563
Cr,C,11,38,10,0.9090909090909091,0.2631578947368421,1.0287081339712918,9.720930232558139,0.6201301062333393
Cr,C,11,39,10,0.9090909090909091,0.2564102564102564,1.0023310023310024,9.976744186046512,0.733489992707236
Cr,C,11,40,10,0.9090909090909091,0.25,0.9772727272727273,10.232558139534884,0.8440158820192853
Cr,C,11,41,11,1.0,0.2682926829268293,1.048780487804878,10.488372093023257,0.549280177187154
Cr,C,11,42,11,1.0,0.2619047619047619,1.023809523809524,10.744186046511627,0.7441860465116279
Cr,C,11,43,11,1.0,0.2558139534883721,1.0,11.0,1.0
Co,C,11,1,0,0.0,0.0,0.0,0.2558139534883721,1.0
Co,C,11,2,0,0.0,0.0,0.0,0.5116279069767442,1.0
Co,C,11,3,1,0.09090909090909091,0.3333333333333333,1.303030303030303,0.7674418604651163,0.5980876752289117
Co,C,11,4,2,0.18181818181818182,0.5,1.9545454545454546,1.0232558139534884,0.266510007292764
Co,C,11,5,3,0.2727272727272727,0.6,2.3454545454545452,1.2790697674418605,0.09647017758191893
Co,C,11,6,3,0.2727272727272727,0.5,1.9545454545454544,1.5348837209302326,0.16359116299409465
Co,C,11,7,3,0.2727272727272727,0.42857142857142855,1.675324675324675,1.7906976744186047,0.24250367287057142
Co,C,11,8,3,0.2727272727272727,0.375,1.4659090909090908,2.046511627906977,0.3284306280694017
Co,C,11,9,3,0.2727272727272727,0.3333333333333333,1.3030303030303028,2.302325581395349,0.41681263913105576
Co,C,11,10,3,0.2727272727272727,0.3,1.1727272727272726,2.558139534883721,0.5037092382420937
Co,C,11,11,4,0.36363636363636365,0.36363636363636365,1.421487603305785,2.813953488372093,0.28427338190108864
Co,C,11,12,4,0.36363636363636365,0.3333333333333333,1.303030303030303,3.0697674418604652,0.35970445751830915
Co,C,11,13,5,0.45454545454545453,0.38461538461538464,1.5034965034965035,3.3255813953488373,0.1845097012460552
Co,C,11,14,6,0.5454545454545454,0.42857142857142855,1.675324675324675,3.5813953488372094,0.07822488244088774
Co,C,11,15,7,0.6363636363636364,0.4666666666666667,1.8242424242424242,3.8372093023255816,0.026914969914255182
Co,C,11,16,8,0.7272727272727273,0.5,1.9545454545454546,4.093023255813954,0.007281074814778449
Co,C,11,17,8,0.7272727272727273,0.47058823529411764,1.8395721925133692,4.348837209302325,0.012452141836862853
Co,C,11,18,8,0.7272727272727273,0.4444444444444444,1.7373737373737372,4.604651162790698,0.020228631089305178
Co,C,11,19,9,0.8181818181818182,0.47368421052631576,1.8516746411483254,4.8604651162790695,0.00483118236946938
Co,C,11,20,10,0.9090909090909091,0.5,1.9545454545454546,5.116279069767442,0.0007679667350682666
Co,C,11,21,10,0.9090909090909091,0.47619047619047616,1.8614718614718615,5.372093023255814,0.001410372368965676
Co,C,11,22,10,0.9090909090909091,0.45454545454545453,1.7768595041322313,5.627906976744186,0.002483481780135212
Co,C,11,23,10,0.9090909090909091,0.43478260869565216,1.6996047430830041,5.883720930232558,0.0042130354098590065
Co,C,11,24,10,0.9090909090909091,0.4166666666666667,1.6287878787878787,6.1395348837209305,0.0069123744676779265
Co,C,11,25,10,0.9090909090909091,0.4,1.5636363636363635,6.395348837209302,0.011004004197424503
Co,C,11,26,10,0.9090909090909091,0.38461538461538464,1.5034965034965035,6.651162790697675,0.017041999458335247
Co,C,11,27,10,0.9090909090909091,0.37037037037037035,1.4478114478114477,6.906976744186046,0.025733369799300194
Co,C,11,28,10,0.9090909090909091,0.35714285714285715,1.3961038961038958,7.162790697674419,0.03795560934128216
Co,C,11,29,10,0.9090909090909091,0.3448275862068966,1.347962382445141,7.4186046511627906,0.054766549342885405
Co,C,11,30,10,0.9090909090909091,0.3333333333333333,1.303030303030303,7.674418604651163,0.07740127927361551
Co,C,11,31,11,1.0,0.3548387096774194,1.3870967741935485,7.930232558139535,0.014720488696209084
Co,C,11,32,11,1.0,0.34375,1.34375,8.186046511627907,0.022431220870413847
Co,C,11,33,11,1.0,0.3333333333333333,1.303030303030303,8.44186046511628,0.03364683130562077
Co,C,11,34,11,1.0,0.3235294117647059,1.2647058823529413,8.69767441860465,0.04973879410396114
Co,C,11,35,11,1.0,0.3142857142857143,1.2285714285714286,8.953488372093023,0.07253574140160998
Co,C,11,36,11,1.0,0.3055555555555556,1.1944444444444444,9.209302325581396,0.10445146761831839
Co,C,11,37,11,1.0,0.2972972972972973,1.1621621621621623,9.465116279069768,0.1486424731491454
Co,C,11,38,11,1.0,0.2894736842105263,1.131578947368421,9.720930232558139,0.20920051776546392
Co,C,11,39,11,1.0,0.28205128205128205,1.1025641025641026,9.976744186046512,0.291386435459039
Co,C,11,40,11,1.0,0.275,1.075,10.232558139534884,0.40191232477108824
Co,C,11,41,11,1.0,0.2682926829268293,1.048780487804878,10.488372093023257,0.549280177187154
Co,C,11,42,11,1.0,0.2619047619047619,1.023809523809524,10.744186046511627,0.7441860465116279
Co,C,11,43,11,1.0,0.2558139534883721,1.0,11.0,1.0
Ni,C,11,1,1,0.09090909090909091,1.0,3.909090909090909,0.2558139534883721,0.2558139534883721
Ni,C,11,2,2,0.18181818181818182,1.0,3.909090909090909,0.5116279069767442,0.06090808416389812
Ni,C,11,3,3,0.2727272727272727,1.0,3.9090909090909087,0.7674418604651163,0.013370067255489832
Ni,C,11,4,3,0.2727272727272727,0.75,2.9318181818181817,1.0232558139534884,0.04545822866866543
Ni,C,11,5,4,0.36363636363636365,0.8,3.1272727272727274,1.2790697674418605,0.01145026272649642
Ni,C,11,6,4,0.36363636363636365,0.6666666666666666,2.606060606060606,1.5348837209302326,0.029349192169743268
Ni,C,11,7,4,0.36363636363636365,0.5714285714285714,2.2337662337662336,1.7906976744186047,0.05837448315879221
Ni,C,11,8,4,0.36363636363636365,0.5,1.9545454545454546,2.046511627906977,0.09929208087252091
Ni,C,11,9,4,0.36363636363636365,0.4444444444444444,1.7373737373737372,2.302325581395349,0.15166660594609369
Ni,C,11,10,4,0.36363636363636365,0.4,1.5636363636363637,2.558139534883721,0.21405390787196701
Ni,C,11,11,5,0.45454545454545453,0.45454545454545453,1.7768595041322313,2.813953488372093,0.09116982832100429
Ni,C,11,12,6,0.5454545454545454,0.5,1.9545454545454544,3.0697674418604652,0.03203186503710343
Ni,C,11,13,6,0.5454545454545454,0.46153846153846156,1.8041958041958042,3.3255813953488373,0.05165367773959588
Ni,C,11,14,7,0.6363636363636364,0.5,1.9545454545454544,3.5813953488372094,0.016225404804540076
Ni,C,11,15,7,0.6363636363636364,0.4666666666666667,1.8242424242424242,3.8372093023255816,0.026914969914255182
Ni,C,11,16,8,0.7272727272727273,0.5,1.9545454545454546,4.093023255813954,0.007281074814778449
Ni,C,11,17,9,0.8181818181818182,0.5294117647058824,2.0695187165775404,4.348837209302325,0.0014636244149334875
Ni,C,11,18,10,0.9090909090909091,0.5555555555555556,2.1717171717171717,4.604651162790698,0.0001957185585570217
Ni,C,11,19,10,0.9090909090909091,0.5263157894736842,2.0574162679425836,4.8604651162790695,0.00039858349557725614
Ni,C,11,20,10,0.9090909090909091,0.5,1.9545454545454546,5.116279069767442,0.0007679667350682666
Ni,C,11,21,10,0.9090909090909091,0.47619047619047616,1.8614718614718615,5.372093023255814,0.001410372368965676
Ni,C,11,22,10,0.9090909090909091,0.45454545454545453,1.7768595041322313,5.627906976744186,0.002483481780135212
Ni,C,11,23,10,0.9090909090909091,0.43478260869565216,1.6996047430830041,5.883720930232558,0.0042130354098590065
Ni,C,11,24,10,0.9090909090909091,0.4166666666666667,1.6287878787878787,6.1395348837209305,0.0069123744676779265
Ni,C,11,25,10,0.9090909090909091,0.4,1.5636363636363635,6.395348837209302,0.011004004197424503
Ni,C,11,26,10,0.9090909090909091,0.38461538461538464,1.5034965034965035,6.651162790697675,0.017041999458335247
Ni,C,11,27,10,0.9090909090909091,0.37037037037037035,1.4478114478114477,6.906976744186046,0.025733369799300194
Ni,C,11,28,10,0.9090909090909091,0.35714285714285715,1.3961038961038958,7.162790697674419,0.03795560934128216
Ni,C,11,29,10,0.9090909090909091,0.3448275862068966,1.347962382445141,7.4186046511627906,0.054766549342885405
Ni,C,11,30,10,0.9090909090909091,0.3333333333333333,1.303030303030303,7.674418604651163,0.07740127927361551
Ni,C,11,31,10,0.9090909090909091,0.3225806451612903,1.2609970674486803,7.930232558139535,0.10724927478666618
Ni,C,11,32,10,0.9090909090909091,0.3125,1.2215909090909092,8.186046511627907,0.14580293565769
Ni,C,11,33,11,1.0,0.3333333333333333,1.303030303030303,8.44186046511628,0.03364683130562077
Ni,C,11,34,11,1.0,0.3235294117647059,1.2647058823529413,8.69767441860465,0.04973879410396114
Ni,C,11,35,11,1.0,0.3142857142857143,1.2285714285714286,8.953488372093023,0.07253574140160998
Ni,C,11,36,11,1.0,0.3055555555555556,1.1944444444444444,9.209302325581396,0.10445146761831839
Ni,C,11,37,11,1.0,0.2972972972972973,1.1621621621621623,9.465116279069768,0.1486424731491454
Ni,C,11,38,11,1.0,0.2894736842105263,1.131578947368421,9.720930232558139,0.20920051776546392
Ni,C,11,39,11,1.0,0.28205128205128205,1.1025641025641026,9.976744186046512,0.291386435459039
Ni,C,11,40,11,1.0,0.275,1.075,10.232558139534884,0.40191232477108824
Ni,C,11,41,11,1.0,0.2682926829268293,1.048780487804878,10.488372093023257,0.549280177187154
Ni,C,11,42,11,1.0,0.2619047619047619,1.023809523809524,10.744186046511627,0.7441860465116279
Ni,C,11,43,11,1.0,0.2558139534883721,1.0,11.0,1.0
Mn,C,11,1,0,0.0,0.0,0.0,0.2558139534883721,1.0
Mn,C,11,2,0,0.0,0.0,0.0,0.5116279069767442,1.0
Mn,C,11,3,0,0.0,0.0,0.0,0.7674418604651163,1.0
Mn,C,11,4,0,0.0,0.0,0.0,1.0232558139534884,1.0
Mn,C,11,5,0,0.0,0.0,0.0,1.2790697674418605,1.0
Mn,C,11,6,0,0.0,0.0,0.0,1.5348837209302326,1.0
Mn,C,11,7,0,0.0,0.0,0.0,1.7906976744186047,1.0
Mn,C,11,8,1,0.09090909090909091,0.125,0.48863636363636365,2.046511627906977,0.92746425859839
Mn,C,11,9,2,0.18181818181818182,0.2222222222222222,0.8686868686868686,2.302325581395349,0.7450886802171991
Mn,C,11,10,2,0.18181818181818182,0.2,0.7818181818181819,2.558139534883721,0.8054335407109756
Mn,C,11,11,2,0.18181818181818182,0.18181818181818182,0.7107438016528925,2.813953488372093,0.85419706434231
Mn,C,11,12,3,0.2727272727272727,0.25,0.9772727272727272,3.0697674418604652,0.6614287599871911
Mn,C,11,13,3,0.2727272727272727,0.23076923076923078,0.9020979020979021,3.3255813953488373,0.728586749891555
Mn,C,11,14,4,0.36363636363636365,0.2857142857142857,1.1168831168831168,3.5813953488372094,0.5151735819732427
Mn,C,11,15,4,0.36363636363636365,0.26666666666666666,1.0424242424242425,3.8372093023255816,0.5901023431232459
Mn,C,11,16,5,0.45454545454545453,0.3125,1.2215909090909092,4.093023255813954,0.379365202388862
Mn,C,11,17,6,0.5454545454545454,0.35294117647058826,1.3796791443850267,4.348837209302325,0.20453142637218819
Mn,C,11,18,7,0.6363636363636364,0.3888888888888889,1.52020202020202,4.604651162790698,0.09021703436128607
Mn,C,11,19,8,0.7272727272727273,0.42105263157894735,1.645933014354067,4.8604651162790695,0.03142677561282212
Mn,C,11,20,8,0.7272727272727273,0.4,1.5636363636363637,5.116279069767442,0.046940871671444555
Mn,C,11,21,8,0.7272727272727273,0.38095238095238093,1.4891774891774894,5.372093023255814,0.0676955152281301
Mn,C,11,22,9,0.8181818181818182,0.4090909090909091,1.5991735537190084,5.627906976744186,0.020643794892235053
Mn,C,11,23,10,0.9090909090909091,0.43478260869565216,1.6996047430830041,5.883720930232558,0.0042130354098590065
Mn,C,11,24,11,1.0,0.4583333333333333,1.7916666666666667,6.1395348837209305,0.00043396072891251563
Mn,C,11,25,11,1.0,0.44,1.72,6.395348837209302,0.0007749298730580636
Mn,C,11,26,11,1.0,0.4230769230769231,1.653846153846154,6.651162790697675,0.0013432117799673101
Mn,C,11,27,11,1.0,0.4074074074074074,1.5925925925925926,6.906976744186046,0.002266669878694836
Mn,C,11,28,11,1.0,0.39285714285714285,1.5357142857142856,7.162790697674419,0.003733338623732672
Mn,C,11,29,11,1.0,0.3793103448275862,1.4827586206896552,7.4186046511627906,0.0060148233382359695
Mn,C,11,30,11,1.0,0.36666666666666664,1.4333333333333333,7.674418604651163,0.009497089481425216
Mn,C,11,31,11,1.0,0.3548387096774194,1.3870967741935485,7.930232558139535,0.014720488696209084
Mn,C,11,32,11,1.0,0.34375,1.34375,8.186046511627907,0.022431220870413847
Mn,C,11,33,11,1.0,0.3333333333333333,1.303030303030303,8.44186046511628,0.03364683130562077
Mn,C,11,34,11,1.0,0.3235294117647059,1.2647058823529413,8.69767441860465,0.04973879410396114
Mn,C,11,35,11,1.0,0.3142857142857143,1.2285714285714286,8.953488372093023,0.07253574140160998
Mn,C,11,36,11,1.0,0.3055555555555556,1.1944444444444444,9.209302325581396,0.10445146761831839
Mn,C,11,37,11,1.0,0.2972972972972973,1.1621621621621623,9.465116279069768,0.1486424731491454
Mn,C,11,38,11,1.0,0.2894736842105263,1.131578947368421,9.720930232558139,0.20920051776546392
Mn,C,11,39,11,1.0,0.28205128205128205,1.1025641025641026,9.976744186046512,0.291386435459039
Mn,C,11,40,11,1.0,0.275,1.075,10.232558139534884,0.40191232477108824
Mn,C,11,41,11,1.0,0.2682926829268293,1.048780487804878,10.488372093023257,0.549280177187154
Mn,C,11,42,11,1.0,0.2619047619047619,1.023809523809524,10.744186046511627,0.7441860465116279
Mn,C,11,43,11,1.0,0.2558139534883721,1.0,11.0,1.0
Pb,C,11,1,0,0.0,0.0,0.0,0.2558139534883721,1.0
Pb,C,11,2,1,0.09090909090909091,0.5,1.9545454545454546,0.5116279069767442,0.45071982281284606
Pb,C,11,3,2,0.18181818181818182,0.6666666666666666,2.606060606060606,0.7674418604651163,0.1559841179807147
Pb,C,11,4,2,0.18181818181818182,0.5,1.9545454545454546,1.0232558139534884,0.266510007292764
Pb,C,11,5,3,0.2727272727272727,0.6,2.3454545454545452,1.2790697674418605,0.09647017758191893
Pb,C,11,6,3,0.2727272727272727,0.5,1.9545454545454544,1.5348837209302326,0.16359116299409465
Pb,C,11,7,3,0.2727272727272727,0.42857142857142855,1.675324675324675,1.7906976744186047,0.24250367287057142
Pb,C,11,8,3,0.2727272727272727,0.375,1.4659090909090908,2.046511627906977,0.3284306280694017
Pb,C,11,9,3,0.2727272727272727,0.3333333333333333,1.3030303030303028,2.302325581395349,0.41681263913105576
Pb,C,11,10,4,0.36363636363636365,0.4,1.5636363636363637,2.558139534883721,0.21405390787196701
Pb,C,11,11,4,0.36363636363636365,0.36363636363636365,1.421487603305785,2.813953488372093,0.28427338190108864
Pb,C,11,12,4,0.36363636363636365,0.3333333333333333,1.303030303030303,3.0697674418604652,0.35970445751830915
Pb,C,11,13,5,0.45454545454545453,0.38461538461538464,1.5034965034965035,3.3255813953488373,0.1845097012460552
Pb,C,11,14,5,0.45454545454545453,0.35714285714285715,1.3961038961038958,3.5813953488372094,0.24355682280448152
Pb,C,11,15,5,0.45454545454545453,0.3333333333333333,1.303030303030303,3.8372093023255816,0.3091194888107342
Pb,C,11,16,6,0.5454545454545454,0.375,1.4659090909090908,4.093023255813954,0.1545789189388528
Pb,C,11,17,6,0.5454545454545454,0.35294117647058826,1.3796791443850267,4.348837209302325,0.20453142637218819
Pb,C,11,18,6,0.5454545454545454,0.3333333333333333,1.3030303030303028,4.604651162790698,0.26168862237763935
Pb,C,11,19,7,0.6363636363636364,0.3684210526315789,1.4401913875598085,4.8604651162790695,0.12451135196455672
Pb,C,11,20,7,0.6363636363636364,0.35,1.3681818181818182,5.116279069767442,0.16628007212238632
Pb,C,11,21,7,0.6363636363636364,0.3333333333333333,1.303030303030303,5.372093023255814,0.21557235056951451
Pb,C,11,22,7,0.6363636363636364,0.3181818181818182,1.243801652892562,5.627906976744186,0.2720344149725886
Pb,C,11,23,7,0.6363636363636364,0.30434782608695654,1.1897233201581028,5.883720930232558,0.33488206999267695
Pb,C,11,24,7,0.6363636363636364,0.2916666666666667,1.1401515151515151,6.1395348837209305,0.40290541424971366
Pb,C,11,25,7,0.6363636363636364,0.28,1.0945454545454545,6.395348837209302,0.4745089345202788
Pb,C,11,26,8,0.7272727272727273,0.3076923076923077,1.202797202797203,6.651162790697675,0.2756102671020425
Pb,C,11,27,8,0.7272727272727273,0.2962962962962963,1.1582491582491583,6.906976744186046,0.33965194329862625
Pb,C,11,28,8,0.7272727272727273,0.2857142857142857,1.1168831168831168,7.162790697674419,0.4098976568767542
Pb,C,11,29,8,0.7272727272727273,0.27586206896551724,1.078369905956113,7.4186046511627906,0.4848264180267574
Pb,C,11,30,8,0.7272727272727273,0.26666666666666666,1.0424242424242425,7.674418604651163,0.5624312063606891
Pb,C,11,31,9,0.8181818181818182,0.2903225806451613,1.1348973607038124,7.930232558139535,0.3385712400128089
Pb,C,11,32,9,0.8181818181818182,0.28125,1.0994318181818183,8.186046511627907,0.4140023156300293
Pb,C,11,33,10,0.9090909090909091,0.30303030303030304,1.184573002754821,8.44186046511628,0.19456645928902444
Pb,C,11,34,10,0.9090909090909091,0.29411764705882354,1.1497326203208555,8.69767441860465,0.2549113197828009
Pb,C,11,35,10,0.9090909090909091,0.2857142857142857,1.1168831168831168,8.953488372093023,0.32786155113527715
Pb,C,11,36,10,0.9090909090909091,0.2777777777777778,1.0858585858585859,9.209302325581396,0.4137885063341075
Pb,C,11,37,10,0.9090909090909091,0.2702702702702703,1.0565110565110565,9.465116279069768,0.5119907408470563
Pb,C,11,38,10,0.9090909090909091,0.2631578947368421,1.0287081339712918,9.720930232558139,0.6201301062333393
Pb,C,11,39,11,1.0,0.28205128205128205,1.1025641025641026,9.976744186046512,0.291386435459039
Pb,C,11,40,11,1.0,0.275,1.075,10.232558139534884,0.40191232477108824
Pb,C,11,41,11,1.0,0.2682926829268293,1.048780487804878,10.488372093023257,0.549280177187154
Pb,C,11,42,11,1.0,0.2619047619047619,1.023809523809524,10.744186046511627,0.7441860465116279
Pb,C,11,43,11,1.0,0.2558139534883721,1.0,11.0,1.0
Cd,C,11,1,0,0.0,0.0,0.0,0.2558139534883721,1.0
Cd,C,11,2,0,0.0,0.0,0.0,0.5116279069767442,1.0
Cd,C,11,3,0,0.0,0.0,0.0,0.7674418604651163,1.0
Cd,C,11,4,0,0.0,0.0,0.0,1.0232558139534884,1.0
Cd,C,11,5,0,0.0,0.0,0.0,1.2790697674418605,1.0
Cd,C,11,6,0,0.0,0.0,0.0,1.5348837209302326,1.0
Cd,C,11,7,0,0.0,0.0,0.0,1.7906976744186047,1.0
Cd,C,11,8,0,0.0,0.0,0.0,2.046511627906977,1.0
Cd,C,11,9,0,0.0,0.0,0.0,2.302325581395349,1.0
Cd,C,11,10,0,0.0,0.0,0.0,2.558139534883721,1.0
Cd,C,11,11,0,0.0,0.0,0.0,2.813953488372093,1.0
Cd,C,11,12,0,0.0,0.0,0.0,3.0697674418604652,1.0
Cd,C,11,13,0,0.0,0.0,0.0,3.3255813953488373,1.0
Cd,C,11,14,1,0.09090909090909091,0.07142857142857142,0.2792207792207792,3.5813953488372094,0.993985176661764
Cd,C,11,15,1,0.09090909090909091,0.06666666666666667,0.2606060606060606,3.8372093023255816,0.9962666613762673
Cd,C,11,16,1,0.09090909090909091,0.0625,0.24431818181818182,4.093023255813954,0.9977333301213052
Cd,C,11,17,2,0.18181818181818182,0.11764705882352941,0.4598930481283423,4.348837209302325,0.9829580005416647
Cd,C,11,18,2,0.18181818181818182,0.1111111111111111,0.4343434343434343,4.604651162790698,0.9889959958025755
Cd,C,11,19,3,0.2727272727272727,0.15789473684210525,0.617224880382775,4.8604651162790695,0.9542171430997296
Cd,C,11,20,3,0.2727272727272727,0.15,0.5863636363636363,5.116279069767442,0.9687935740119518
Cd,C,11,21,3,0.2727272727272727,0.14285714285714285,0.5584415584415584,5.372093023255814,0.979356205107765
Cd,C,11,22,3,0.2727272727272727,0.13636363636363635,0.5330578512396693,5.627906976744186,0.9867854241081694
Cd,C,11,23,4,0.36363636363636365,0.17391304347826086,0.6798418972332017,5.883720930232558,0.9530591283285554
Cd,C,11,24,4,0.36363636363636365,0.16666666666666666,0.6515151515151515,6.1395348837209305,0.9685732243871779
Cd,C,11,25,4,0.36363636363636365,0.16,0.6254545454545455,6.395348837209302,0.9797713689106948
Cd,C,11,26,4,0.36363636363636365,0.15384615384615385,0.6013986013986015,6.651162790697675,0.9875478581631372
Cd,C,11,27,5,0.45454545454545453,0.18518518518518517,0.7239057239057238,6.906976744186046,0.9578142227861518
Cd,C,11,28,6,0.5454545454545454,0.21428571428571427,0.8376623376623376,7.162790697674419,0.8875685092080239
Cd,C,11,29,6,0.5454545454545454,0.20689655172413793,0.8087774294670846,7.4186046511627906,0.9217751175591122
Cd,C,11,30,6,0.5454545454545454,0.2,0.7818181818181817,7.674418604651163,0.9483463222604042
Cd,C,11,31,6,0.5454545454545454,0.1935483870967742,0.7565982404692082,7.930232558139535,0.9679681349628966
Cd,C,11,32,6,0.5454545454545454,0.1875,0.7329545454545454,8.186046511627907,0.9816153572591814
Cd,C,11,33,7,0.6363636363636364,0.21212121212121213,0.8292011019283746,8.44186046511628,0.9419143469427165
Cd,C,11,34,7,0.6363636363636364,0.20588235294117646,0.8048128342245989,8.69767441860465,0.9661760754694451
Cd,C,11,35,8,0.7272727272727273,0.22857142857142856,0.8935064935064936,8.953488372093023,0.900707919127479
Cd,C,11,36,9,0.8181818181818182,0.25,0.9772727272727273,9.209302325581396,0.7574963271294286
Cd,C,11,37,9,0.8181818181818182,0.24324324324324326,0.9508599508599509,9.465116279069768,0.8364088370059053
Cd,C,11,38,9,0.8181818181818182,0.23684210526315788,0.9258373205741627,9.720930232558139,0.903529822418081
Cd,C,11,39,10,0.9090909090909091,0.2564102564102564,1.0023310023310024,9.976744186046512,0.733489992707236
Cd,C,11,40,10,0.9090909090909091,0.25,0.9772727272727273,10.232558139534884,0.8440158820192853
Cd,C,11,41,11,1.0,0.2682926829268293,1.048780487804878,10.488372093023257,0.549280177187154
Cd,C,11,42,11,1.0,0.2619047619047619,1.023809523809524,10.744186046511627,0.7441860465116279
Cd,C,11,43,11,1.0,0.2558139534883721,1.0,11.0,1.0
Fe,Ffreq,11,1,0,0.0,0.0,0.0,0.2558139534883721,1.0
Fe,Ffreq,11,2,0,0.0,0.0,0.0,0.5116279069767442,1.0
Fe,Ffreq,11,3,1,0.09090909090909091,0.3333333333333333,1.303030303030303,0.7674418604651163,0.5980876752289117
Fe,Ffreq,11,4,1,0.09090909090909091,0.25,0.9772727272727273,1.0232558139534884,0.708613564540961
Fe,Ffreq,11,5,1,0.09090909090909091,0.2,0.7818181818181819,1.2790697674418605,0.7907994822345361
Fe,Ffreq,11,6,1,0.09090909090909091,0.16666666666666666,0.6515151515151515,1.5348837209302326,0.8513575268508546
Fe,Ffreq,11,7,2,0.18181818181818182,0.2857142857142857,1.1168831168831168,1.7906976744186047,0.5862114936658924
Fe,Ffreq,11,8,2,0.18181818181818182,0.25,0.9772727272727273,2.046511627906977,0.6721384488647228
Fe,Ffreq,11,9,2,0.18181818181818182,0.2222222222222222,0.8686868686868686,2.302325581395349,0.7450886802171991
Fe,Ffreq,11,10,2,0.18181818181818182,0.2,0.7818181818181819,2.558139534883721,0.8054335407109756
Fe,Ffreq,11,11,3,0.2727272727272727,0.2727272727272727,1.0661157024793386,2.813953488372093,0.5859976843699707
Fe,Ffreq,11,12,3,0.2727272727272727,0.25,0.9772727272727272,3.0697674418604652,0.6614287599871911
Fe,Ffreq,11,13,3,0.2727272727272727,0.23076923076923078,0.9020979020979021,3.3255813953488373,0.728586749891555
Fe,Ffreq,11,14,3,0.2727272727272727,0.21428571428571427,0.8376623376623376,3.5813953488372094,0.7867903411420039
Fe,Ffreq,11,15,3,0.2727272727272727,0.2,0.7818181818181817,3.8372093023255816,0.8359623406466934
Fe,Ffreq,11,16,3,0.2727272727272727,0.1875,0.7329545454545454,4.093023255813954,0.8764887138648442
Fe,Ffreq,11,17,3,0.2727272727272727,0.17647058823529413,0.6898395721925134,4.348837209302325,0.9090813526434627
Fe,Ffreq,11,18,3,0.2727272727272727,0.16666666666666666,0.6515151515151514,4.604651162790698,0.9346540384543788
Fe,Ffreq,11,19,3,0.2727272727272727,0.15789473684210525,0.617224880382775,4.8604651162790695,0.9542171430997296
Fe,Ffreq,11,20,3,0.2727272727272727,0.15,0.5863636363636363,5.116279069767442,0.9687935740119518
Fe,Ffreq,11,21,4,0.36363636363636365,0.19047619047619047,0.7445887445887447,5.372093023255814,0.9054177874370728
Fe,Ffreq,11,22,4,0.36363636363636365,0.18181818181818182,0.7107438016528925,5.627906976744186,0.9323044847718699
Fe,Ffreq,11,23,4,0.36363636363636365,0.17391304347826086,0.6798418972332017,5.883720930232558,0.9530591283285554
Fe,Ffreq,11,24,4,0.36363636363636365,0.16666666666666666,0.6515151515151515,6.1395348837209305,0.9685732243871779
Fe,Ffreq,11,25,4,0.36363636363636365,0.16,0.6254545454545455,6.395348837209302,0.9797713689106948
Fe,Ffreq,11,26,5,0.45454545454545453,0.19230769230769232,0.7517482517482518,6.651162790697675,0.9370006780222621
Fe,Ffreq,11,27,5,0.45454545454545453,0.18518518518518517,0.7239057239057238,6.906976744186046,0.9578142227861518
Fe,Ffreq,11,28,6,0.5454545454545454,0.21428571428571427,0.8376623376623376,7.162790697674419,0.8875685092080239
Fe,Ffreq,11,29,7,0.6363636363636364,0.2413793103448276,0.9435736677115988,7.4186046511627906,0.7564431771955186
Fe,Ffreq,11,30,7,0.6363636363636364,0.23333333333333334,0.9121212121212121,7.674418604651163,0.8154902987539447
Fe,Ffreq,11,31,7,0.6363636363636364,0.22580645161290322,0.8826979472140764,7.930232558139535,0.8665887693333523
Fe,Ffreq,11,32,8,0.7272727272727273,0.25,0.9772727272727273,8.186046511627907,0.7157266180989112
Fe,Ffreq,11,33,9,0.8181818181818182,0.2727272727272727,1.0661157024793388,8.44186046511628,0.4962907617579062
Fe,Ffreq,11,34,9,0.8181818181818182,0.2647058823529412,1.0347593582887702,8.69767441860465,0.5831873608689442
Fe,Ffreq,11,35,9,0.8181818181818182,0.2571428571428571,1.0051948051948052,8.953488372093023,0.6715693719305983
Fe,Ffreq,11,36,10,0.9090909090909091,0.2777777777777778,1.0858585858585859,9.209302325581396,0.4137885063341075
Fe,Ffreq,11,37,10,0.9090909090909091,0.2702702702702703,1.0565110565110565,9.465116279069768,0.5119907408470563
Fe,Ffreq,11,38,10,0.9090909090909091,0.2631578947368421,1.0287081339712918,9.720930232558139,0.6201301062333393
Fe,Ffreq,11,39,11,1.0,0.28205128205128205,1.1025641025641026,9.976744186046512,0.291386435459039
Fe,Ffreq,11,40,11,1.0,0.275,1.075,10.232558139534884,0.40191232477108824
Fe,Ffreq,11,41,11,1.0,0.2682926829268293,1.048780487804878,10.488372093023257,0.549280177187154
Fe,Ffreq,11,42,11,1.0,0.2619047619047619,1.023809523809524,10.744186046511627,0.7441860465116279
Fe,Ffreq,11,43,11,1.0,0.2558139534883721,1.0,11.0,1.0
Zn,Ffreq,11,1,1,0.09090909090909091,1.0,3.909090909090909,0.2558139534883721,0.2558139534883721
Zn,Ffreq,11,2,2,0.18181818181818182,1.0,3.909090909090909,0.5116279069767442,0.06090808416389812
Zn,Ffreq,11,3,2,0.18181818181818182,0.6666666666666666,2.606060606060606,0.7674418604651163,0.1559841179807147
Zn,Ffreq,11,4,3,0.2727272727272727,0.75,2.9318181818181817,1.0232558139534884,0.04545822866866543
Zn,Ffreq,11,5,3,0.2727272727272727,0.6,2.3454545454545452,1.2790697674418605,0.09647017758191893
Zn,Ffreq,11,6,4,0.36363636363636365,0.6666666666666666,2.606060606060606,1.5348837209302326,0.029349192169743268
Zn,Ffreq,11,7,4,0.36363636363636365,0.5714285714285714,2.2337662337662336,1.7906976744186047,0.05837448315879221
Zn,Ffreq,11,8,4,0.36363636363636365,0.5,1.9545454545454546,2.046511627906977,0.09929208087252091
Zn,Ffreq,11,9,5,0.45454545454545453,0.5555555555555556,2.1717171717171717,2.302325581395349,0.03382392453055497
Zn,Ffreq,11,10,6,0.5454545454545454,0.6,2.3454545454545452,2.558139534883721,0.009562196003826422
Zn,Ffreq,11,11,7,0.6363636363636364,0.6363636363636364,2.487603305785124,2.813953488372093,0.0022101570563329213
Zn,Ffreq,11,12,8,0.7272727272727273,0.6666666666666666,2.606060606060606,3.0697674418604652,0.0004049689219037132
Zn,Ffreq,11,13,9,0.8181818181818182,0.6923076923076923,2.7062937062937067,3.3255813953488373,5.557767007870529e-05
Zn,Ffreq,11,14,10,0.9090909090909091,0.7142857142857143,2.7922077922077917,3.5813953488372094,5.1100448150930294e-06
Zn,Ffreq,11,15,10,0.9090909090909091,0.6666666666666666,2.606060606060606,3.8372093023255816,1.4855517279790566e-05
Zn,Ffreq,11,16,10,0.9090909090909091,0.625,2.4431818181818183,4.093023255813954,3.834906697147213e-05
Zn,Ffreq,11,17,10,0.9090909090909091,0.5882352941176471,2.299465240641711,4.348837209302325,9.005973719231622e-05
Zn,Ffreq,11,18,10,0.9090909090909091,0.5555555555555556,2.1717171717171717,4.604651162790698,0.0001957185585570217
Zn,Ffreq,11,19,10,0.9090909090909091,0.5263157894736842,2.0574162679425836,4.8604651162790695,0.00039858349557725614
Zn,Ffreq,11,20,11,1.0,0.55,2.15,5.116279069767442,2.9200256086245872e-05
Zn,Ffreq,11,21,11,1.0,0.5238095238095238,2.047619047619048,5.372093023255814,6.132053778111634e-05
Zn,Ffreq,11,22,11,1.0,0.5,1.9545454545454544,5.627906976744186,0.00012264107556223268
Zn,Ffreq,11,23,11,1.0,0.4782608695652174,1.8695652173913044,5.883720930232558,0.0002350620614942793
Zn,Ffreq,11,24,11,1.0,0.4583333333333333,1.7916666666666667,6.1395348837209305,0.00043396072891251563
Zn,Ffreq,11,25,11,1.0,0.44,1.72,6.395348837209302,0.0007749298730580636
Zn,Ffreq,11,26,11,1.0,0.4230769230769231,1.653846153846154,6.651162790697675,0.0013432117799673101
Zn,Ffreq,11,27,11,1.0,0.4074074074074074,1.5925925925925926,6.906976744186046,0.002266669878694836
Zn,Ffreq,11,28,11,1.0,0.39285714285714285,1.5357142857142856,7.162790697674419,0.003733338623732672
Zn,Ffreq,11,29,11,1.0,0.3793103448275862,1.4827586206896552,7.4186046511627906,0.0060148233382359695
Zn,Ffreq,11,30,11,1.0,0.36666666666666664,1.4333333333333333,7.674418604651163,0.009497089481425216
Zn,Ffreq,11,31,11,1.0,0.3548387096774194,1.3870967741935485,7.930232558139535,0.014720488696209084
Zn,Ffreq,11,32,11,1.0,0.34375,1.34375,8.186046511627907,0.022431220870413847
Zn,Ffreq,11,33,11,1.0,0.3333333333333333,1.303030303030303,8.44186046511628,0.03364683130562077
Zn,Ffreq,11,34,11,1.0,0.3235294117647059,1.2647058823529413,8.69767441860465,0.04973879410396114
Zn,Ffreq,11,35,11,1.0,0.3142857142857143,1.2285714285714286,8.953488372093023,0.07253574140160998
Zn,Ffreq,11,36,11,1.0,0.3055555555555556,1.1944444444444444,9.209302325581396,0.10445146761831839
Zn,Ffreq,11,37,11,1.0,0.2972972972972973,1.1621621621621623,9.465116279069768,0.1486424731491454
Zn,Ffreq,11,38,11,1.0,0.2894736842105263,1.131578947368421,9.720930232558139,0.20920051776546392
Zn,Ffreq,11,39,11,1.0,0.28205128205128205,1.1025641025641026,9.976744186046512,0.291386435459039
Zn,Ffreq,11,40,11,1.0,0.275,1.075,10.232558139534884,0.40191232477108824
Zn,Ffreq,11,41,11,1.0,0.2682926829268293,1.048780487804878,10.488372093023257,0.549280177187154
Zn,Ffreq,11,42,11,1.0,0.2619047619047619,1.023809523809524,10.744186046511627,0.7441860465116279
Zn,Ffreq,11,43,11,1.0,0.2558139534883721,1.0,11.0,1.0
Cu,Ffreq,11,1,1,0.09090909090909091,1.0,3.909090909090909,0.2558139534883721,0.2558139534883721
Cu,Ffreq,11,2,2,0.18181818181818182,1.0,3.909090909090909,0.5116279069767442,0.06090808416389812
Cu,Ffreq,11,3,3,0.2727272727272727,1.0,3.9090909090909087,0.7674418604651163,0.013370067255489832
Cu,Ffreq,11,4,3,0.2727272727272727,0.75,2.9318181818181817,1.0232558139534884,0.04545822866866543
Cu,Ffreq,11,5,4,0.36363636363636365,0.8,3.1272727272727274,1.2790697674418605,0.01145026272649642
Cu,Ffreq,11,6,4,0.36363636363636365,0.6666666666666666,2.606060606060606,1.5348837209302326,0.029349192169743268
Cu,Ffreq,11,7,4,0.36363636363636365,0.5714285714285714,2.2337662337662336,1.7906976744186047,0.05837448315879221
Cu,Ffreq,11,8,4,0.36363636363636365,0.5,1.9545454545454546,2.046511627906977,0.09929208087252091
Cu,Ffreq,11,9,5,0.45454545454545453,0.5555555555555556,2.1717171717171717,2.302325581395349,0.03382392453055497
Cu,Ffreq,11,10,5,0.45454545454545453,0.5,1.9545454545454546,2.558139534883721,0.058085653057283526
Cu,Ffreq,11,11,6,0.5454545454545454,0.5454545454545454,2.1322314049586772,2.813953488372093,0.01838464274081862
Cu,Ffreq,11,12,7,0.6363636363636364,0.5833333333333334,2.2803030303030303,3.0697674418604652,0.004737420444533811
Cu,Ffreq,11,13,7,0.6363636363636364,0.5384615384615384,2.104895104895105,3.3255813953488373,0.00913975021752891
Cu,Ffreq,11,14,8,0.7272727272727273,0.5714285714285714,2.2337662337662336,3.5813953488372094,0.0020540956305177506
Cu,Ffreq,11,15,9,0.8181818181818182,0.6,2.3454545454545457,3.8372093023255816,0.00034376521296333246
Cu,Ffreq,11,16,9,0.8181818181818182,0.5625,2.1988636363636367,4.093023255813954,0.0007364431149528675
Cu,Ffreq,11,17,9,0.8181818181818182,0.5294117647058824,2.0695187165775404,4.348837209302325,0.0014636244149334875
Cu,Ffreq,11,18,9,0.8181818181818182,0.5,1.9545454545454546,4.604651162790698,0.0027315302713099526
Cu,Ffreq,11,19,9,0.8181818181818182,0.47368421052631576,1.8516746411483254,4.8604651162790695,0.00483118236946938
Cu,Ffreq,11,20,9,0.8181818181818182,0.45,1.7590909090909093,5.116279069767442,0.008155631524888473
Cu,Ffreq,11,21,9,0.8181818181818182,0.42857142857142855,1.6753246753246755,5.372093023255814,0.01321457589183057
Cu,Ffreq,11,22,9,0.8181818181818182,0.4090909090909091,1.5991735537190084,5.627906976744186,0.020643794892235053
Cu,Ffreq,11,23,9,0.8181818181818182,0.391304347826087,1.5296442687747038,5.883720930232558,0.03120642598804822
Cu,Ffreq,11,24,9,0.8181818181818182,0.375,1.465909090909091,6.1395348837209305,0.0457828569002704
Cu,Ffreq,11,25,10,0.9090909090909091,0.4,1.5636363636363635,6.395348837209302,0.011004004197424503
Cu,Ffreq,11,26,10,0.9090909090909091,0.38461538461538464,1.5034965034965035,6.651162790697675,0.017041999458335247
Cu,Ffreq,11,27,10,0.9090909090909091,0.37037037037037035,1.4478114478114477,6.906976744186046,0.025733369799300194
Cu,Ffreq,11,28,10,0.9090909090909091,0.35714285714285715,1.3961038961038958,7.162790697674419,0.03795560934128216
Cu,Ffreq,11,29,10,0.9090909090909091,0.3448275862068966,1.347962382445141,7.4186046511627906,0.054766549342885405
Cu,Ffreq,11,30,10,0.9090909090909091,0.3333333333333333,1.303030303030303,7.674418604651163,0.07740127927361551
Cu,Ffreq,11,31,11,1.0,0.3548387096774194,1.3870967741935485,7.930232558139535,0.014720488696209084
Cu,Ffreq,11,32,11,1.0,0.34375,1.34375,8.186046511627907,0.022431220870413847
Cu,Ffreq,11,33,11,1.0,0.3333333333333333,1.303030303030303,8.44186046511628,0.03364683130562077
Cu,Ffreq,11,34,11,1.0,0.3235294117647059,1.2647058823529413,8.69767441860465,0.04973879410396114
Cu,Ffreq,11,35,11,1.0,0.3142857142857143,1.2285714285714286,8.953488372093023,0.07253574140160998
Cu,Ffreq,11,36,11,1.0,0.3055555555555556,1.1944444444444444,9.209302325581396,0.10445146761831839
Cu,Ffreq,11,37,11,1.0,0.2972972972972973,1.1621621621621623,9.465116279069768,0.1486424731491454
Cu,Ffreq,11,38,11,1.0,0.2894736842105263,1.131578947368421,9.720930232558139,0.20920051776546392
Cu,Ffreq,11,39,11,1.0,0.28205128205128205,1.1025641025641026,9.976744186046512,0.291386435459039
Cu,Ffreq,11,40,11,1.0,0.275,1.075,10.232558139534884,0.40191232477108824
Cu,Ffreq,11,41,11,1.0,0.2682926829268293,1.048780487804878,10.488372093023257,0.549280177187154
Cu,Ffreq,11,42,11,1.0,0.2619047619047619,1.023809523809524,10.744186046511627,0.7441860465116279
Cu,Ffreq,11,43,11,1.0,0.2558139534883721,1.0,11.0,1.0
Cr,Ffreq,11,1,0,0.0,0.0,0.0,0.2558139534883721,1.0
Cr,Ffreq,11,2,0,0.0,0.0,0.0,0.5116279069767442,1.0
Cr,Ffreq,11,3,0,0.0,0.0,0.0,0.7674418604651163,1.0
Cr,Ffreq,11,4,0,0.0,0.0,0.0,1.0232558139534884,1.0
Cr,Ffreq,11,5,1,0.09090909090909091,0.2,0.7818181818181819,1.2790697674418605,0.7907994822345361
Cr,Ffreq,11,6,1,0.09090909090909091,0.16666666666666666,0.6515151515151515,1.5348837209302326,0.8513575268508546
Cr,Ffreq,11,7,1,0.09090909090909091,0.14285714285714285,0.5584415584415584,1.7906976744186047,0.8955485323816815
Cr,Ffreq,11,8,1,0.09090909090909091,0.125,0.48863636363636365,2.046511627906977,0.92746425859839
Cr,Ffreq,11,9,1,0.09090909090909091,0.1111111111111111,0.4343434343434343,2.302325581395349,0.9502612058960389
Cr,Ffreq,11,10,1,0.09090909090909091,0.1,0.39090909090909093,2.558139534883721,0.9663531686943793
Cr,Ffreq,11,11,1,0.09090909090909091,0.09090909090909091,0.35537190082644626,2.813953488372093,0.9775687791295862
Cr,Ffreq,11,12,2,0.18181818181818182,0.16666666666666666,0.6515151515151515,3.0697674418604652,0.8927507252133338
Cr,Ffreq,11,13,2,0.18181818181818182,0.15384615384615385,0.6013986013986015,3.3255813953488373,0.9225987207263845
Cr,Ffreq,11,14,2,0.18181818181818182,0.14285714285714285,0.5584415584415584,3.5813953488372094,0.9452334506571146
Cr,Ffreq,11,15,2,0.18181818181818182,0.13333333333333333,0.5212121212121212,3.8372093023255816,0.9620443906587178
Cr,Ffreq,11,16,3,0.2727272727272727,0.1875,0.7329545454545454,4.093023255813954,0.8764887138648442
Cr,Ffreq,11,17,3,0.2727272727272727,0.17647058823529413,0.6898395721925134,4.348837209302325,0.9090813526434627
Cr,Ffreq,11,18,3,0.2727272727272727,0.16666666666666666,0.6515151515151514,4.604651162790698,0.9346540384543788
Cr,Ffreq,11,19,4,0.36363636363636365,0.21052631578947367,0.8229665071770335,4.8604651162790695,0.8303174803458411
Cr,Ffreq,11,20,5,0.45454545454545453,0.25,0.9772727272727273,5.116279069767442,0.6651179300073231
Cr,Ffreq,11,21,5,0.45454545454545453,0.23809523809523808,0.9307359307359307,5.372093023255814,0.7279655850274114
Cr,Ffreq,11,22,5,0.45454545454545453,0.22727272727272727,0.8884297520661156,5.627906976744186,0.7844276494304855
Cr,Ffreq,11,23,5,0.45454545454545453,0.21739130434782608,0.8498023715415021,5.883720930232558,0.8337199278776136
Cr,Ffreq,11,24,5,0.45454545454545453,0.20833333333333334,0.8143939393939393,6.1395348837209305,0.8754886480354432
Cr,Ffreq,11,25,5,0.45454545454545453,0.2,0.7818181818181817,6.395348837209302,0.909782965638714
Cr,Ffreq,11,26,5,0.45454545454545453,0.19230769230769232,0.7517482517482518,6.651162790697675,0.9370006780222621
Cr,Ffreq,11,27,5,0.45454545454545453,0.18518518518518517,0.7239057239057238,6.906976744186046,0.9578142227861518
Cr,Ffreq,11,28,6,0.5454545454545454,0.21428571428571427,0.8376623376623376,7.162790697674419,0.8875685092080239
Cr,Ffreq,11,29,6,0.5454545454545454,0.20689655172413793,0.8087774294670846,7.4186046511627906,0.9217751175591122
Cr,Ffreq,11,30,6,0.5454545454545454,0.2,0.7818181818181817,7.674418604651163,0.9483463222604042
Cr,Ffreq,11,31,7,0.6363636363636364,0.22580645161290322,0.8826979472140764,7.930232558139535,0.8665887693333523
Cr,Ffreq,11,32,7,0.6363636363636364,0.21875,0.8551136363636364,8.186046511627907,0.9088301716789957
Cr,Ffreq,11,33,8,0.7272727272727273,0.24242424242424243,0.9476584022038568,8.44186046511628,0.7859460921280329
Cr,Ffreq,11,34,8,0.7272727272727273,0.23529411764705882,0.9197860962566846,8.69767441860465,0.8483333940539063
Cr,Ffreq,11,35,9,0.8181818181818182,0.2571428571428571,1.0051948051948052,8.953488372093023,0.6715693719305983
Cr,Ffreq,11,36,9,0.8181818181818182,0.25,0.9772727272727273,9.209302325581396,0.7574963271294286
Cr,Ffreq,11,37,9,0.8181818181818182,0.24324324324324326,0.9508599508599509,9.465116279069768,0.8364088370059053
Cr,Ffreq,11,38,10,0.9090909090909091,0.2631578947368421,1.0287081339712918,9.720930232558139,0.6201301062333393
Cr,Ffreq,11,39,10,0.9090909090909091,0.2564102564102564,1.0023310023310024,9.976744186046512,0.733489992707236
Cr,Ffreq,11,40,10,0.9090909090909091,0.25,0.9772727272727273,10.232558139534884,0.8440158820192853
Cr,Ffreq,11,41,10,0.9090909090909091,0.24390243902439024,0.9534368070953436,10.488372093023257,0.9390919158361019
Cr,Ffreq,11,42,10,0.9090909090909091,0.23809523809523808,0.9307359307359307,10.744186046511627,1.0
Cr,Ffreq,11,43,11,1.0,0.2558139534883721,1.0,11.0,1.0
Co,Ffreq,11,1,0,0.0,0.0,0.0,0.2558139534883721,1.0
Co,Ffreq,11,2,1,0.09090909090909091,0.5,1.9545454545454546,0.5116279069767442,0.45071982281284606
Co,Ffreq,11,3,2,0.18181818181818182,0.6666666666666666,2.606060606060606,0.7674418604651163,0.1559841179807147
Co,Ffreq,11,4,2,0.18181818181818182,0.5,1.9545454545454546,1.0232558139534884,0.266510007292764
Co,Ffreq,11,5,3,0.2727272727272727,0.6,2.3454545454545452,1.2790697674418605,0.09647017758191893
Co,Ffreq,11,6,4,0.36363636363636365,0.6666666666666666,2.606060606060606,1.5348837209302326,0.029349192169743268
Co,Ffreq,11,7,4,0.36363636363636365,0.5714285714285714,2.2337662337662336,1.7906976744186047,0.05837448315879221
Co,Ffreq,11,8,4,0.36363636363636365,0.5,1.9545454545454546,2.046511627906977,0.09929208087252091
Co,Ffreq,11,9,4,0.36363636363636365,0.4444444444444444,1.7373737373737372,2.302325581395349,0.15166660594609369
Co,Ffreq,11,10,5,0.45454545454545453,0.5,1.9545454545454546,2.558139534883721,0.058085653057283526
Co,Ffreq,11,11,5,0.45454545454545453,0.45454545454545453,1.7768595041322313,2.813953488372093,0.09116982832100429
Co,Ffreq,11,12,5,0.45454545454545453,0.4166666666666667,1.6287878787878787,3.0697674418604652,0.13341123066664773
Co,Ffreq,11,13,5,0.45454545454545453,0.38461538461538464,1.5034965034965035,3.3255813953488373,0.1845097012460552
Co,Ffreq,11,14,5,0.45454545454545453,0.35714285714285715,1.3961038961038958,3.5813953488372094,0.24355682280448152
Co,Ffreq,11,15,5,0.45454545454545453,0.3333333333333333,1.303030303030303,3.8372093023255816,0.3091194888107342
Co,Ffreq,11,16,5,0.45454545454545453,0.3125,1.2215909090909092,4.093023255813954,0.379365202388862
Co,Ffreq,11,17,5,0.45454545454545453,0.29411764705882354,1.1497326203208555,4.348837209302325,0.4522126090624762
Co,Ffreq,11,18,5,0.45454545454545453,0.2777777777777778,1.0858585858585859,4.604651162790698,0.5254910654797211
Co,Ffreq,11,19,5,0.45454545454545453,0.2631578947368421,1.0287081339712918,4.8604651162790695,0.5970945857502863
Co,Ffreq,11,20,6,0.5454545454545454,0.3,1.1727272727272726,5.116279069767442,0.3930245529791759
Co,Ffreq,11,21,6,0.5454545454545454,0.2857142857142857,1.1168831168831168,5.372093023255814,0.4640054339430402
Co,Ffreq,11,22,7,0.6363636363636364,0.3181818181818182,1.243801652892562,5.627906976744186,0.2720344149725886
Co,Ffreq,11,23,7,0.6363636363636364,0.30434782608695654,1.1897233201581028,5.883720930232558,0.33488206999267695
Co,Ffreq,11,24,7,0.6363636363636364,0.2916666666666667,1.1401515151515151,6.1395348837209305,0.40290541424971366
Co,Ffreq,11,25,8,0.7272727272727273,0.32,1.250909090909091,6.395348837209302,0.2187820764111178
Co,Ffreq,11,26,9,0.8181818181818182,0.34615384615384615,1.3531468531468533,6.651162790697675,0.09091864735653732
Co,Ffreq,11,27,10,0.9090909090909091,0.37037037037037035,1.4478114478114477,6.906976744186046,0.025733369799300194
Co,Ffreq,11,28,10,0.9090909090909091,0.35714285714285715,1.3961038961038958,7.162790697674419,0.03795560934128216
Co,Ffreq,11,29,10,0.9090909090909091,0.3448275862068966,1.347962382445141,7.4186046511627906,0.054766549342885405
Co,Ffreq,11,30,10,0.9090909090909091,0.3333333333333333,1.303030303030303,7.674418604651163,0.07740127927361551
Co,Ffreq,11,31,11,1.0,0.3548387096774194,1.3870967741935485,7.930232558139535,0.014720488696209084
Co,Ffreq,11,32,11,1.0,0.34375,1.34375,8.186046511627907,0.022431220870413847
Co,Ffreq,11,33,11,1.0,0.3333333333333333,1.303030303030303,8.44186046511628,0.03364683130562077
Co,Ffreq,11,34,11,1.0,0.3235294117647059,1.2647058823529413,8.69767441860465,0.04973879410396114
Co,Ffreq,11,35,11,1.0,0.3142857142857143,1.2285714285714286,8.953488372093023,0.07253574140160998
Co,Ffreq,11,36,11,1.0,0.3055555555555556,1.1944444444444444,9.209302325581396,0.10445146761831839
Co,Ffreq,11,37,11,1.0,0.2972972972972973,1.1621621621621623,9.465116279069768,0.1486424731491454
Co,Ffreq,11,38,11,1.0,0.2894736842105263,1.131578947368421,9.720930232558139,0.20920051776546392
Co,Ffreq,11,39,11,1.0,0.28205128205128205,1.1025641025641026,9.976744186046512,0.291386435459039
Co,Ffreq,11,40,11,1.0,0.275,1.075,10.232558139534884,0.40191232477108824
Co,Ffreq,11,41,11,1.0,0.2682926829268293,1.048780487804878,10.488372093023257,0.549280177187154
Co,Ffreq,11,42,11,1.0,0.2619047619047619,1.023809523809524,10.744186046511627,0.7441860465116279
Co,Ffreq,11,43,11,1.0,0.2558139534883721,1.0,11.0,1.0
Ni,Ffreq,11,1,1,0.09090909090909091,1.0,3.909090909090909,0.2558139534883721,0.2558139534883721
Ni,Ffreq,11,2,2,0.18181818181818182,1.0,3.909090909090909,0.5116279069767442,0.06090808416389812
Ni,Ffreq,11,3,3,0.2727272727272727,1.0,3.9090909090909087,0.7674418604651163,0.013370067255489832
Ni,Ffreq,11,4,4,0.36363636363636365,1.0,3.909090909090909,1.0232558139534884,0.0026740134510979665
Ni,Ffreq,11,5,4,0.36363636363636365,0.8,3.1272727272727274,1.2790697674418605,0.01145026272649642
Ni,Ffreq,11,6,4,0.36363636363636365,0.6666666666666666,2.606060606060606,1.5348837209302326,0.029349192169743268
Ni,Ffreq,11,7,4,0.36363636363636365,0.5714285714285714,2.2337662337662336,1.7906976744186047,0.05837448315879221
Ni,Ffreq,11,8,5,0.45454545454545453,0.625,2.4431818181818183,2.046511627906977,0.01745688544506349
Ni,Ffreq,11,9,5,0.45454545454545453,0.5555555555555556,2.1717171717171717,2.302325581395349,0.03382392453055497
Ni,Ffreq,11,10,5,0.45454545454545453,0.5,1.9545454545454546,2.558139534883721,0.058085653057283526
Ni,Ffreq,11,11,5,0.45454545454545453,0.45454545454545453,1.7768595041322313,2.813953488372093,0.09116982832100429
Ni,Ffreq,11,12,6,0.5454545454545454,0.5,1.9545454545454544,3.0697674418604652,0.03203186503710343
Ni,Ffreq,11,13,6,0.5454545454545454,0.46153846153846156,1.8041958041958042,3.3255813953488373,0.05165367773959588
Ni,Ffreq,11,14,6,0.5454545454545454,0.42857142857142855,1.675324675324675,3.5813953488372094,0.07822488244088774
Ni,Ffreq,11,15,6,0.5454545454545454,0.4,1.5636363636363635,3.8372093023255816,0.11243149079197608
Ni,Ffreq,11,16,6,0.5454545454545454,0.375,1.4659090909090908,4.093023255813954,0.1545789189388528
Ni,Ffreq,11,17,6,0.5454545454545454,0.35294117647058826,1.3796791443850267,4.348837209302325,0.20453142637218819
Ni,Ffreq,11,18,6,0.5454545454545454,0.3333333333333333,1.3030303030303028,4.604651162790698,0.26168862237763935
Ni,Ffreq,11,19,6,0.5454545454545454,0.3157894736842105,1.23444976076555,4.8604651162790695,0.32500120872213895
Ni,Ffreq,11,20,6,0.5454545454545454,0.3,1.1727272727272726,5.116279069767442,0.3930245529791759
Ni,Ffreq,11,21,7,0.6363636363636364,0.3333333333333333,1.303030303030303,5.372093023255814,0.21557235056951451
Ni,Ffreq,11,22,7,0.6363636363636364,0.3181818181818182,1.243801652892562,5.627906976744186,0.2720344149725886
Ni,Ffreq,11,23,8,0.7272727272727273,0.34782608695652173,1.3596837944664033,5.883720930232558,0.1283826320695294
Ni,Ffreq,11,24,8,0.7272727272727273,0.3333333333333333,1.303030303030303,6.1395348837209305,0.1696825196541589
Ni,Ffreq,11,25,8,0.7272727272727273,0.32,1.250909090909091,6.395348837209302,0.2187820764111178
Ni,Ffreq,11,26,9,0.8181818181818182,0.34615384615384615,1.3531468531468533,6.651162790697675,0.09091864735653732
Ni,Ffreq,11,27,9,0.8181818181818182,0.3333333333333333,1.3030303030303032,6.906976744186046,0.12351128613515588
Ni,Ffreq,11,28,10,0.9090909090909091,0.35714285714285715,1.3961038961038958,7.162790697674419,0.03795560934128216
Ni,Ffreq,11,29,10,0.9090909090909091,0.3448275862068966,1.347962382445141,7.4186046511627906,0.054766549342885405
Ni,Ffreq,11,30,10,0.9090909090909091,0.3333333333333333,1.303030303030303,7.674418604651163,0.07740127927361551
Ni,Ffreq,11,31,11,1.0,0.3548387096774194,1.3870967741935485,7.930232558139535,0.014720488696209084
Ni,Ffreq,11,32,11,1.0,0.34375,1.34375,8.186046511627907,0.022431220870413847
Ni,Ffreq,11,33,11,1.0,0.3333333333333333,1.303030303030303,8.44186046511628,0.03364683130562077
Ni,Ffreq,11,34,11,1.0,0.3235294117647059,1.2647058823529413,8.69767441860465,0.04973879410396114
Ni,Ffreq,11,35,11,1.0,0.3142857142857143,1.2285714285714286,8.953488372093023,0.07253574140160998
Ni,Ffreq,11,36,11,1.0,0.3055555555555556,1.1944444444444444,9.209302325581396,0.10445146761831839
Ni,Ffreq,11,37,11,1.0,0.2972972972972973,1.1621621621621623,9.465116279069768,0.1486424731491454
Ni,Ffreq,11,38,11,1.0,0.2894736842105263,1.131578947368421,9.720930232558139,0.20920051776546392
Ni,Ffreq,11,39,11,1.0,0.28205128205128205,1.1025641025641026,9.976744186046512,0.291386435459039
Ni,Ffreq,11,40,11,1.0,0.275,1.075,10.232558139534884,0.40191232477108824
Ni,Ffreq,11,41,11,1.0,0.2682926829268293,1.048780487804878,10.488372093023257,0.549280177187154
Ni,Ffreq,11,42,11,1.0,0.2619047619047619,1.023809523809524,10.744186046511627,0.7441860465116279
Ni,Ffreq,11,43,11,1.0,0.2558139534883721,1.0,11.0,1.0
Mn,Ffreq,11,1,1,0.09090909090909091,1.0,3.909090909090909,0.2558139534883721,0.2558139534883721
Mn,Ffreq,11,2,1,0.09090909090909091,0.5,1.9545454545454546,0.5116279069767442,0.45071982281284606
Mn,Ffreq,11,3,1,0.09090909090909091,0.3333333333333333,1.303030303030303,0.7674418604651163,0.5980876752289117
Mn,Ffreq,11,4,1,0.09090909090909091,0.25,0.9772727272727273,1.0232558139534884,0.708613564540961
Mn,Ffreq,11,5,1,0.09090909090909091,0.2,0.7818181818181819,1.2790697674418605,0.7907994822345361
Mn,Ffreq,11,6,2,0.18181818181818182,0.3333333333333333,1.303030303030303,1.5348837209302326,0.48800925915294374
Mn,Ffreq,11,7,2,0.18181818181818182,0.2857142857142857,1.1168831168831168,1.7906976744186047,0.5862114936658924
Mn,Ffreq,11,8,2,0.18181818181818182,0.25,0.9772727272727273,2.046511627906977,0.6721384488647228
Mn,Ffreq,11,9,3,0.2727272727272727,0.3333333333333333,1.3030303030303028,2.302325581395349,0.41681263913105576
Mn,Ffreq,11,10,3,0.2727272727272727,0.3,1.1727272727272726,2.558139534883721,0.5037092382420937
Mn,Ffreq,11,11,3,0.2727272727272727,0.2727272727272727,1.0661157024793386,2.813953488372093,0.5859976843699707
Mn,Ffreq,11,12,4,0.36363636363636365,0.3333333333333333,1.303030303030303,3.0697674418604652,0.35970445751830915
Mn,Ffreq,11,13,4,0.36363636363636365,0.3076923076923077,1.202797202797203,3.3255813953488373,0.4375687936393109
Mn,Ffreq,11,14,5,0.45454545454545453,0.35714285714285715,1.3961038961038958,3.5813953488372094,0.24355682280448152
Mn,Ffreq,11,15,5,0.45454545454545453,0.3333333333333333,1.303030303030303,3.8372093023255816,0.3091194888107342
Mn,Ffreq,11,16,5,0.45454545454545453,0.3125,1.2215909090909092,4.093023255813954,0.379365202388862
Mn,Ffreq,11,17,5,0.45454545454545453,0.29411764705882354,1.1497326203208555,4.348837209302325,0.4522126090624762
Mn,Ffreq,11,18,5,0.45454545454545453,0.2777777777777778,1.0858585858585859,4.604651162790698,0.5254910654797211
Mn,Ffreq,11,19,5,0.45454545454545453,0.2631578947368421,1.0287081339712918,4.8604651162790695,0.5970945857502863
Mn,Ffreq,11,20,5,0.45454545454545453,0.25,0.9772727272727273,5.116279069767442,0.6651179300073231
Mn,Ffreq,11,21,5,0.45454545454545453,0.23809523809523808,0.9307359307359307,5.372093023255814,0.7279655850274114
Mn,Ffreq,11,22,5,0.45454545454545453,0.22727272727272727,0.8884297520661156,5.627906976744186,0.7844276494304855
Mn,Ffreq,11,23,5,0.45454545454545453,0.21739130434782608,0.8498023715415021,5.883720930232558,0.8337199278776136
Mn,Ffreq,11,24,6,0.5454545454545454,0.25,0.9772727272727272,6.1395348837209305,0.674998791277861
Mn,Ffreq,11,25,6,0.5454545454545454,0.24,0.938181818181818,6.395348837209302,0.7383113776223607
Mn,Ffreq,11,26,7,0.6363636363636364,0.2692307692307692,1.0524475524475525,6.651162790697675,0.5477873909375238
Mn,Ffreq,11,27,8,0.7272727272727273,0.2962962962962963,1.1582491582491583,6.906976744186046,0.33965194329862625
Mn,Ffreq,11,28,9,0.8181818181818182,0.32142857142857145,1.2564935064935066,7.162790697674419,0.1640376593533066
Mn,Ffreq,11,29,9,0.8181818181818182,0.3103448275862069,1.2131661442006272,7.4186046511627906,0.2132096588579961
Mn,Ffreq,11,30,9,0.8181818181818182,0.3,1.1727272727272728,7.674418604651163,0.2714132501084449
Mn,Ffreq,11,31,9,0.8181818181818182,0.2903225806451613,1.1348973607038124,7.930232558139535,0.3385712400128089
Mn,Ffreq,11,32,9,0.8181818181818182,0.28125,1.0994318181818183,8.186046511627907,0.4140023156300293
Mn,Ffreq,11,33,9,0.8181818181818182,0.2727272727272727,1.0661157024793388,8.44186046511628,0.4962907617579062
Mn,Ffreq,11,34,9,0.8181818181818182,0.2647058823529412,1.0347593582887702,8.69767441860465,0.5831873608689442
Mn,Ffreq,11,35,10,0.9090909090909091,0.2857142857142857,1.1168831168831168,8.953488372093023,0.32786155113527715
Mn,Ffreq,11,36,10,0.9090909090909091,0.2777777777777778,1.0858585858585859,9.209302325581396,0.4137885063341075
Mn,Ffreq,11,37,10,0.9090909090909091,0.2702702702702703,1.0565110565110565,9.465116279069768,0.5119907408470563
Mn,Ffreq,11,38,10,0.9090909090909091,0.2631578947368421,1.0287081339712918,9.720930232558139,0.6201301062333393
Mn,Ffreq,11,39,10,0.9090909090909091,0.2564102564102564,1.0023310023310024,9.976744186046512,0.733489992707236
Mn,Ffreq,11,40,10,0.9090909090909091,0.25,0.9772727272727273,10.232558139534884,0.8440158820192853
Mn,Ffreq,11,41,11,1.0,0.2682926829268293,1.048780487804878,10.488372093023257,0.549280177187154
Mn,Ffreq,11,42,11,1.0,0.2619047619047619,1.023809523809524,10.744186046511627,0.7441860465116279
Mn,Ffreq,11,43,11,1.0,0.2558139534883721,1.0,11.0,1.0
Pb,Ffreq,11,1,1,0.09090909090909091,1.0,3.909090909090909,0.2558139534883721,0.2558139534883721
Pb,Ffreq,11,2,2,0.18181818181818182,1.0,3.909090909090909,0.5116279069767442,0.06090808416389812
Pb,Ffreq,11,3,3,0.2727272727272727,1.0,3.9090909090909087,0.7674418604651163,0.013370067255489832
Pb,Ffreq,11,4,4,0.36363636363636365,1.0,3.909090909090909,1.0232558139534884,0.0026740134510979665
Pb,Ffreq,11,5,4,0.36363636363636365,0.8,3.1272727272727274,1.2790697674418605,0.01145026272649642
Pb,Ffreq,11,6,4,0.36363636363636365,0.6666666666666666,2.606060606060606,1.5348837209302326,0.029349192169743268
Pb,Ffreq,11,7,4,0.36363636363636365,0.5714285714285714,2.2337662337662336,1.7906976744186047,0.05837448315879221
Pb,Ffreq,11,8,4,0.36363636363636365,0.5,1.9545454545454546,2.046511627906977,0.09929208087252091
Pb,Ffreq,11,9,5,0.45454545454545453,0.5555555555555556,2.1717171717171717,2.302325581395349,0.03382392453055497
Pb,Ffreq,11,10,5,0.45454545454545453,0.5,1.9545454545454546,2.558139534883721,0.058085653057283526
Pb,Ffreq,11,11,5,0.45454545454545453,0.45454545454545453,1.7768595041322313,2.813953488372093,0.09116982832100429
Pb,Ffreq,11,12,6,0.5454545454545454,0.5,1.9545454545454544,3.0697674418604652,0.03203186503710343
Pb,Ffreq,11,13,6,0.5454545454545454,0.46153846153846156,1.8041958041958042,3.3255813953488373,0.05165367773959588
Pb,Ffreq,11,14,7,0.6363636363636364,0.5,1.9545454545454544,3.5813953488372094,0.016225404804540076
Pb,Ffreq,11,15,8,0.7272727272727273,0.5333333333333333,2.084848484848485,3.8372093023255816,0.004008758964865657
Pb,Ffreq,11,16,8,0.7272727272727273,0.5,1.9545454545454546,4.093023255813954,0.007281074814778449
Pb,Ffreq,11,17,8,0.7272727272727273,0.47058823529411764,1.8395721925133692,4.348837209302325,0.012452141836862853
Pb,Ffreq,11,18,8,0.7272727272727273,0.4444444444444444,1.7373737373737372,4.604651162790698,0.020228631089305178
Pb,Ffreq,11,19,8,0.7272727272727273,0.42105263157894735,1.645933014354067,4.8604651162790695,0.03142677561282212
Pb,Ffreq,11,20,8,0.7272727272727273,0.4,1.5636363636363637,5.116279069767442,0.046940871671444555
Pb,Ffreq,11,21,8,0.7272727272727273,0.38095238095238093,1.4891774891774894,5.372093023255814,0.0676955152281301
Pb,Ffreq,11,22,8,0.7272727272727273,0.36363636363636365,1.421487603305785,5.627906976744186,0.09458221256292726
Pb,Ffreq,11,23,8,0.7272727272727273,0.34782608695652173,1.3596837944664033,5.883720930232558,0.1283826320695294
Pb,Ffreq,11,24,8,0.7272727272727273,0.3333333333333333,1.303030303030303,6.1395348837209305,0.1696825196541589
Pb,Ffreq,11,25,8,0.7272727272727273,0.32,1.250909090909091,6.395348837209302,0.2187820764111178
Pb,Ffreq,11,26,8,0.7272727272727273,0.3076923076923077,1.202797202797203,6.651162790697675,0.2756102671020425
Pb,Ffreq,11,27,8,0.7272727272727273,0.2962962962962963,1.1582491582491583,6.906976744186046,0.33965194329862625
Pb,Ffreq,11,28,9,0.8181818181818182,0.32142857142857145,1.2564935064935066,7.162790697674419,0.1640376593533066
Pb,Ffreq,11,29,10,0.9090909090909091,0.3448275862068966,1.347962382445141,7.4186046511627906,0.054766549342885405
Pb,Ffreq,11,30,10,0.9090909090909091,0.3333333333333333,1.303030303030303,7.674418604651163,0.07740127927361551
Pb,Ffreq,11,31,10,0.9090909090909091,0.3225806451612903,1.2609970674486803,7.930232558139535,0.10724927478666618
Pb,Ffreq,11,32,10,0.9090909090909091,0.3125,1.2215909090909092,8.186046511627907,0.14580293565769
Pb,Ffreq,11,33,10,0.9090909090909091,0.30303030303030304,1.184573002754821,8.44186046511628,0.19456645928902444
Pb,Ffreq,11,34,10,0.9090909090909091,0.29411764705882354,1.1497326203208555,8.69767441860465,0.2549113197828009
Pb,Ffreq,11,35,10,0.9090909090909091,0.2857142857142857,1.1168831168831168,8.953488372093023,0.32786155113527715
Pb,Ffreq,11,36,10,0.9090909090909091,0.2777777777777778,1.0858585858585859,9.209302325581396,0.4137885063341075
Pb,Ffreq,11,37,11,1.0,0.2972972972972973,1.1621621621621623,9.465116279069768,0.1486424731491454
Pb,Ffreq,11,38,11,1.0,0.2894736842105263,1.131578947368421,9.720930232558139,0.20920051776546392
Pb,Ffreq,11,39,11,1.0,0.28205128205128205,1.1025641025641026,9.976744186046512,0.291386435459039
Pb,Ffreq,11,40,11,1.0,0.275,1.075,10.232558139534884,0.40191232477108824
Pb,Ffreq,11,41,11,1.0,0.2682926829268293,1.048780487804878,10.488372093023257,0.549280177187154
Pb,Ffreq,11,42,11,1.0,0.2619047619047619,1.023809523809524,10.744186046511627,0.7441860465116279
Pb,Ffreq,11,43,11,1.0,0.2558139534883721,1.0,11.0,1.0
Cd,Ffreq,11,1,0,0.0,0.0,0.0,0.2558139534883721,1.0
Cd,Ffreq,11,2,0,0.0,0.0,0.0,0.5116279069767442,1.0
Cd,Ffreq,11,3,0,0.0,0.0,0.0,0.7674418604651163,1.0
Cd,Ffreq,11,4,0,0.0,0.0,0.0,1.0232558139534884,1.0
Cd,Ffreq,11,5,0,0.0,0.0,0.0,1.2790697674418605,1.0
Cd,Ffreq,11,6,0,0.0,0.0,0.0,1.5348837209302326,1.0
Cd,Ffreq,11,7,0,0.0,0.0,0.0,1.7906976744186047,1.0
Cd,Ffreq,11,8,0,0.0,0.0,0.0,2.046511627906977,1.0
Cd,Ffreq,11,9,0,0.0,0.0,0.0,2.302325581395349,1.0
Cd,Ffreq,11,10,0,0.0,0.0,0.0,2.558139534883721,1.0
Cd,Ffreq,11,11,0,0.0,0.0,0.0,2.813953488372093,1.0
Cd,Ffreq,11,12,0,0.0,0.0,0.0,3.0697674418604652,1.0
Cd,Ffreq,11,13,0,0.0,0.0,0.0,3.3255813953488373,1.0
Cd,Ffreq,11,14,0,0.0,0.0,0.0,3.5813953488372094,1.0
Cd,Ffreq,11,15,0,0.0,0.0,0.0,3.8372093023255816,1.0
Cd,Ffreq,11,16,0,0.0,0.0,0.0,4.093023255813954,1.0
Cd,Ffreq,11,17,1,0.09090909090909091,0.058823529411764705,0.22994652406417115,4.348837209302325,0.9986567882200327
Cd,Ffreq,11,18,2,0.18181818181818182,0.1111111111111111,0.4343434343434343,4.604651162790698,0.9889959958025755
Cd,Ffreq,11,19,2,0.18181818181818182,0.10526315789473684,0.41148325358851673,4.8604651162790695,0.9930876255323221
Cd,Ffreq,11,20,2,0.18181818181818182,0.1,0.39090909090909093,5.116279069767442,0.995786964590141
Cd,Ffreq,11,21,2,0.18181818181818182,0.09523809523809523,0.37229437229437234,5.372093023255814,0.9975165182198648
Cd,Ffreq,11,22,2,0.18181818181818182,0.09090909090909091,0.35537190082644626,5.627906976744186,0.9985896276310343
Cd,Ffreq,11,23,2,0.18181818181818182,0.08695652173913043,0.3399209486166008,5.883720930232558,0.9992320332649317
Cd,Ffreq,11,24,2,0.18181818181818182,0.08333333333333333,0.32575757575757575,6.1395348837209305,0.9996014165044227
Cd,Ffreq,11,25,2,0.18181818181818182,0.08,0.31272727272727274,6.395348837209302,0.999804281441443
Cd,Ffreq,11,26,2,0.18181818181818182,0.07692307692307693,0.30069930069930073,6.651162790697675,0.9999099402628077
Cd,Ffreq,11,27,2,0.18181818181818182,0.07407407407407407,0.2895622895622896,6.906976744186046,0.9999616509330286
Cd,Ffreq,11,28,2,0.18181818181818182,0.07142857142857142,0.2792207792207792,7.162790697674419,0.9999851444827202
Cd,Ffreq,11,29,2,0.18181818181818182,0.06896551724137931,0.26959247648902823,7.4186046511627906,0.9999948899551849
Cd,Ffreq,11,30,3,0.2727272727272727,0.1,0.3909090909090909,7.674418604651163,0.9999444223299213
Cd,Ffreq,11,31,4,0.36363636363636365,0.12903225806451613,0.5043988269794721,7.930232558139535,0.9995950310780963
Cd,Ffreq,11,32,5,0.45454545454545453,0.15625,0.6107954545454546,8.186046511627907,0.9977898429436671
Cd,Ffreq,11,33,6,0.5454545454545454,0.18181818181818182,0.7107438016528925,8.44186046511628,0.9904378039961735
Cd,Ffreq,11,34,6,0.5454545454545454,0.17647058823529413,0.6898395721925134,8.69767441860465,0.9956367458233297
Cd,Ffreq,11,35,7,0.6363636363636364,0.2,0.7818181818181819,8.953488372093023,0.9825431145549365
Cd,Ffreq,11,36,8,0.7272727272727273,0.2222222222222222,0.8686868686868686,9.209302325581396,0.9416255168412078
Cd,Ffreq,11,37,8,0.7272727272727273,0.21621621621621623,0.8452088452088452,9.465116279069768,0.9706508078302567
Cd,Ffreq,11,38,8,0.7272727272727273,0.21052631578947367,0.8229665071770335,9.720930232558139,0.9885497372735036
Cd,Ffreq,11,39,9,0.8181818181818182,0.23076923076923078,0.9020979020979022,9.976744186046512,0.9545417713313346
Cd,Ffreq,11,40,9,0.8181818181818182,0.225,0.8795454545454546,10.232558139534884,0.9866299327445102
Cd,Ffreq,11,41,10,0.9090909090909091,0.24390243902439024,0.9534368070953436,10.488372093023257,0.9390919158361019
Cd,Ffreq,11,42,10,0.9090909090909091,0.23809523809523808,0.9307359307359307,10.744186046511627,1.0
Cd,Ffreq,11,43,11,1.0,0.2558139534883721,1.0,11.0,1.0
Fe,Cfreq,11,1,1,0.09090909090909091,1.0,3.909090909090909,0.2558139534883721,0.2558139534883721
Fe,Cfreq,11,2,1,0.09090909090909091,0.5,1.9545454545454546,0.5116279069767442,0.45071982281284606
Fe,Cfreq,11,3,1,0.09090909090909091,0.3333333333333333,1.303030303030303,0.7674418604651163,0.5980876752289117
Fe,Cfreq,11,4,2,0.18181818181818182,0.5,1.9545454545454546,1.0232558139534884,0.266510007292764
Fe,Cfreq,11,5,2,0.18181818181818182,0.4,1.5636363636363637,1.2790697674418605,0.3798698937666606
Fe,Cfreq,11,6,3,0.2727272727272727,0.5,1.9545454545454544,1.5348837209302326,0.16359116299409465
Fe,Cfreq,11,7,3,0.2727272727272727,0.42857142857142855,1.675324675324675,1.7906976744186047,0.24250367287057142
Fe,Cfreq,11,8,4,0.36363636363636365,0.5,1.9545454545454546,2.046511627906977,0.09929208087252091
Fe,Cfreq,11,9,4,0.36363636363636365,0.4444444444444444,1.7373737373737372,2.302325581395349,0.15166660594609369
Fe,Cfreq,11,10,4,0.36363636363636365,0.4,1.5636363636363637,2.558139534883721,0.21405390787196701
Fe,Cfreq,11,11,4,0.36363636363636365,0.36363636363636365,1.421487603305785,2.813953488372093,0.28427338190108864
Fe,Cfreq,11,12,5,0.45454545454545453,0.4166666666666667,1.6287878787878787,3.0697674418604652,0.13341123066664773
Fe,Cfreq,11,13,5,0.45454545454545453,0.38461538461538464,1.5034965034965035,3.3255813953488373,0.1845097012460552
Fe,Cfreq,11,14,5,0.45454545454545453,0.35714285714285715,1.3961038961038958,3.5813953488372094,0.24355682280448152
Fe,Cfreq,11,15,5,0.45454545454545453,0.3333333333333333,1.303030303030303,3.8372093023255816,0.3091194888107342
Fe,Cfreq,11,16,5,0.45454545454545453,0.3125,1.2215909090909092,4.093023255813954,0.379365202388862
Fe,Cfreq,11,17,6,0.5454545454545454,0.35294117647058826,1.3796791443850267,4.348837209302325,0.20453142637218819
Fe,Cfreq,11,18,7,0.6363636363636364,0.3888888888888889,1.52020202020202,4.604651162790698,0.09021703436128607
Fe,Cfreq,11,19,7,0.6363636363636364,0.3684210526315789,1.4401913875598085,4.8604651162790695,0.12451135196455672
Fe,Cfreq,11,20,7,0.6363636363636364,0.35,1.3681818181818182,5.116279069767442,0.16628007212238632
Fe,Cfreq,11,21,8,0.7272727272727273,0.38095238095238093,1.4891774891774894,5.372093023255814,0.0676955152281301
Fe,Cfreq,11,22,9,0.8181818181818182,0.4090909090909091,1.5991735537190084,5.627906976744186,0.020643794892235053
Fe,Cfreq,11,23,9,0.8181818181818182,0.391304347826087,1.5296442687747038,5.883720930232558,0.03120642598804822
Fe,Cfreq,11,24,9,0.8181818181818182,0.375,1.465909090909091,6.1395348837209305,0.0457828569002704
Fe,Cfreq,11,25,10,0.9090909090909091,0.4,1.5636363636363635,6.395348837209302,0.011004004197424503
Fe,Cfreq,11,26,11,1.0,0.4230769230769231,1.653846153846154,6.651162790697675,0.0013432117799673101
Fe,Cfreq,11,27,11,1.0,0.4074074074074074,1.5925925925925926,6.906976744186046,0.002266669878694836
Fe,Cfreq,11,28,11,1.0,0.39285714285714285,1.5357142857142856,7.162790697674419,0.003733338623732672
Fe,Cfreq,11,29,11,1.0,0.3793103448275862,1.4827586206896552,7.4186046511627906,0.0060148233382359695
Fe,Cfreq,11,30,11,1.0,0.36666666666666664,1.4333333333333333,7.674418604651163,0.009497089481425216
Fe,Cfreq,11,31,11,1.0,0.3548387096774194,1.3870967741935485,7.930232558139535,0.014720488696209084
Fe,Cfreq,11,32,11,1.0,0.34375,1.34375,8.186046511627907,0.022431220870413847
Fe,Cfreq,11,33,11,1.0,0.3333333333333333,1.303030303030303,8.44186046511628,0.03364683130562077
Fe,Cfreq,11,34,11,1.0,0.3235294117647059,1.2647058823529413,8.69767441860465,0.04973879410396114
Fe,Cfreq,11,35,11,1.0,0.3142857142857143,1.2285714285714286,8.953488372093023,0.07253574140160998
Fe,Cfreq,11,36,11,1.0,0.3055555555555556,1.1944444444444444,9.209302325581396,0.10445146761831839
Fe,Cfreq,11,37,11,1.0,0.2972972972972973,1.1621621621621623,9.465116279069768,0.1486424731491454
Fe,Cfreq,11,38,11,1.0,0.2894736842105263,1.131578947368421,9.720930232558139,0.20920051776546392
Fe,Cfreq,11,39,11,1.0,0.28205128205128205,1.1025641025641026,9.976744186046512,0.291386435459039
Fe,Cfreq,11,40,11,1.0,0.275,1.075,10.232558139534884,0.40191232477108824
Fe,Cfreq,11,41,11,1.0,0.2682926829268293,1.048780487804878,10.488372093023257,0.549280177187154
Fe,Cfreq,11,42,11,1.0,0.2619047619047619,1.023809523809524,10.744186046511627,0.7441860465116279
Fe,Cfreq,11,43,11,1.0,0.2558139534883721,1.0,11.0,1.0
Zn,Cfreq,11,1,0,0.0,0.0,0.0,0.2558139534883721,1.0
Zn,Cfreq,11,2,1,0.09090909090909091,0.5,1.9545454545454546,0.5116279069767442,0.45071982281284606
Zn,Cfreq,11,3,1,0.09090909090909091,0.3333333333333333,1.303030303030303,0.7674418604651163,0.5980876752289117
Zn,Cfreq,11,4,2,0.18181818181818182,0.5,1.9545454545454546,1.0232558139534884,0.266510007292764
Zn,Cfreq,11,5,3,0.2727272727272727,0.6,2.3454545454545452,1.2790697674418605,0.09647017758191893
Zn,Cfreq,11,6,3,0.2727272727272727,0.5,1.9545454545454544,1.5348837209302326,0.16359116299409465
Zn,Cfreq,11,7,4,0.36363636363636365,0.5714285714285714,2.2337662337662336,1.7906976744186047,0.05837448315879221
Zn,Cfreq,11,8,5,0.45454545454545453,0.625,2.4431818181818183,2.046511627906977,0.01745688544506349
Zn,Cfreq,11,9,5,0.45454545454545453,0.5555555555555556,2.1717171717171717,2.302325581395349,0.03382392453055497
Zn,Cfreq,11,10,5,0.45454545454545453,0.5,1.9545454545454546,2.558139534883721,0.058085653057283526
Zn,Cfreq,11,11,5,0.45454545454545453,0.45454545454545453,1.7768595041322313,2.813953488372093,0.09116982832100429
Zn,Cfreq,11,12,5,0.45454545454545453,0.4166666666666667,1.6287878787878787,3.0697674418604652,0.13341123066664773
Zn,Cfreq,11,13,5,0.45454545454545453,0.38461538461538464,1.5034965034965035,3.3255813953488373,0.1845097012460552
Zn,Cfreq,11,14,6,0.5454545454545454,0.42857142857142855,1.675324675324675,3.5813953488372094,0.07822488244088774
Zn,Cfreq,11,15,7,0.6363636363636364,0.4666666666666667,1.8242424242424242,3.8372093023255816,0.026914969914255182
Zn,Cfreq,11,16,7,0.6363636363636364,0.4375,1.7102272727272727,4.093023255813954,0.042185777213848204
Zn,Cfreq,11,17,7,0.6363636363636364,0.4117647058823529,1.6096256684491979,4.348837209302325,0.06299932197773797
Zn,Cfreq,11,18,8,0.7272727272727273,0.4444444444444444,1.7373737373737372,4.604651162790698,0.020228631089305178
Zn,Cfreq,11,19,8,0.7272727272727273,0.42105263157894735,1.645933014354067,4.8604651162790695,0.03142677561282212
Zn,Cfreq,11,20,8,0.7272727272727273,0.4,1.5636363636363637,5.116279069767442,0.046940871671444555
Zn,Cfreq,11,21,8,0.7272727272727273,0.38095238095238093,1.4891774891774894,5.372093023255814,0.0676955152281301
Zn,Cfreq,11,22,8,0.7272727272727273,0.36363636363636365,1.421487603305785,5.627906976744186,0.09458221256292726
Zn,Cfreq,11,23,9,0.8181818181818182,0.391304347826087,1.5296442687747038,5.883720930232558,0.03120642598804822
Zn,Cfreq,11,24,9,0.8181818181818182,0.375,1.465909090909091,6.1395348837209305,0.0457828569002704
Zn,Cfreq,11,25,9,0.8181818181818182,0.36,1.4072727272727272,6.395348837209302,0.06534596154562121
Zn,Cfreq,11,26,10,0.9090909090909091,0.38461538461538464,1.5034965034965035,6.651162790697675,0.017041999458335247
Zn,Cfreq,11,27,10,0.9090909090909091,0.37037037037037035,1.4478114478114477,6.906976744186046,0.025733369799300194
Zn,Cfreq,11,28,10,0.9090909090909091,0.35714285714285715,1.3961038961038958,7.162790697674419,0.03795560934128216
Zn,Cfreq,11,29,10,0.9090909090909091,0.3448275862068966,1.347962382445141,7.4186046511627906,0.054766549342885405
Zn,Cfreq,11,30,10,0.9090909090909091,0.3333333333333333,1.303030303030303,7.674418604651163,0.07740127927361551
Zn,Cfreq,11,31,10,0.9090909090909091,0.3225806451612903,1.2609970674486803,7.930232558139535,0.10724927478666618
Zn,Cfreq,11,32,10,0.9090909090909091,0.3125,1.2215909090909092,8.186046511627907,0.14580293565769
Zn,Cfreq,11,33,11,1.0,0.3333333333333333,1.303030303030303,8.44186046511628,0.03364683130562077
Zn,Cfreq,11,34,11,1.0,0.3235294117647059,1.2647058823529413,8.69767441860465,0.04973879410396114
Zn,Cfreq,11,35,11,1.0,0.3142857142857143,1.2285714285714286,8.953488372093023,0.07253574140160998
Zn,Cfreq,11,36,11,1.0,0.3055555555555556,1.1944444444444444,9.209302325581396,0.10445146761831839
Zn,Cfreq,11,37,11,1.0,0.2972972972972973,1.1621621621621623,9.465116279069768,0.1486424731491454
Zn,Cfreq,11,38,11,1.0,0.2894736842105263,1.131578947368421,9.720930232558139,0.20920051776546392
Zn,Cfreq,11,39,11,1.0,0.28205128205128205,1.1025641025641026,9.976744186046512,0.291386435459039
Zn,Cfreq,11,40,11,1.0,0.275,1.075,10.232558139534884,0.40191232477108824
Zn,Cfreq,11,41,11,1.0,0.2682926829268293,1.048780487804878,10.488372093023257,0.549280177187154
Zn,Cfreq,11,42,11,1.0,0.2619047619047619,1.023809523809524,10.744186046511627,0.7441860465116279
Zn,Cfreq,11,43,11,1.0,0.2558139534883721,1.0,11.0,1.0
Cu,Cfreq,11,1,0,0.0,0.0,0.0,0.2558139534883721,1.0
Cu,Cfreq,11,2,0,0.0,0.0,0.0,0.5116279069767442,1.0
Cu,Cfreq,11,3,0,0.0,0.0,0.0,0.7674418604651163,1.0
Cu,Cfreq,11,4,0,0.0,0.0,0.0,1.0232558139534884,1.0
Cu,Cfreq,11,5,0,0.0,0.0,0.0,1.2790697674418605,1.0
Cu,Cfreq,11,6,1,0.09090909090909091,0.16666666666666666,0.6515151515151515,1.5348837209302326,0.8513575268508546
Cu,Cfreq,11,7,1,0.09090909090909091,0.14285714285714285,0.5584415584415584,1.7906976744186047,0.8955485323816815
Cu,Cfreq,11,8,2,0.18181818181818182,0.25,0.9772727272727273,2.046511627906977,0.6721384488647228
Cu,Cfreq,11,9,2,0.18181818181818182,0.2222222222222222,0.8686868686868686,2.302325581395349,0.7450886802171991
Cu,Cfreq,11,10,2,0.18181818181818182,0.2,0.7818181818181819,2.558139534883721,0.8054335407109756
Cu,Cfreq,11,11,2,0.18181818181818182,0.18181818181818182,0.7107438016528925,2.813953488372093,0.85419706434231
Cu,Cfreq,11,12,2,0.18181818181818182,0.16666666666666666,0.6515151515151515,3.0697674418604652,0.8927507252133338
Cu,Cfreq,11,13,3,0.2727272727272727,0.23076923076923078,0.9020979020979021,3.3255813953488373,0.728586749891555
Cu,Cfreq,11,14,4,0.36363636363636365,0.2857142857142857,1.1168831168831168,3.5813953488372094,0.5151735819732427
Cu,Cfreq,11,15,4,0.36363636363636365,0.26666666666666666,1.0424242424242425,3.8372093023255816,0.5901023431232459
Cu,Cfreq,11,16,4,0.36363636363636365,0.25,0.9772727272727273,4.093023255813954,0.6603480567013738
Cu,Cfreq,11,17,5,0.45454545454545453,0.29411764705882354,1.1497326203208555,4.348837209302325,0.4522126090624762
Cu,Cfreq,11,18,6,0.5454545454545454,0.3333333333333333,1.3030303030303028,4.604651162790698,0.26168862237763935
Cu,Cfreq,11,19,6,0.5454545454545454,0.3157894736842105,1.23444976076555,4.8604651162790695,0.32500120872213895
Cu,Cfreq,11,20,6,0.5454545454545454,0.3,1.1727272727272726,5.116279069767442,0.3930245529791759
Cu,Cfreq,11,21,6,0.5454545454545454,0.2857142857142857,1.1168831168831168,5.372093023255814,0.4640054339430402
Cu,Cfreq,11,22,7,0.6363636363636364,0.3181818181818182,1.243801652892562,5.627906976744186,0.2720344149725886
Cu,Cfreq,11,23,7,0.6363636363636364,0.30434782608695654,1.1897233201581028,5.883720930232558,0.33488206999267695
Cu,Cfreq,11,24,7,0.6363636363636364,0.2916666666666667,1.1401515151515151,6.1395348837209305,0.40290541424971366
Cu,Cfreq,11,25,7,0.6363636363636364,0.28,1.0945454545454545,6.395348837209302,0.4745089345202788
Cu,Cfreq,11,26,8,0.7272727272727273,0.3076923076923077,1.202797202797203,6.651162790697675,0.2756102671020425
Cu,Cfreq,11,27,8,0.7272727272727273,0.2962962962962963,1.1582491582491583,6.906976744186046,0.33965194329862625
Cu,Cfreq,11,28,9,0.8181818181818182,0.32142857142857145,1.2564935064935066,7.162790697674419,0.1640376593533066
Cu,Cfreq,11,29,9,0.8181818181818182,0.3103448275862069,1.2131661442006272,7.4186046511627906,0.2132096588579961
Cu,Cfreq,11,30,9,0.8181818181818182,0.3,1.1727272727272728,7.674418604651163,0.2714132501084449
Cu,Cfreq,11,31,9,0.8181818181818182,0.2903225806451613,1.1348973607038124,7.930232558139535,0.3385712400128089
Cu,Cfreq,11,32,9,0.8181818181818182,0.28125,1.0994318181818183,8.186046511627907,0.4140023156300293
Cu,Cfreq,11,33,9,0.8181818181818182,0.2727272727272727,1.0661157024793388,8.44186046511628,0.4962907617579062
Cu,Cfreq,11,34,10,0.9090909090909091,0.29411764705882354,1.1497326203208555,8.69767441860465,0.2549113197828009
Cu,Cfreq,11,35,10,0.9090909090909091,0.2857142857142857,1.1168831168831168,8.953488372093023,0.32786155113527715
Cu,Cfreq,11,36,10,0.9090909090909091,0.2777777777777778,1.0858585858585859,9.209302325581396,0.4137885063341075
Cu,Cfreq,11,37,10,0.9090909090909091,0.2702702702702703,1.0565110565110565,9.465116279069768,0.5119907408470563
Cu,Cfreq,11,38,10,0.9090909090909091,0.2631578947368421,1.0287081339712918,9.720930232558139,0.6201301062333393
Cu,Cfreq,11,39,10,0.9090909090909091,0.2564102564102564,1.0023310023310024,9.976744186046512,0.733489992707236
Cu,Cfreq,11,40,10,0.9090909090909091,0.25,0.9772727272727273,10.232558139534884,0.8440158820192853
Cu,Cfreq,11,41,10,0.9090909090909091,0.24390243902439024,0.9534368070953436,10.488372093023257,0.9390919158361019
Cu,Cfreq,11,42,10,0.9090909090909091,0.23809523809523808,0.9307359307359307,10.744186046511627,1.0
Cu,Cfreq,11,43,11,1.0,0.2558139534883721,1.0,11.0,1.0
Cr,Cfreq,11,1,0,0.0,0.0,0.0,0.2558139534883721,1.0
Cr,Cfreq,11,2,1,0.09090909090909091,0.5,1.9545454545454546,0.5116279069767442,0.45071982281284606
Cr,Cfreq,11,3,2,0.18181818181818182,0.6666666666666666,2.606060606060606,0.7674418604651163,0.1559841179807147
Cr,Cfreq,11,4,2,0.18181818181818182,0.5,1.9545454545454546,1.0232558139534884,0.266510007292764
Cr,Cfreq,11,5,2,0.18181818181818182,0.4,1.5636363636363637,1.2790697674418605,0.3798698937666606
Cr,Cfreq,11,6,2,0.18181818181818182,0.3333333333333333,1.303030303030303,1.5348837209302326,0.48800925915294374
Cr,Cfreq,11,7,2,0.18181818181818182,0.2857142857142857,1.1168831168831168,1.7906976744186047,0.5862114936658924
Cr,Cfreq,11,8,3,0.2727272727272727,0.375,1.4659090909090908,2.046511627906977,0.3284306280694017
Cr,Cfreq,11,9,3,0.2727272727272727,0.3333333333333333,1.3030303030303028,2.302325581395349,0.41681263913105576
Cr,Cfreq,11,10,4,0.36363636363636365,0.4,1.5636363636363637,2.558139534883721,0.21405390787196701
Cr,Cfreq,11,11,4,0.36363636363636365,0.36363636363636365,1.421487603305785,2.813953488372093,0.28427338190108864
Cr,Cfreq,11,12,5,0.45454545454545453,0.4166666666666667,1.6287878787878787,3.0697674418604652,0.13341123066664773
Cr,Cfreq,11,13,6,0.5454545454545454,0.46153846153846156,1.8041958041958042,3.3255813953488373,0.05165367773959588
Cr,Cfreq,11,14,7,0.6363636363636364,0.5,1.9545454545454544,3.5813953488372094,0.016225404804540076
Cr,Cfreq,11,15,7,0.6363636363636364,0.4666666666666667,1.8242424242424242,3.8372093023255816,0.026914969914255182
Cr,Cfreq,11,16,7,0.6363636363636364,0.4375,1.7102272727272727,4.093023255813954,0.042185777213848204
Cr,Cfreq,11,17,7,0.6363636363636364,0.4117647058823529,1.6096256684491979,4.348837209302325,0.06299932197773797
Cr,Cfreq,11,18,8,0.7272727272727273,0.4444444444444444,1.7373737373737372,4.604651162790698,0.020228631089305178
Cr,Cfreq,11,19,8,0.7272727272727273,0.42105263157894735,1.645933014354067,4.8604651162790695,0.03142677561282212
Cr,Cfreq,11,20,9,0.8181818181818182,0.45,1.7590909090909093,5.116279069767442,0.008155631524888473
Cr,Cfreq,11,21,10,0.9090909090909091,0.47619047619047616,1.8614718614718615,5.372093023255814,0.001410372368965676
Cr,Cfreq,11,22,10,0.9090909090909091,0.45454545454545453,1.7768595041322313,5.627906976744186,0.002483481780135212
Cr,Cfreq,11,23,10,0.9090909090909091,0.43478260869565216,1.6996047430830041,5.883720930232558,0.0042130354098590065
Cr,Cfreq,11,24,10,0.9090909090909091,0.4166666666666667,1.6287878787878787,6.1395348837209305,0.0069123744676779265
Cr,Cfreq,11,25,10,0.9090909090909091,0.4,1.5636363636363635,6.395348837209302,0.011004004197424503
Cr,Cfreq,11,26,10,0.9090909090909091,0.38461538461538464,1.5034965034965035,6.651162790697675,0.017041999458335247
Cr,Cfreq,11,27,10,0.9090909090909091,0.37037037037037035,1.4478114478114477,6.906976744186046,0.025733369799300194
Cr,Cfreq,11,28,10,0.9090909090909091,0.35714285714285715,1.3961038961038958,7.162790697674419,0.03795560934128216
Cr,Cfreq,11,29,10,0.9090909090909091,0.3448275862068966,1.347962382445141,7.4186046511627906,0.054766549342885405
Cr,Cfreq,11,30,10,0.9090909090909091,0.3333333333333333,1.303030303030303,7.674418604651163,0.07740127927361551
Cr,Cfreq,11,31,10,0.9090909090909091,0.3225806451612903,1.2609970674486803,7.930232558139535,0.10724927478666618
Cr,Cfreq,11,32,10,0.9090909090909091,0.3125,1.2215909090909092,8.186046511627907,0.14580293565769
Cr,Cfreq,11,33,10,0.9090909090909091,0.30303030303030304,1.184573002754821,8.44186046511628,0.19456645928902444
Cr,Cfreq,11,34,10,0.9090909090909091,0.29411764705882354,1.1497326203208555,8.69767441860465,0.2549113197828009
Cr,Cfreq,11,35,10,0.9090909090909091,0.2857142857142857,1.1168831168831168,8.953488372093023,0.32786155113527715
Cr,Cfreq,11,36,10,0.9090909090909091,0.2777777777777778,1.0858585858585859,9.209302325581396,0.4137885063341075
Cr,Cfreq,11,37,10,0.9090909090909091,0.2702702702702703,1.0565110565110565,9.465116279069768,0.5119907408470563
Cr,Cfreq,11,38,10,0.9090909090909091,0.2631578947368421,1.0287081339712918,9.720930232558139,0.6201301062333393
Cr,Cfreq,11,39,11,1.0,0.28205128205128205,1.1025641025641026,9.976744186046512,0.291386435459039
Cr,Cfreq,11,40,11,1.0,0.275,1.075,10.232558139534884,0.40191232477108824
Cr,Cfreq,11,41,11,1.0,0.2682926829268293,1.048780487804878,10.488372093023257,0.549280177187154
Cr,Cfreq,11,42,11,1.0,0.2619047619047619,1.023809523809524,10.744186046511627,0.7441860465116279
Cr,Cfreq,11,43,11,1.0,0.2558139534883721,1.0,11.0,1.0
Co,Cfreq,11,1,1,0.09090909090909091,1.0,3.909090909090909,0.2558139534883721,0.2558139534883721
Co,Cfreq,11,2,2,0.18181818181818182,1.0,3.909090909090909,0.5116279069767442,0.06090808416389812
Co,Cfreq,11,3,2,0.18181818181818182,0.6666666666666666,2.606060606060606,0.7674418604651163,0.1559841179807147
Co,Cfreq,11,4,3,0.2727272727272727,0.75,2.9318181818181817,1.0232558139534884,0.04545822866866543
Co,Cfreq,11,5,3,0.2727272727272727,0.6,2.3454545454545452,1.2790697674418605,0.09647017758191893
Co,Cfreq,11,6,4,0.36363636363636365,0.6666666666666666,2.606060606060606,1.5348837209302326,0.029349192169743268
Co,Cfreq,11,7,4,0.36363636363636365,0.5714285714285714,2.2337662337662336,1.7906976744186047,0.05837448315879221
Co,Cfreq,11,8,4,0.36363636363636365,0.5,1.9545454545454546,2.046511627906977,0.09929208087252091
Co,Cfreq,11,9,5,0.45454545454545453,0.5555555555555556,2.1717171717171717,2.302325581395349,0.03382392453055497
Co,Cfreq,11,10,5,0.45454545454545453,0.5,1.9545454545454546,2.558139534883721,0.058085653057283526
Co,Cfreq,11,11,6,0.5454545454545454,0.5454545454545454,2.1322314049586772,2.813953488372093,0.01838464274081862
Co,Cfreq,11,12,6,0.5454545454545454,0.5,1.9545454545454544,3.0697674418604652,0.03203186503710343
Co,Cfreq,11,13,7,0.6363636363636364,0.5384615384615384,2.104895104895105,3.3255813953488373,0.00913975021752891
Co,Cfreq,11,14,8,0.7272727272727273,0.5714285714285714,2.2337662337662336,3.5813953488372094,0.0020540956305177506
Co,Cfreq,11,15,8,0.7272727272727273,0.5333333333333333,2.084848484848485,3.8372093023255816,0.004008758964865657
Co,Cfreq,11,16,9,0.8181818181818182,0.5625,2.1988636363636367,4.093023255813954,0.0007364431149528675
Co,Cfreq,11,17,10,0.9090909090909091,0.5882352941176471,2.299465240641711,4.348837209302325,9.005973719231622e-05
Co,Cfreq,11,18,10,0.9090909090909091,0.5555555555555556,2.1717171717171717,4.604651162790698,0.0001957185585570217
Co,Cfreq,11,19,10,0.9090909090909091,0.5263157894736842,2.0574162679425836,4.8604651162790695,0.00039858349557725614
Co,Cfreq,11,20,10,0.9090909090909091,0.5,1.9545454545454546,5.116279069767442,0.0007679667350682666
Co,Cfreq,11,21,10,0.9090909090909091,0.47619047619047616,1.8614718614718615,5.372093023255814,0.001410372368965676
Co,Cfreq,11,22,10,0.9090909090909091,0.45454545454545453,1.7768595041322313,5.627906976744186,0.002483481780135212
Co,Cfreq,11,23,10,0.9090909090909091,0.43478260869565216,1.6996047430830041,5.883720930232558,0.0042130354098590065
Co,Cfreq,11,24,10,0.9090909090909091,0.4166666666666667,1.6287878787878787,6.1395348837209305,0.0069123744676779265
Co,Cfreq,11,25,10,0.9090909090909091,0.4,1.5636363636363635,6.395348837209302,0.011004004197424503
Co,Cfreq,11,26,10,0.9090909090909091,0.38461538461538464,1.5034965034965035,6.651162790697675,0.017041999458335247
Co,Cfreq,11,27,10,0.9090909090909091,0.37037037037037035,1.4478114478114477,6.906976744186046,0.025733369799300194
Co,Cfreq,11,28,10,0.9090909090909091,0.35714285714285715,1.3961038961038958,7.162790697674419,0.03795560934128216
Co,Cfreq,11,29,11,1.0,0.3793103448275862,1.4827586206896552,7.4186046511627906,0.0060148233382359695
Co,Cfreq,11,30,11,1.0,0.36666666666666664,1.4333333333333333,7.674418604651163,0.009497089481425216
Co,Cfreq,11,31,11,1.0,0.3548387096774194,1.3870967741935485,7.930232558139535,0.014720488696209084
Co,Cfreq,11,32,11,1.0,0.34375,1.34375,8.186046511627907,0.022431220870413847
Co,Cfreq,11,33,11,1.0,0.3333333333333333,1.303030303030303,8.44186046511628,0.03364683130562077
Co,Cfreq,11,34,11,1.0,0.3235294117647059,1.2647058823529413,8.69767441860465,0.04973879410396114
Co,Cfreq,11,35,11,1.0,0.3142857142857143,1.2285714285714286,8.953488372093023,0.07253574140160998
Co,Cfreq,11,36,11,1.0,0.3055555555555556,1.1944444444444444,9.209302325581396,0.10445146761831839
Co,Cfreq,11,37,11,1.0,0.2972972972972973,1.1621621621621623,9.465116279069768,0.1486424731491454
Co,Cfreq,11,38,11,1.0,0.2894736842105263,1.131578947368421,9.720930232558139,0.20920051776546392
Co,Cfreq,11,39,11,1.0,0.28205128205128205,1.1025641025641026,9.976744186046512,0.291386435459039
Co,Cfreq,11,40,11,1.0,0.275,1.075,10.232558139534884,0.40191232477108824
Co,Cfreq,11,41,11,1.0,0.2682926829268293,1.048780487804878,10.488372093023257,0.549280177187154
Co,Cfreq,11,42,11,1.0,0.2619047619047619,1.023809523809524,10.744186046511627,0.7441860465116279
Co,Cfreq,11,43,11,1.0,0.2558139534883721,1.0,11.0,1.0
Ni,Cfreq,11,1,1,0.09090909090909091,1.0,3.909090909090909,0.2558139534883721,0.2558139534883721
Ni,Cfreq,11,2,2,0.18181818181818182,1.0,3.909090909090909,0.5116279069767442,0.06090808416389812
Ni,Cfreq,11,3,2,0.18181818181818182,0.6666666666666666,2.606060606060606,0.7674418604651163,0.1559841179807147
Ni,Cfreq,11,4,3,0.2727272727272727,0.75,2.9318181818181817,1.0232558139534884,0.04545822866866543
Ni,Cfreq,11,5,3,0.2727272727272727,0.6,2.3454545454545452,1.2790697674418605,0.09647017758191893
Ni,Cfreq,11,6,4,0.36363636363636365,0.6666666666666666,2.606060606060606,1.5348837209302326,0.029349192169743268
Ni,Cfreq,11,7,5,0.45454545454545453,0.7142857142857143,2.7922077922077917,1.7906976744186047,0.00758022392795656
Ni,Cfreq,11,8,6,0.5454545454545454,0.75,2.9318181818181817,2.046511627906977,0.0016542270176924025
Ni,Cfreq,11,9,6,0.5454545454545454,0.6666666666666666,2.6060606060606055,2.302325581395349,0.004363254176670305
Ni,Cfreq,11,10,6,0.5454545454545454,0.6,2.3454545454545452,2.558139534883721,0.009562196003826422
Ni,Cfreq,11,11,7,0.6363636363636364,0.6363636363636364,2.487603305785124,2.813953488372093,0.0022101570563329213
Ni,Cfreq,11,12,7,0.6363636363636364,0.5833333333333334,2.2803030303030303,3.0697674418604652,0.004737420444533811
Ni,Cfreq,11,13,7,0.6363636363636364,0.5384615384615384,2.104895104895105,3.3255813953488373,0.00913975021752891
Ni,Cfreq,11,14,7,0.6363636363636364,0.5,1.9545454545454544,3.5813953488372094,0.016225404804540076
Ni,Cfreq,11,15,8,0.7272727272727273,0.5333333333333333,2.084848484848485,3.8372093023255816,0.004008758964865657
Ni,Cfreq,11,16,8,0.7272727272727273,0.5,1.9545454545454546,4.093023255813954,0.007281074814778449
Ni,Cfreq,11,17,8,0.7272727272727273,0.47058823529411764,1.8395721925133692,4.348837209302325,0.012452141836862853
Ni,Cfreq,11,18,8,0.7272727272727273,0.4444444444444444,1.7373737373737372,4.604651162790698,0.020228631089305178
Ni,Cfreq,11,19,9,0.8181818181818182,0.47368421052631576,1.8516746411483254,4.8604651162790695,0.00483118236946938
Ni,Cfreq,11,20,9,0.8181818181818182,0.45,1.7590909090909093,5.116279069767442,0.008155631524888473
Ni,Cfreq,11,21,9,0.8181818181818182,0.42857142857142855,1.6753246753246755,5.372093023255814,0.01321457589183057
Ni,Cfreq,11,22,9,0.8181818181818182,0.4090909090909091,1.5991735537190084,5.627906976744186,0.020643794892235053
Ni,Cfreq,11,23,10,0.9090909090909091,0.43478260869565216,1.6996047430830041,5.883720930232558,0.0042130354098590065
Ni,Cfreq,11,24,10,0.9090909090909091,0.4166666666666667,1.6287878787878787,6.1395348837209305,0.0069123744676779265
Ni,Cfreq,11,25,10,0.9090909090909091,0.4,1.5636363636363635,6.395348837209302,0.011004004197424503
Ni,Cfreq,11,26,10,0.9090909090909091,0.38461538461538464,1.5034965034965035,6.651162790697675,0.017041999458335247
Ni,Cfreq,11,27,10,0.9090909090909091,0.37037037037037035,1.4478114478114477,6.906976744186046,0.025733369799300194
Ni,Cfreq,11,28,10,0.9090909090909091,0.35714285714285715,1.3961038961038958,7.162790697674419,0.03795560934128216
Ni,Cfreq,11,29,10,0.9090909090909091,0.3448275862068966,1.347962382445141,7.4186046511627906,0.054766549342885405
Ni,Cfreq,11,30,11,1.0,0.36666666666666664,1.4333333333333333,7.674418604651163,0.009497089481425216
Ni,Cfreq,11,31,11,1.0,0.3548387096774194,1.3870967741935485,7.930232558139535,0.014720488696209084
Ni,Cfreq,11,32,11,1.0,0.34375,1.34375,8.186046511627907,0.022431220870413847
Ni,Cfreq,11,33,11,1.0,0.3333333333333333,1.303030303030303,8.44186046511628,0.03364683130562077
Ni,Cfreq,11,34,11,1.0,0.3235294117647059,1.2647058823529413,8.69767441860465,0.04973879410396114
Ni,Cfreq,11,35,11,1.0,0.3142857142857143,1.2285714285714286,8.953488372093023,0.07253574140160998
Ni,Cfreq,11,36,11,1.0,0.3055555555555556,1.1944444444444444,9.209302325581396,0.10445146761831839
Ni,Cfreq,11,37,11,1.0,0.2972972972972973,1.1621621621621623,9.465116279069768,0.1486424731491454
Ni,Cfreq,11,38,11,1.0,0.2894736842105263,1.131578947368421,9.720930232558139,0.20920051776546392
Ni,Cfreq,11,39,11,1.0,0.28205128205128205,1.1025641025641026,9.976744186046512,0.291386435459039
Ni,Cfreq,11,40,11,1.0,0.275,1.075,10.232558139534884,0.40191232477108824
Ni,Cfreq,11,41,11,1.0,0.2682926829268293,1.048780487804878,10.488372093023257,0.549280177187154
Ni,Cfreq,11,42,11,1.0,0.2619047619047619,1.023809523809524,10.744186046511627,0.7441860465116279
Ni,Cfreq,11,43,11,1.0,0.2558139534883721,1.0,11.0,1.0
Mn,Cfreq,11,1,0,0.0,0.0,0.0,0.2558139534883721,1.0
Mn,Cfreq,11,2,1,0.09090909090909091,0.5,1.9545454545454546,0.5116279069767442,0.45071982281284606
Mn,Cfreq,11,3,2,0.18181818181818182,0.6666666666666666,2.606060606060606,0.7674418604651163,0.1559841179807147
Mn,Cfreq,11,4,2,0.18181818181818182,0.5,1.9545454545454546,1.0232558139534884,0.266510007292764
Mn,Cfreq,11,5,3,0.2727272727272727,0.6,2.3454545454545452,1.2790697674418605,0.09647017758191893
Mn,Cfreq,11,6,4,0.36363636363636365,0.6666666666666666,2.606060606060606,1.5348837209302326,0.029349192169743268
Mn,Cfreq,11,7,4,0.36363636363636365,0.5714285714285714,2.2337662337662336,1.7906976744186047,0.05837448315879221
Mn,Cfreq,11,8,4,0.36363636363636365,0.5,1.9545454545454546,2.046511627906977,0.09929208087252091
Mn,Cfreq,11,9,5,0.45454545454545453,0.5555555555555556,2.1717171717171717,2.302325581395349,0.03382392453055497
Mn,Cfreq,11,10,6,0.5454545454545454,0.6,2.3454545454545452,2.558139534883721,0.009562196003826422
Mn,Cfreq,11,11,6,0.5454545454545454,0.5454545454545454,2.1322314049586772,2.813953488372093,0.01838464274081862
Mn,Cfreq,11,12,6,0.5454545454545454,0.5,1.9545454545454544,3.0697674418604652,0.03203186503710343
Mn,Cfreq,11,13,6,0.5454545454545454,0.46153846153846156,1.8041958041958042,3.3255813953488373,0.05165367773959588
Mn,Cfreq,11,14,6,0.5454545454545454,0.42857142857142855,1.675324675324675,3.5813953488372094,0.07822488244088774
Mn,Cfreq,11,15,6,0.5454545454545454,0.4,1.5636363636363635,3.8372093023255816,0.11243149079197608
Mn,Cfreq,11,16,6,0.5454545454545454,0.375,1.4659090909090908,4.093023255813954,0.1545789189388528
Mn,Cfreq,11,17,7,0.6363636363636364,0.4117647058823529,1.6096256684491979,4.348837209302325,0.06299932197773797
Mn,Cfreq,11,18,8,0.7272727272727273,0.4444444444444444,1.7373737373737372,4.604651162790698,0.020228631089305178
Mn,Cfreq,11,19,8,0.7272727272727273,0.42105263157894735,1.645933014354067,4.8604651162790695,0.03142677561282212
Mn,Cfreq,11,20,8,0.7272727272727273,0.4,1.5636363636363637,5.116279069767442,0.046940871671444555
Mn,Cfreq,11,21,9,0.8181818181818182,0.42857142857142855,1.6753246753246755,5.372093023255814,0.01321457589183057
Mn,Cfreq,11,22,9,0.8181818181818182,0.4090909090909091,1.5991735537190084,5.627906976744186,0.020643794892235053
Mn,Cfreq,11,23,9,0.8181818181818182,0.391304347826087,1.5296442687747038,5.883720930232558,0.03120642598804822
Mn,Cfreq,11,24,10,0.9090909090909091,0.4166666666666667,1.6287878787878787,6.1395348837209305,0.0069123744676779265
Mn,Cfreq,11,25,11,1.0,0.44,1.72,6.395348837209302,0.0007749298730580636
Mn,Cfreq,11,26,11,1.0,0.4230769230769231,1.653846153846154,6.651162790697675,0.0013432117799673101
Mn,Cfreq,11,27,11,1.0,0.4074074074074074,1.5925925925925926,6.906976744186046,0.002266669878694836
Mn,Cfreq,11,28,11,1.0,0.39285714285714285,1.5357142857142856,7.162790697674419,0.003733338623732672
Mn,Cfreq,11,29,11,1.0,0.3793103448275862,1.4827586206896552,7.4186046511627906,0.0060148233382359695
Mn,Cfreq,11,30,11,1.0,0.36666666666666664,1.4333333333333333,7.674418604651163,0.009497089481425216
Mn,Cfreq,11,31,11,1.0,0.3548387096774194,1.3870967741935485,7.930232558139535,0.014720488696209084
Mn,Cfreq,11,32,11,1.0,0.34375,1.34375,8.186046511627907,0.022431220870413847
Mn,Cfreq,11,33,11,1.0,0.3333333333333333,1.303030303030303,8.44186046511628,0.03364683130562077
Mn,Cfreq,11,34,11,1.0,0.3235294117647059,1.2647058823529413,8.69767441860465,0.04973879410396114
Mn,Cfreq,11,35,11,1.0,0.3142857142857143,1.2285714285714286,8.953488372093023,0.07253574140160998
Mn,Cfreq,11,36,11,1.0,0.3055555555555556,1.1944444444444444,9.209302325581396,0.10445146761831839
Mn,Cfreq,11,37,11,1.0,0.2972972972972973,1.1621621621621623,9.465116279069768,0.1486424731491454
Mn,Cfreq,11,38,11,1.0,0.2894736842105263,1.131578947368421,9.720930232558139,0.20920051776546392
Mn,Cfreq,11,39,11,1.0,0.28205128205128205,1.1025641025641026,9.976744186046512,0.291386435459039
Mn,Cfreq,11,40,11,1.0,0.275,1.075,10.232558139534884,0.40191232477108824
Mn,Cfreq,11,41,11,1.0,0.2682926829268293,1.048780487804878,10.488372093023257,0.549280177187154
Mn,Cfreq,11,42,11,1.0,0.2619047619047619,1.023809523809524,10.744186046511627,0.7441860465116279
Mn,Cfreq,11,43,11,1.0,0.2558139534883721,1.0,11.0,1.0
Pb,Cfreq,11,1,1,0.09090909090909091,1.0,3.909090909090909,0.2558139534883721,0.2558139534883721
Pb,Cfreq,11,2,1,0.09090909090909091,0.5,1.9545454545454546,0.5116279069767442,0.45071982281284606
Pb,Cfreq,11,3,1,0.09090909090909091,0.3333333333333333,1.303030303030303,0.7674418604651163,0.5980876752289117
Pb,Cfreq,11,4,2,0.18181818181818182,0.5,1.9545454545454546,1.0232558139534884,0.266510007292764
Pb,Cfreq,11,5,2,0.18181818181818182,0.4,1.5636363636363637,1.2790697674418605,0.3798698937666606
Pb,Cfreq,11,6,2,0.18181818181818182,0.3333333333333333,1.303030303030303,1.5348837209302326,0.48800925915294374
Pb,Cfreq,11,7,3,0.2727272727272727,0.42857142857142855,1.675324675324675,1.7906976744186047,0.24250367287057142
Pb,Cfreq,11,8,3,0.2727272727272727,0.375,1.4659090909090908,2.046511627906977,0.3284306280694017
Pb,Cfreq,11,9,3,0.2727272727272727,0.3333333333333333,1.3030303030303028,2.302325581395349,0.41681263913105576
Pb,Cfreq,11,10,3,0.2727272727272727,0.3,1.1727272727272726,2.558139534883721,0.5037092382420937
Pb,Cfreq,11,11,3,0.2727272727272727,0.2727272727272727,1.0661157024793386,2.813953488372093,0.5859976843699707
Pb,Cfreq,11,12,3,0.2727272727272727,0.25,0.9772727272727272,3.0697674418604652,0.6614287599871911
Pb,Cfreq,11,13,4,0.36363636363636365,0.3076923076923077,1.202797202797203,3.3255813953488373,0.4375687936393109
Pb,Cfreq,11,14,4,0.36363636363636365,0.2857142857142857,1.1168831168831168,3.5813953488372094,0.5151735819732427
Pb,Cfreq,11,15,5,0.45454545454545453,0.3333333333333333,1.303030303030303,3.8372093023255816,0.3091194888107342
Pb,Cfreq,11,16,6,0.5454545454545454,0.375,1.4659090909090908,4.093023255813954,0.1545789189388528
Pb,Cfreq,11,17,6,0.5454545454545454,0.35294117647058826,1.3796791443850267,4.348837209302325,0.20453142637218819
Pb,Cfreq,11,18,6,0.5454545454545454,0.3333333333333333,1.3030303030303028,4.604651162790698,0.26168862237763935
Pb,Cfreq,11,19,6,0.5454545454545454,0.3157894736842105,1.23444976076555,4.8604651162790695,0.32500120872213895
Pb,Cfreq,11,20,6,0.5454545454545454,0.3,1.1727272727272726,5.116279069767442,0.3930245529791759
Pb,Cfreq,11,21,6,0.5454545454545454,0.2857142857142857,1.1168831168831168,5.372093023255814,0.4640054339430402
Pb,Cfreq,11,22,7,0.6363636363636364,0.3181818181818182,1.243801652892562,5.627906976744186,0.2720344149725886
Pb,Cfreq,11,23,7,0.6363636363636364,0.30434782608695654,1.1897233201581028,5.883720930232558,0.33488206999267695
Pb,Cfreq,11,24,8,0.7272727272727273,0.3333333333333333,1.303030303030303,6.1395348837209305,0.1696825196541589
Pb,Cfreq,11,25,8,0.7272727272727273,0.32,1.250909090909091,6.395348837209302,0.2187820764111178
Pb,Cfreq,11,26,8,0.7272727272727273,0.3076923076923077,1.202797202797203,6.651162790697675,0.2756102671020425
Pb,Cfreq,11,27,9,0.8181818181818182,0.3333333333333333,1.3030303030303032,6.906976744186046,0.12351128613515588
Pb,Cfreq,11,28,9,0.8181818181818182,0.32142857142857145,1.2564935064935066,7.162790697674419,0.1640376593533066
Pb,Cfreq,11,29,9,0.8181818181818182,0.3103448275862069,1.2131661442006272,7.4186046511627906,0.2132096588579961
Pb,Cfreq,11,30,10,0.9090909090909091,0.3333333333333333,1.303030303030303,7.674418604651163,0.07740127927361551
Pb,Cfreq,11,31,10,0.9090909090909091,0.3225806451612903,1.2609970674486803,7.930232558139535,0.10724927478666618
Pb,Cfreq,11,32,10,0.9090909090909091,0.3125,1.2215909090909092,8.186046511627907,0.14580293565769
Pb,Cfreq,11,33,10,0.9090909090909091,0.30303030303030304,1.184573002754821,8.44186046511628,0.19456645928902444
Pb,Cfreq,11,34,10,0.9090909090909091,0.29411764705882354,1.1497326203208555,8.69767441860465,0.2549113197828009
Pb,Cfreq,11,35,10,0.9090909090909091,0.2857142857142857,1.1168831168831168,8.953488372093023,0.32786155113527715
Pb,Cfreq,11,36,10,0.9090909090909091,0.2777777777777778,1.0858585858585859,9.209302325581396,0.4137885063341075
Pb,Cfreq,11,37,10,0.9090909090909091,0.2702702702702703,1.0565110565110565,9.465116279069768,0.5119907408470563
Pb,Cfreq,11,38,10,0.9090909090909091,0.2631578947368421,1.0287081339712918,9.720930232558139,0.6201301062333393
Pb,Cfreq,11,39,11,1.0,0.28205128205128205,1.1025641025641026,9.976744186046512,0.291386435459039
Pb,Cfreq,11,40,11,1.0,0.275,1.075,10.232558139534884,0.40191232477108824
Pb,Cfreq,11,41,11,1.0,0.2682926829268293,1.048780487804878,10.488372093023257,0.549280177187154
Pb,Cfreq,11,42,11,1.0,0.2619047619047619,1.023809523809524,10.744186046511627,0.7441860465116279
Pb,Cfreq,11,43,11,1.0,0.2558139534883721,1.0,11.0,1.0
Cd,Cfreq,11,1,1,0.09090909090909091,1.0,3.909090909090909,0.2558139534883721,0.2558139534883721
Cd,Cfreq,11,2,1,0.09090909090909091,0.5,1.9545454545454546,0.5116279069767442,0.45071982281284606
Cd,Cfreq,11,3,1,0.09090909090909091,0.3333333333333333,1.303030303030303,0.7674418604651163,0.5980876752289117
Cd,Cfreq,11,4,1,0.09090909090909091,0.25,0.9772727272727273,1.0232558139534884,0.708613564540961
Cd,Cfreq,11,5,1,0.09090909090909091,0.2,0.7818181818181819,1.2790697674418605,0.7907994822345361
Cd,Cfreq,11,6,1,0.09090909090909091,0.16666666666666666,0.6515151515151515,1.5348837209302326,0.8513575268508546
Cd,Cfreq,11,7,1,0.09090909090909091,0.14285714285714285,0.5584415584415584,1.7906976744186047,0.8955485323816815
Cd,Cfreq,11,8,1,0.09090909090909091,0.125,0.48863636363636365,2.046511627906977,0.92746425859839
Cd,Cfreq,11,9,1,0.09090909090909091,0.1111111111111111,0.4343434343434343,2.302325581395349,0.9502612058960389
Cd,Cfreq,11,10,1,0.09090909090909091,0.1,0.39090909090909093,2.558139534883721,0.9663531686943793
Cd,Cfreq,11,11,1,0.09090909090909091,0.09090909090909091,0.35537190082644626,2.813953488372093,0.9775687791295862
Cd,Cfreq,11,12,1,0.09090909090909091,0.08333333333333333,0.32575757575757575,3.0697674418604652,0.9852795113037909
Cd,Cfreq,11,13,1,0.09090909090909091,0.07692307692307693,0.30069930069930073,3.3255813953488373,0.9905029105185748
Cd,Cfreq,11,14,1,0.09090909090909091,0.07142857142857142,0.2792207792207792,3.5813953488372094,0.993985176661764
Cd,Cfreq,11,15,1,0.09090909090909091,0.06666666666666667,0.2606060606060606,3.8372093023255816,0.9962666613762673
Cd,Cfreq,11,16,2,0.18181818181818182,0.125,0.48863636363636365,4.093023255813954,0.9742666302006998
Cd,Cfreq,11,17,2,0.18181818181818182,0.11764705882352941,0.4598930481283423,4.348837209302325,0.9829580005416647
Cd,Cfreq,11,18,2,0.18181818181818182,0.1111111111111111,0.4343434343434343,4.604651162790698,0.9889959958025755
Cd,Cfreq,11,19,2,0.18181818181818182,0.10526315789473684,0.41148325358851673,4.8604651162790695,0.9930876255323221
Cd,Cfreq,11,20,3,0.2727272727272727,0.15,0.5863636363636363,5.116279069767442,0.9687935740119518
Cd,Cfreq,11,21,3,0.2727272727272727,0.14285714285714285,0.5584415584415584,5.372093023255814,0.979356205107765
Cd,Cfreq,11,22,4,0.36363636363636365,0.18181818181818182,0.7107438016528925,5.627906976744186,0.9323044847718699
Cd,Cfreq,11,23,4,0.36363636363636365,0.17391304347826086,0.6798418972332017,5.883720930232558,0.9530591283285554
Cd,Cfreq,11,24,4,0.36363636363636365,0.16666666666666666,0.6515151515151515,6.1395348837209305,0.9685732243871779
Cd,Cfreq,11,25,4,0.36363636363636365,0.16,0.6254545454545455,6.395348837209302,0.9797713689106948
Cd,Cfreq,11,26,5,0.45454545454545453,0.19230769230769232,0.7517482517482518,6.651162790697675,0.9370006780222621
Cd,Cfreq,11,27,5,0.45454545454545453,0.18518518518518517,0.7239057239057238,6.906976744186046,0.9578142227861518
Cd,Cfreq,11,28,6,0.5454545454545454,0.21428571428571427,0.8376623376623376,7.162790697674419,0.8875685092080239
Cd,Cfreq,11,29,7,0.6363636363636364,0.2413793103448276,0.9435736677115988,7.4186046511627906,0.7564431771955186
Cd,Cfreq,11,30,7,0.6363636363636364,0.23333333333333334,0.9121212121212121,7.674418604651163,0.8154902987539447
Cd,Cfreq,11,31,7,0.6363636363636364,0.22580645161290322,0.8826979472140764,7.930232558139535,0.8665887693333523
Cd,Cfreq,11,32,7,0.6363636363636364,0.21875,0.8551136363636364,8.186046511627907,0.9088301716789957
Cd,Cfreq,11,33,7,0.6363636363636364,0.21212121212121213,0.8292011019283746,8.44186046511628,0.9419143469427165
Cd,Cfreq,11,34,7,0.6363636363636364,0.20588235294117646,0.8048128342245989,8.69767441860465,0.9661760754694451
Cd,Cfreq,11,35,7,0.6363636363636364,0.2,0.7818181818181819,8.953488372093023,0.9825431145549365
Cd,Cfreq,11,36,7,0.6363636363636364,0.19444444444444445,0.76010101010101,9.209302325581396,0.9924197760720435
Cd,Cfreq,11,37,8,0.7272727272727273,0.21621621621621623,0.8452088452088452,9.465116279069768,0.9706508078302567
Cd,Cfreq,11,38,8,0.7272727272727273,0.21052631578947367,0.8229665071770335,9.720930232558139,0.9885497372735036
Cd,Cfreq,11,39,8,0.7272727272727273,0.20512820512820512,0.8018648018648019,9.976744186046512,0.997325986548902
Cd,Cfreq,11,40,9,0.8181818181818182,0.225,0.8795454545454546,10.232558139534884,0.9866299327445102
Cd,Cfreq,11,41,10,0.9090909090909091,0.24390243902439024,0.9534368070953436,10.488372093023257,0.9390919158361019
Cd,Cfreq,11,42,11,1.0,0.2619047619047619,1.023809523809524,10.744186046511627,0.7441860465116279
Cd,Cfreq,11,43,11,1.0,0.2558139534883721,1.0,11.0,1.0
Fe,FC,11,1,0,0.0,0.0,0.0,0.2558139534883721,1.0
Fe,FC,11,2,0,0.0,0.0,0.0,0.5116279069767442,1.0
Fe,FC,11,3,0,0.0,0.0,0.0,0.7674418604651163,1.0
Fe,FC,11,4,0,0.0,0.0,0.0,1.0232558139534884,1.0
Fe,FC,11,5,0,0.0,0.0,0.0,1.2790697674418605,1.0
Fe,FC,11,6,1,0.09090909090909091,0.16666666666666666,0.6515151515151515,1.5348837209302326,0.8513575268508546
Fe,FC,11,7,1,0.09090909090909091,0.14285714285714285,0.5584415584415584,1.7906976744186047,0.8955485323816815
Fe,FC,11,8,1,0.09090909090909091,0.125,0.48863636363636365,2.046511627906977,0.92746425859839
Fe,FC,11,9,2,0.18181818181818182,0.2222222222222222,0.8686868686868686,2.302325581395349,0.7450886802171991
Fe,FC,11,10,2,0.18181818181818182,0.2,0.7818181818181819,2.558139534883721,0.8054335407109756
Fe,FC,11,11,2,0.18181818181818182,0.18181818181818182,0.7107438016528925,2.813953488372093,0.85419706434231
Fe,FC,11,12,3,0.2727272727272727,0.25,0.9772727272727272,3.0697674418604652,0.6614287599871911
Fe,FC,11,13,4,0.36363636363636365,0.3076923076923077,1.202797202797203,3.3255813953488373,0.4375687936393109
Fe,FC,11,14,5,0.45454545454545453,0.35714285714285715,1.3961038961038958,3.5813953488372094,0.24355682280448152
Fe,FC,11,15,5,0.45454545454545453,0.3333333333333333,1.303030303030303,3.8372093023255816,0.3091194888107342
Fe,FC,11,16,5,0.45454545454545453,0.3125,1.2215909090909092,4.093023255813954,0.379365202388862
Fe,FC,11,17,6,0.5454545454545454,0.35294117647058826,1.3796791443850267,4.348837209302325,0.20453142637218819
Fe,FC,11,18,6,0.5454545454545454,0.3333333333333333,1.3030303030303028,4.604651162790698,0.26168862237763935
Fe,FC,11,19,7,0.6363636363636364,0.3684210526315789,1.4401913875598085,4.8604651162790695,0.12451135196455672
Fe,FC,11,20,8,0.7272727272727273,0.4,1.5636363636363637,5.116279069767442,0.046940871671444555
Fe,FC,11,21,8,0.7272727272727273,0.38095238095238093,1.4891774891774894,5.372093023255814,0.0676955152281301
Fe,FC,11,22,9,0.8181818181818182,0.4090909090909091,1.5991735537190084,5.627906976744186,0.020643794892235053
Fe,FC,11,23,10,0.9090909090909091,0.43478260869565216,1.6996047430830041,5.883720930232558,0.0042130354098590065
Fe,FC,11,24,10,0.9090909090909091,0.4166666666666667,1.6287878787878787,6.1395348837209305,0.0069123744676779265
Fe,FC,11,25,11,1.0,0.44,1.72,6.395348837209302,0.0007749298730580636
Fe,FC,11,26,11,1.0,0.4230769230769231,1.653846153846154,6.651162790697675,0.0013432117799673101
Fe,FC,11,27,11,1.0,0.4074074074074074,1.5925925925925926,6.906976744186046,0.002266669878694836
Fe,FC,11,28,11,1.0,0.39285714285714285,1.5357142857142856,7.162790697674419,0.003733338623732672
Fe,FC,11,29,11,1.0,0.3793103448275862,1.4827586206896552,7.4186046511627906,0.0060148233382359695
Fe,FC,11,30,11,1.0,0.36666666666666664,1.4333333333333333,7.674418604651163,0.009497089481425216
Fe,FC,11,31,11,1.0,0.3548387096774194,1.3870967741935485,7.930232558139535,0.014720488696209084
Fe,FC,11,32,11,1.0,0.34375,1.34375,8.186046511627907,0.022431220870413847
Fe,FC,11,33,11,1.0,0.3333333333333333,1.303030303030303,8.44186046511628,0.03364683130562077
Fe,FC,11,34,11,1.0,0.3235294117647059,1.2647058823529413,8.69767441860465,0.04973879410396114
Fe,FC,11,35,11,1.0,0.3142857142857143,1.2285714285714286,8.953488372093023,0.07253574140160998
Fe,FC,11,36,11,1.0,0.3055555555555556,1.1944444444444444,9.209302325581396,0.10445146761831839
Fe,FC,11,37,11,1.0,0.2972972972972973,1.1621621621621623,9.465116279069768,0.1486424731491454
Fe,FC,11,38,11,1.0,0.2894736842105263,1.131578947368421,9.720930232558139,0.20920051776546392
Fe,FC,11,39,11,1.0,0.28205128205128205,1.1025641025641026,9.976744186046512,0.291386435459039
Fe,FC,11,40,11,1.0,0.275,1.075,10.232558139534884,0.40191232477108824
Fe,FC,11,41,11,1.0,0.2682926829268293,1.048780487804878,10.488372093023257,0.549280177187154
Fe,FC,11,42,11,1.0,0.2619047619047619,1.023809523809524,10.744186046511627,0.7441860465116279
Fe,FC,11,43,11,1.0,0.2558139534883721,1.0,11.0,1.0
Zn,FC,11,1,1,0.09090909090909091,1.0,3.909090909090909,0.2558139534883721,0.2558139534883721
Zn,FC,11,2,2,0.18181818181818182,1.0,3.909090909090909,0.5116279069767442,0.06090808416389812
Zn,FC,11,3,3,0.2727272727272727,1.0,3.9090909090909087,0.7674418604651163,0.013370067255489832
Zn,FC,11,4,4,0.36363636363636365,1.0,3.909090909090909,1.0232558139534884,0.0026740134510979665
Zn,FC,11,5,5,0.45454545454545453,1.0,3.909090909090909,1.2790697674418605,0.0004799511322483529
Zn,FC,11,6,5,0.45454545454545453,0.8333333333333334,3.2575757575757573,1.5348837209302326,0.0025007980048729972
Zn,FC,11,7,6,0.5454545454545454,0.8571428571428571,3.35064935064935,1.7906976744186047,0.0004690276356395711
Zn,FC,11,8,6,0.5454545454545454,0.75,2.9318181818181817,2.046511627906977,0.0016542270176924025
Zn,FC,11,9,7,0.6363636363636364,0.7777777777777778,3.04040404040404,2.302325581395349,0.00029971343820345227
Zn,FC,11,10,7,0.6363636363636364,0.7,2.7363636363636363,2.558139534883721,0.0008972929585662244
Zn,FC,11,11,7,0.6363636363636364,0.6363636363636364,2.487603305785124,2.813953488372093,0.0022101570563329213
Zn,FC,11,12,8,0.7272727272727273,0.6666666666666666,2.606060606060606,3.0697674418604652,0.0004049689219037132
Zn,FC,11,13,8,0.7272727272727273,0.6153846153846154,2.405594405594406,3.3255813953488373,0.000963994924823726
Zn,FC,11,14,8,0.7272727272727273,0.5714285714285714,2.2337662337662336,3.5813953488372094,0.0020540956305177506
Zn,FC,11,15,9,0.8181818181818182,0.6,2.3454545454545457,3.8372093023255816,0.00034376521296333246
Zn,FC,11,16,9,0.8181818181818182,0.5625,2.1988636363636367,4.093023255813954,0.0007364431149528675
Zn,FC,11,17,9,0.8181818181818182,0.5294117647058824,2.0695187165775404,4.348837209302325,0.0014636244149334875
Zn,FC,11,18,10,0.9090909090909091,0.5555555555555556,2.1717171717171717,4.604651162790698,0.0001957185585570217
Zn,FC,11,19,10,0.9090909090909091,0.5263157894736842,2.0574162679425836,4.8604651162790695,0.00039858349557725614
Zn,FC,11,20,11,1.0,0.55,2.15,5.116279069767442,2.9200256086245872e-05
Zn,FC,11,21,11,1.0,0.5238095238095238,2.047619047619048,5.372093023255814,6.132053778111634e-05
Zn,FC,11,22,11,1.0,0.5,1.9545454545454544,5.627906976744186,0.00012264107556223268
Zn,FC,11,23,11,1.0,0.4782608695652174,1.8695652173913044,5.883720930232558,0.0002350620614942793
Zn,FC,11,24,11,1.0,0.4583333333333333,1.7916666666666667,6.1395348837209305,0.00043396072891251563
Zn,FC,11,25,11,1.0,0.44,1.72,6.395348837209302,0.0007749298730580636
Zn,FC,11,26,11,1.0,0.4230769230769231,1.653846153846154,6.651162790697675,0.0013432117799673101
Zn,FC,11,27,11,1.0,0.4074074074074074,1.5925925925925926,6.906976744186046,0.002266669878694836
Zn,FC,11,28,11,1.0,0.39285714285714285,1.5357142857142856,7.162790697674419,0.003733338623732672
Zn,FC,11,29,11,1.0,0.3793103448275862,1.4827586206896552,7.4186046511627906,0.0060148233382359695
Zn,FC,11,30,11,1.0,0.36666666666666664,1.4333333333333333,7.674418604651163,0.009497089481425216
Zn,FC,11,31,11,1.0,0.3548387096774194,1.3870967741935485,7.930232558139535,0.014720488696209084
Zn,FC,11,32,11,1.0,0.34375,1.34375,8.186046511627907,0.022431220870413847
Zn,FC,11,33,11,1.0,0.3333333333333333,1.303030303030303,8.44186046511628,0.03364683130562077
Zn,FC,11,34,11,1.0,0.3235294117647059,1.2647058823529413,8.69767441860465,0.04973879410396114
Zn,FC,11,35,11,1.0,0.3142857142857143,1.2285714285714286,8.953488372093023,0.07253574140160998
Zn,FC,11,36,11,1.0,0.3055555555555556,1.1944444444444444,9.209302325581396,0.10445146761831839
Zn,FC,11,37,11,1.0,0.2972972972972973,1.1621621621621623,9.465116279069768,0.1486424731491454
Zn,FC,11,38,11,1.0,0.2894736842105263,1.131578947368421,9.720930232558139,0.20920051776546392
Zn,FC,11,39,11,1.0,0.28205128205128205,1.1025641025641026,9.976744186046512,0.291386435459039
Zn,FC,11,40,11,1.0,0.275,1.075,10.232558139534884,0.40191232477108824
Zn,FC,11,41,11,1.0,0.2682926829268293,1.048780487804878,10.488372093023257,0.549280177187154
Zn,FC,11,42,11,1.0,0.2619047619047619,1.023809523809524,10.744186046511627,0.7441860465116279
Zn,FC,11,43,11,1.0,0.2558139534883721,1.0,11.0,1.0
Cu,FC,11,1,1,0.09090909090909091,1.0,3.909090909090909,0.2558139534883721,0.2558139534883721
Cu,FC,11,2,2,0.18181818181818182,1.0,3.909090909090909,0.5116279069767442,0.06090808416389812
Cu,FC,11,3,3,0.2727272727272727,1.0,3.9090909090909087,0.7674418604651163,0.013370067255489832
Cu,FC,11,4,4,0.36363636363636365,1.0,3.909090909090909,1.0232558139534884,0.0026740134510979665
Cu,FC,11,5,5,0.45454545454545453,1.0,3.909090909090909,1.2790697674418605,0.0004799511322483529
Cu,FC,11,6,6,0.5454545454545454,1.0,3.9090909090909087,1.5348837209302326,7.578175772342414e-05
Cu,FC,11,7,7,0.6363636363636364,1.0,3.9090909090909087,1.7906976744186047,1.0240778070732996e-05
Cu,FC,11,8,8,0.7272727272727273,1.0,3.909090909090909,2.046511627906977,1.1378642300814437e-06
Cu,FC,11,9,8,0.7272727272727273,0.8888888888888888,3.4747474747474745,2.302325581395349,9.460528312962862e-06
Cu,FC,11,10,8,0.7272727272727273,0.8,3.1272727272727274,2.558139534883721,4.3607929476549836e-05
Cu,FC,11,11,8,0.7272727272727273,0.7272727272727273,2.84297520661157,2.813953488372093,0.00014708490269954068
Cu,FC,11,12,9,0.8181818181818182,0.75,2.931818181818182,3.0697674418604652,1.814289309745443e-05
Cu,FC,11,13,9,0.8181818181818182,0.6923076923076923,2.7062937062937067,3.3255813953488373,5.557767007870529e-05
Cu,FC,11,14,10,0.9090909090909091,0.7142857142857143,2.7922077922077917,3.5813953488372094,5.1100448150930294e-06
Cu,FC,11,15,10,0.9090909090909091,0.6666666666666666,2.606060606060606,3.8372093023255816,1.4855517279790566e-05
Cu,FC,11,16,10,0.9090909090909091,0.625,2.4431818181818183,4.093023255813954,3.834906697147213e-05
Cu,FC,11,17,10,0.9090909090909091,0.5882352941176471,2.299465240641711,4.348837209302325,9.005973719231622e-05
Cu,FC,11,18,10,0.9090909090909091,0.5555555555555556,2.1717171717171717,4.604651162790698,0.0001957185585570217
Cu,FC,11,19,10,0.9090909090909091,0.5263157894736842,2.0574162679425836,4.8604651162790695,0.00039858349557725614
Cu,FC,11,20,11,1.0,0.55,2.15,5.116279069767442,2.9200256086245872e-05
Cu,FC,11,21,11,1.0,0.5238095238095238,2.047619047619048,5.372093023255814,6.132053778111634e-05
Cu,FC,11,22,11,1.0,0.5,1.9545454545454544,5.627906976744186,0.00012264107556223268
Cu,FC,11,23,11,1.0,0.4782608695652174,1.8695652173913044,5.883720930232558,0.0002350620614942793
Cu,FC,11,24,11,1.0,0.4583333333333333,1.7916666666666667,6.1395348837209305,0.00043396072891251563
Cu,FC,11,25,11,1.0,0.44,1.72,6.395348837209302,0.0007749298730580636
Cu,FC,11,26,11,1.0,0.4230769230769231,1.653846153846154,6.651162790697675,0.0013432117799673101
Cu,FC,11,27,11,1.0,0.4074074074074074,1.5925925925925926,6.906976744186046,0.002266669878694836
Cu,FC,11,28,11,1.0,0.39285714285714285,1.5357142857142856,7.162790697674419,0.003733338623732672
Cu,FC,11,29,11,1.0,0.3793103448275862,1.4827586206896552,7.4186046511627906,0.0060148233382359695
Cu,FC,11,30,11,1.0,0.36666666666666664,1.4333333333333333,7.674418604651163,0.009497089481425216
Cu,FC,11,31,11,1.0,0.3548387096774194,1.3870967741935485,7.930232558139535,0.014720488696209084
Cu,FC,11,32,11,1.0,0.34375,1.34375,8.186046511627907,0.022431220870413847
Cu,FC,11,33,11,1.0,0.3333333333333333,1.303030303030303,8.44186046511628,0.03364683130562077
Cu,FC,11,34,11,1.0,0.3235294117647059,1.2647058823529413,8.69767441860465,0.04973879410396114
Cu,FC,11,35,11,1.0,0.3142857142857143,1.2285714285714286,8.953488372093023,0.07253574140160998
Cu,FC,11,36,11,1.0,0.3055555555555556,1.1944444444444444,9.209302325581396,0.10445146761831839
Cu,FC,11,37,11,1.0,0.2972972972972973,1.1621621621621623,9.465116279069768,0.1486424731491454
Cu,FC,11,38,11,1.0,0.2894736842105263,1.131578947368421,9.720930232558139,0.20920051776546392
Cu,FC,11,39,11,1.0,0.28205128205128205,1.1025641025641026,9.976744186046512,0.291386435459039
Cu,FC,11,40,11,1.0,0.275,1.075,10.232558139534884,0.40191232477108824
Cu,FC,11,41,11,1.0,0.2682926829268293,1.048780487804878,10.488372093023257,0.549280177187154
Cu,FC,11,42,11,1.0,0.2619047619047619,1.023809523809524,10.744186046511627,0.7441860465116279
Cu,FC,11,43,11,1.0,0.2558139534883721,1.0,11.0,1.0
Cr,FC,11,1,0,0.0,0.0,0.0,0.2558139534883721,1.0
Cr,FC,11,2,1,0.09090909090909091,0.5,1.9545454545454546,0.5116279069767442,0.45071982281284606
Cr,FC,11,3,2,0.18181818181818182,0.6666666666666666,2.606060606060606,0.7674418604651163,0.1559841179807147
Cr,FC,11,4,2,0.18181818181818182,0.5,1.9545454545454546,1.0232558139534884,0.266510007292764
Cr,FC,11,5,3,0.2727272727272727,0.6,2.3454545454545452,1.2790697674418605,0.09647017758191893
Cr,FC,11,6,3,0.2727272727272727,0.5,1.9545454545454544,1.5348837209302326,0.16359116299409465
Cr,FC,11,7,3,0.2727272727272727,0.42857142857142855,1.675324675324675,1.7906976744186047,0.24250367287057142
Cr,FC,11,8,4,0.36363636363636365,0.5,1.9545454545454546,2.046511627906977,0.09929208087252091
Cr,FC,11,9,4,0.36363636363636365,0.4444444444444444,1.7373737373737372,2.302325581395349,0.15166660594609369
Cr,FC,11,10,4,0.36363636363636365,0.4,1.5636363636363637,2.558139534883721,0.21405390787196701
Cr,FC,11,11,5,0.45454545454545453,0.45454545454545453,1.7768595041322313,2.813953488372093,0.09116982832100429
Cr,FC,11,12,5,0.45454545454545453,0.4166666666666667,1.6287878787878787,3.0697674418604652,0.13341123066664773
Cr,FC,11,13,6,0.5454545454545454,0.46153846153846156,1.8041958041958042,3.3255813953488373,0.05165367773959588
Cr,FC,11,14,6,0.5454545454545454,0.42857142857142855,1.675324675324675,3.5813953488372094,0.07822488244088774
Cr,FC,11,15,6,0.5454545454545454,0.4,1.5636363636363635,3.8372093023255816,0.11243149079197608
Cr,FC,11,16,7,0.6363636363636364,0.4375,1.7102272727272727,4.093023255813954,0.042185777213848204
Cr,FC,11,17,7,0.6363636363636364,0.4117647058823529,1.6096256684491979,4.348837209302325,0.06299932197773797
Cr,FC,11,18,7,0.6363636363636364,0.3888888888888889,1.52020202020202,4.604651162790698,0.09021703436128607
Cr,FC,11,19,7,0.6363636363636364,0.3684210526315789,1.4401913875598085,4.8604651162790695,0.12451135196455672
Cr,FC,11,20,7,0.6363636363636364,0.35,1.3681818181818182,5.116279069767442,0.16628007212238632
Cr,FC,11,21,7,0.6363636363636364,0.3333333333333333,1.303030303030303,5.372093023255814,0.21557235056951451
Cr,FC,11,22,8,0.7272727272727273,0.36363636363636365,1.421487603305785,5.627906976744186,0.09458221256292726
Cr,FC,11,23,9,0.8181818181818182,0.391304347826087,1.5296442687747038,5.883720930232558,0.03120642598804822
Cr,FC,11,24,9,0.8181818181818182,0.375,1.465909090909091,6.1395348837209305,0.0457828569002704
Cr,FC,11,25,10,0.9090909090909091,0.4,1.5636363636363635,6.395348837209302,0.011004004197424503
Cr,FC,11,26,10,0.9090909090909091,0.38461538461538464,1.5034965034965035,6.651162790697675,0.017041999458335247
Cr,FC,11,27,10,0.9090909090909091,0.37037037037037035,1.4478114478114477,6.906976744186046,0.025733369799300194
Cr,FC,11,28,10,0.9090909090909091,0.35714285714285715,1.3961038961038958,7.162790697674419,0.03795560934128216
Cr,FC,11,29,10,0.9090909090909091,0.3448275862068966,1.347962382445141,7.4186046511627906,0.054766549342885405
Cr,FC,11,30,10,0.9090909090909091,0.3333333333333333,1.303030303030303,7.674418604651163,0.07740127927361551
Cr,FC,11,31,10,0.9090909090909091,0.3225806451612903,1.2609970674486803,7.930232558139535,0.10724927478666618
Cr,FC,11,32,10,0.9090909090909091,0.3125,1.2215909090909092,8.186046511627907,0.14580293565769
Cr,FC,11,33,10,0.9090909090909091,0.30303030303030304,1.184573002754821,8.44186046511628,0.19456645928902444
Cr,FC,11,34,10,0.9090909090909091,0.29411764705882354,1.1497326203208555,8.69767441860465,0.2549113197828009
Cr,FC,11,35,10,0.9090909090909091,0.2857142857142857,1.1168831168831168,8.953488372093023,0.32786155113527715
Cr,FC,11,36,10,0.9090909090909091,0.2777777777777778,1.0858585858585859,9.209302325581396,0.4137885063341075
Cr,FC,11,37,10,0.9090909090909091,0.2702702702702703,1.0565110565110565,9.465116279069768,0.5119907408470563
Cr,FC,11,38,10,0.9090909090909091,0.2631578947368421,1.0287081339712918,9.720930232558139,0.6201301062333393
Cr,FC,11,39,10,0.9090909090909091,0.2564102564102564,1.0023310023310024,9.976744186046512,0.733489992707236
Cr,FC,11,40,10,0.9090909090909091,0.25,0.9772727272727273,10.232558139534884,0.8440158820192853
Cr,FC,11,41,11,1.0,0.2682926829268293,1.048780487804878,10.488372093023257,0.549280177187154
Cr,FC,11,42,11,1.0,0.2619047619047619,1.023809523809524,10.744186046511627,0.7441860465116279
Cr,FC,11,43,11,1.0,0.2558139534883721,1.0,11.0,1.0
Co,FC,11,1,0,0.0,0.0,0.0,0.2558139534883721,1.0
Co,FC,11,2,0,0.0,0.0,0.0,0.5116279069767442,1.0
Co,FC,11,3,1,0.09090909090909091,0.3333333333333333,1.303030303030303,0.7674418604651163,0.5980876752289117
Co,FC,11,4,2,0.18181818181818182,0.5,1.9545454545454546,1.0232558139534884,0.266510007292764
Co,FC,11,5,2,0.18181818181818182,0.4,1.5636363636363637,1.2790697674418605,0.3798698937666606
Co,FC,11,6,2,0.18181818181818182,0.3333333333333333,1.303030303030303,1.5348837209302326,0.48800925915294374
Co,FC,11,7,2,0.18181818181818182,0.2857142857142857,1.1168831168831168,1.7906976744186047,0.5862114936658924
Co,FC,11,8,3,0.2727272727272727,0.375,1.4659090909090908,2.046511627906977,0.3284306280694017
Co,FC,11,9,3,0.2727272727272727,0.3333333333333333,1.3030303030303028,2.302325581395349,0.41681263913105576
Co,FC,11,10,3,0.2727272727272727,0.3,1.1727272727272726,2.558139534883721,0.5037092382420937
Co,FC,11,11,4,0.36363636363636365,0.36363636363636365,1.421487603305785,2.813953488372093,0.28427338190108864
Co,FC,11,12,4,0.36363636363636365,0.3333333333333333,1.303030303030303,3.0697674418604652,0.35970445751830915
Co,FC,11,13,5,0.45454545454545453,0.38461538461538464,1.5034965034965035,3.3255813953488373,0.1845097012460552
Co,FC,11,14,5,0.45454545454545453,0.35714285714285715,1.3961038961038958,3.5813953488372094,0.24355682280448152
Co,FC,11,15,6,0.5454545454545454,0.4,1.5636363636363635,3.8372093023255816,0.11243149079197608
Co,FC,11,16,7,0.6363636363636364,0.4375,1.7102272727272727,4.093023255813954,0.042185777213848204
Co,FC,11,17,8,0.7272727272727273,0.47058823529411764,1.8395721925133692,4.348837209302325,0.012452141836862853
Co,FC,11,18,8,0.7272727272727273,0.4444444444444444,1.7373737373737372,4.604651162790698,0.020228631089305178
Co,FC,11,19,9,0.8181818181818182,0.47368421052631576,1.8516746411483254,4.8604651162790695,0.00483118236946938
Co,FC,11,20,9,0.8181818181818182,0.45,1.7590909090909093,5.116279069767442,0.008155631524888473
Co,FC,11,21,9,0.8181818181818182,0.42857142857142855,1.6753246753246755,5.372093023255814,0.01321457589183057
Co,FC,11,22,9,0.8181818181818182,0.4090909090909091,1.5991735537190084,5.627906976744186,0.020643794892235053
Co,FC,11,23,9,0.8181818181818182,0.391304347826087,1.5296442687747038,5.883720930232558,0.03120642598804822
Co,FC,11,24,10,0.9090909090909091,0.4166666666666667,1.6287878787878787,6.1395348837209305,0.0069123744676779265
Co,FC,11,25,10,0.9090909090909091,0.4,1.5636363636363635,6.395348837209302,0.011004004197424503
Co,FC,11,26,10,0.9090909090909091,0.38461538461538464,1.5034965034965035,6.651162790697675,0.017041999458335247
Co,FC,11,27,10,0.9090909090909091,0.37037037037037035,1.4478114478114477,6.906976744186046,0.025733369799300194
Co,FC,11,28,11,1.0,0.39285714285714285,1.5357142857142856,7.162790697674419,0.003733338623732672
Co,FC,11,29,11,1.0,0.3793103448275862,1.4827586206896552,7.4186046511627906,0.0060148233382359695
Co,FC,11,30,11,1.0,0.36666666666666664,1.4333333333333333,7.674418604651163,0.009497089481425216
Co,FC,11,31,11,1.0,0.3548387096774194,1.3870967741935485,7.930232558139535,0.014720488696209084
Co,FC,11,32,11,1.0,0.34375,1.34375,8.186046511627907,0.022431220870413847
Co,FC,11,33,11,1.0,0.3333333333333333,1.303030303030303,8.44186046511628,0.03364683130562077
Co,FC,11,34,11,1.0,0.3235294117647059,1.2647058823529413,8.69767441860465,0.04973879410396114
Co,FC,11,35,11,1.0,0.3142857142857143,1.2285714285714286,8.953488372093023,0.07253574140160998
Co,FC,11,36,11,1.0,0.3055555555555556,1.1944444444444444,9.209302325581396,0.10445146761831839
Co,FC,11,37,11,1.0,0.2972972972972973,1.1621621621621623,9.465116279069768,0.1486424731491454
Co,FC,11,38,11,1.0,0.2894736842105263,1.131578947368421,9.720930232558139,0.20920051776546392
Co,FC,11,39,11,1.0,0.28205128205128205,1.1025641025641026,9.976744186046512,0.291386435459039
Co,FC,11,40,11,1.0,0.275,1.075,10.232558139534884,0.40191232477108824
Co,FC,11,41,11,1.0,0.2682926829268293,1.048780487804878,10.488372093023257,0.549280177187154
Co,FC,11,42,11,1.0,0.2619047619047619,1.023809523809524,10.744186046511627,0.7441860465116279
Co,FC,11,43,11,1.0,0.2558139534883721,1.0,11.0,1.0
Ni,FC,11,1,1,0.09090909090909091,1.0,3.909090909090909,0.2558139534883721,0.2558139534883721
Ni,FC,11,2,2,0.18181818181818182,1.0,3.909090909090909,0.5116279069767442,0.06090808416389812
Ni,FC,11,3,3,0.2727272727272727,1.0,3.9090909090909087,0.7674418604651163,0.013370067255489832
Ni,FC,11,4,3,0.2727272727272727,0.75,2.9318181818181817,1.0232558139534884,0.04545822866866543
Ni,FC,11,5,4,0.36363636363636365,0.8,3.1272727272727274,1.2790697674418605,0.01145026272649642
Ni,FC,11,6,4,0.36363636363636365,0.6666666666666666,2.606060606060606,1.5348837209302326,0.029349192169743268
Ni,FC,11,7,4,0.36363636363636365,0.5714285714285714,2.2337662337662336,1.7906976744186047,0.05837448315879221
Ni,FC,11,8,4,0.36363636363636365,0.5,1.9545454545454546,2.046511627906977,0.09929208087252091
Ni,FC,11,9,4,0.36363636363636365,0.4444444444444444,1.7373737373737372,2.302325581395349,0.15166660594609369
Ni,FC,11,10,4,0.36363636363636365,0.4,1.5636363636363637,2.558139534883721,0.21405390787196701
Ni,FC,11,11,5,0.45454545454545453,0.45454545454545453,1.7768595041322313,2.813953488372093,0.09116982832100429
Ni,FC,11,12,6,0.5454545454545454,0.5,1.9545454545454544,3.0697674418604652,0.03203186503710343
Ni,FC,11,13,6,0.5454545454545454,0.46153846153846156,1.8041958041958042,3.3255813953488373,0.05165367773959588
Ni,FC,11,14,7,0.6363636363636364,0.5,1.9545454545454544,3.5813953488372094,0.016225404804540076
Ni,FC,11,15,7,0.6363636363636364,0.4666666666666667,1.8242424242424242,3.8372093023255816,0.026914969914255182
Ni,FC,11,16,8,0.7272727272727273,0.5,1.9545454545454546,4.093023255813954,0.007281074814778449
Ni,FC,11,17,9,0.8181818181818182,0.5294117647058824,2.0695187165775404,4.348837209302325,0.0014636244149334875
Ni,FC,11,18,9,0.8181818181818182,0.5,1.9545454545454546,4.604651162790698,0.0027315302713099526
Ni,FC,11,19,10,0.9090909090909091,0.5263157894736842,2.0574162679425836,4.8604651162790695,0.00039858349557725614
Ni,FC,11,20,10,0.9090909090909091,0.5,1.9545454545454546,5.116279069767442,0.0007679667350682666
Ni,FC,11,21,10,0.9090909090909091,0.47619047619047616,1.8614718614718615,5.372093023255814,0.001410372368965676
Ni,FC,11,22,10,0.9090909090909091,0.45454545454545453,1.7768595041322313,5.627906976744186,0.002483481780135212
Ni,FC,11,23,10,0.9090909090909091,0.43478260869565216,1.6996047430830041,5.883720930232558,0.0042130354098590065
Ni,FC,11,24,10,0.9090909090909091,0.4166666666666667,1.6287878787878787,6.1395348837209305,0.0069123744676779265
Ni,FC,11,25,10,0.9090909090909091,0.4,1.5636363636363635,6.395348837209302,0.011004004197424503
Ni,FC,11,26,10,0.9090909090909091,0.38461538461538464,1.5034965034965035,6.651162790697675,0.017041999458335247
Ni,FC,11,27,10,0.9090909090909091,0.37037037037037035,1.4478114478114477,6.906976744186046,0.025733369799300194
Ni,FC,11,28,10,0.9090909090909091,0.35714285714285715,1.3961038961038958,7.162790697674419,0.03795560934128216
Ni,FC,11,29,10,0.9090909090909091,0.3448275862068966,1.347962382445141,7.4186046511627906,0.054766549342885405
Ni,FC,11,30,10,0.9090909090909091,0.3333333333333333,1.303030303030303,7.674418604651163,0.07740127927361551
Ni,FC,11,31,11,1.0,0.3548387096774194,1.3870967741935485,7.930232558139535,0.014720488696209084
Ni,FC,11,32,11,1.0,0.34375,1.34375,8.186046511627907,0.022431220870413847
Ni,FC,11,33,11,1.0,0.3333333333333333,1.303030303030303,8.44186046511628,0.03364683130562077
Ni,FC,11,34,11,1.0,0.3235294117647059,1.2647058823529413,8.69767441860465,0.04973879410396114
Ni,FC,11,35,11,1.0,0.3142857142857143,1.2285714285714286,8.953488372093023,0.07253574140160998
Ni,FC,11,36,11,1.0,0.3055555555555556,1.1944444444444444,9.209302325581396,0.10445146761831839
Ni,FC,11,37,11,1.0,0.2972972972972973,1.1621621621621623,9.465116279069768,0.1486424731491454
Ni,FC,11,38,11,1.0,0.2894736842105263,1.131578947368421,9.720930232558139,0.20920051776546392
Ni,FC,11,39,11,1.0,0.28205128205128205,1.1025641025641026,9.976744186046512,0.291386435459039
Ni,FC,11,40,11,1.0,0.275,1.075,10.232558139534884,0.40191232477108824
Ni,FC,11,41,11,1.0,0.2682926829268293,1.048780487804878,10.488372093023257,0.549280177187154
Ni,FC,11,42,11,1.0,0.2619047619047619,1.023809523809524,10.744186046511627,0.7441860465116279
Ni,FC,11,43,11,1.0,0.2558139534883721,1.0,11.0,1.0
Mn,FC,11,1,0,0.0,0.0,0.0,0.2558139534883721,1.0
Mn,FC,11,2,0,0.0,0.0,0.0,0.5116279069767442,1.0
Mn,FC,11,3,1,0.09090909090909091,0.3333333333333333,1.303030303030303,0.7674418604651163,0.5980876752289117
Mn,FC,11,4,1,0.09090909090909091,0.25,0.9772727272727273,1.0232558139534884,0.708613564540961
Mn,FC,11,5,2,0.18181818181818182,0.4,1.5636363636363637,1.2790697674418605,0.3798698937666606
Mn,FC,11,6,3,0.2727272727272727,0.5,1.9545454545454544,1.5348837209302326,0.16359116299409465
Mn,FC,11,7,3,0.2727272727272727,0.42857142857142855,1.675324675324675,1.7906976744186047,0.24250367287057142
Mn,FC,11,8,3,0.2727272727272727,0.375,1.4659090909090908,2.046511627906977,0.3284306280694017
Mn,FC,11,9,4,0.36363636363636365,0.4444444444444444,1.7373737373737372,2.302325581395349,0.15166660594609369
Mn,FC,11,10,5,0.45454545454545453,0.5,1.9545454545454546,2.558139534883721,0.058085653057283526
Mn,FC,11,11,5,0.45454545454545453,0.45454545454545453,1.7768595041322313,2.813953488372093,0.09116982832100429
Mn,FC,11,12,6,0.5454545454545454,0.5,1.9545454545454544,3.0697674418604652,0.03203186503710343
Mn,FC,11,13,7,0.6363636363636364,0.5384615384615384,2.104895104895105,3.3255813953488373,0.00913975021752891
Mn,FC,11,14,7,0.6363636363636364,0.5,1.9545454545454544,3.5813953488372094,0.016225404804540076
Mn,FC,11,15,8,0.7272727272727273,0.5333333333333333,2.084848484848485,3.8372093023255816,0.004008758964865657
Mn,FC,11,16,8,0.7272727272727273,0.5,1.9545454545454546,4.093023255813954,0.007281074814778449
Mn,FC,11,17,8,0.7272727272727273,0.47058823529411764,1.8395721925133692,4.348837209302325,0.012452141836862853
Mn,FC,11,18,8,0.7272727272727273,0.4444444444444444,1.7373737373737372,4.604651162790698,0.020228631089305178
Mn,FC,11,19,8,0.7272727272727273,0.42105263157894735,1.645933014354067,4.8604651162790695,0.03142677561282212
Mn,FC,11,20,9,0.8181818181818182,0.45,1.7590909090909093,5.116279069767442,0.008155631524888473
Mn,FC,11,21,10,0.9090909090909091,0.47619047619047616,1.8614718614718615,5.372093023255814,0.001410372368965676
Mn,FC,11,22,10,0.9090909090909091,0.45454545454545453,1.7768595041322313,5.627906976744186,0.002483481780135212
Mn,FC,11,23,10,0.9090909090909091,0.43478260869565216,1.6996047430830041,5.883720930232558,0.0042130354098590065
Mn,FC,11,24,11,1.0,0.4583333333333333,1.7916666666666667,6.1395348837209305,0.00043396072891251563
Mn,FC,11,25,11,1.0,0.44,1.72,6.395348837209302,0.0007749298730580636
Mn,FC,11,26,11,1.0,0.4230769230769231,1.653846153846154,6.651162790697675,0.0013432117799673101
Mn,FC,11,27,11,1.0,0.4074074074074074,1.5925925925925926,6.906976744186046,0.002266669878694836
Mn,FC,11,28,11,1.0,0.39285714285714285,1.5357142857142856,7.162790697674419,0.003733338623732672
Mn,FC,11,29,11,1.0,0.3793103448275862,1.4827586206896552,7.4186046511627906,0.0060148233382359695
Mn,FC,11,30,11,1.0,0.36666666666666664,1.4333333333333333,7.674418604651163,0.009497089481425216
Mn,FC,11,31,11,1.0,0.3548387096774194,1.3870967741935485,7.930232558139535,0.014720488696209084
Mn,FC,11,32,11,1.0,0.34375,1.34375,8.186046511627907,0.022431220870413847
Mn,FC,11,33,11,1.0,0.3333333333333333,1.303030303030303,8.44186046511628,0.03364683130562077
Mn,FC,11,34,11,1.0,0.3235294117647059,1.2647058823529413,8.69767441860465,0.04973879410396114
Mn,FC,11,35,11,1.0,0.3142857142857143,1.2285714285714286,8.953488372093023,0.07253574140160998
Mn,FC,11,36,11,1.0,0.3055555555555556,1.1944444444444444,9.209302325581396,0.10445146761831839
Mn,FC,11,37,11,1.0,0.2972972972972973,1.1621621621621623,9.465116279069768,0.1486424731491454
Mn,FC,11,38,11,1.0,0.2894736842105263,1.131578947368421,9.720930232558139,0.20920051776546392
Mn,FC,11,39,11,1.0,0.28205128205128205,1.1025641025641026,9.976744186046512,0.291386435459039
Mn,FC,11,40,11,1.0,0.275,1.075,10.232558139534884,0.40191232477108824
Mn,FC,11,41,11,1.0,0.2682926829268293,1.048780487804878,10.488372093023257,0.549280177187154
Mn,FC,11,42,11,1.0,0.2619047619047619,1.023809523809524,10.744186046511627,0.7441860465116279
Mn,FC,11,43,11,1.0,0.2558139534883721,1.0,11.0,1.0
Pb,FC,11,1,1,0.09090909090909091,1.0,3.909090909090909,0.2558139534883721,0.2558139534883721
Pb,FC,11,2,2,0.18181818181818182,1.0,3.909090909090909,0.5116279069767442,0.06090808416389812
Pb,FC,11,3,3,0.2727272727272727,1.0,3.9090909090909087,0.7674418604651163,0.013370067255489832
Pb,FC,11,4,4,0.36363636363636365,1.0,3.909090909090909,1.0232558139534884,0.0026740134510979665
Pb,FC,11,5,4,0.36363636363636365,0.8,3.1272727272727274,1.2790697674418605,0.01145026272649642
Pb,FC,11,6,4,0.36363636363636365,0.6666666666666666,2.606060606060606,1.5348837209302326,0.029349192169743268
Pb,FC,11,7,4,0.36363636363636365,0.5714285714285714,2.2337662337662336,1.7906976744186047,0.05837448315879221
Pb,FC,11,8,5,0.45454545454545453,0.625,2.4431818181818183,2.046511627906977,0.01745688544506349
Pb,FC,11,9,6,0.5454545454545454,0.6666666666666666,2.6060606060606055,2.302325581395349,0.004363254176670305
Pb,FC,11,10,6,0.5454545454545454,0.6,2.3454545454545452,2.558139534883721,0.009562196003826422
Pb,FC,11,11,6,0.5454545454545454,0.5454545454545454,2.1322314049586772,2.813953488372093,0.01838464274081862
Pb,FC,11,12,7,0.6363636363636364,0.5833333333333334,2.2803030303030303,3.0697674418604652,0.004737420444533811
Pb,FC,11,13,7,0.6363636363636364,0.5384615384615384,2.104895104895105,3.3255813953488373,0.00913975021752891
Pb,FC,11,14,7,0.6363636363636364,0.5,1.9545454545454544,3.5813953488372094,0.016225404804540076
Pb,FC,11,15,7,0.6363636363636364,0.4666666666666667,1.8242424242424242,3.8372093023255816,0.026914969914255182
Pb,FC,11,16,8,0.7272727272727273,0.5,1.9545454545454546,4.093023255813954,0.007281074814778449
Pb,FC,11,17,8,0.7272727272727273,0.47058823529411764,1.8395721925133692,4.348837209302325,0.012452141836862853
Pb,FC,11,18,8,0.7272727272727273,0.4444444444444444,1.7373737373737372,4.604651162790698,0.020228631089305178
Pb,FC,11,19,9,0.8181818181818182,0.47368421052631576,1.8516746411483254,4.8604651162790695,0.00483118236946938
Pb,FC,11,20,10,0.9090909090909091,0.5,1.9545454545454546,5.116279069767442,0.0007679667350682666
Pb,FC,11,21,10,0.9090909090909091,0.47619047619047616,1.8614718614718615,5.372093023255814,0.001410372368965676
Pb,FC,11,22,10,0.9090909090909091,0.45454545454545453,1.7768595041322313,5.627906976744186,0.002483481780135212
Pb,FC,11,23,10,0.9090909090909091,0.43478260869565216,1.6996047430830041,5.883720930232558,0.0042130354098590065
Pb,FC,11,24,10,0.9090909090909091,0.4166666666666667,1.6287878787878787,6.1395348837209305,0.0069123744676779265
Pb,FC,11,25,10,0.9090909090909091,0.4,1.5636363636363635,6.395348837209302,0.011004004197424503
Pb,FC,11,26,10,0.9090909090909091,0.38461538461538464,1.5034965034965035,6.651162790697675,0.017041999458335247
Pb,FC,11,27,10,0.9090909090909091,0.37037037037037035,1.4478114478114477,6.906976744186046,0.025733369799300194
Pb,FC,11,28,10,0.9090909090909091,0.35714285714285715,1.3961038961038958,7.162790697674419,0.03795560934128216
Pb,FC,11,29,10,0.9090909090909091,0.3448275862068966,1.347962382445141,7.4186046511627906,0.054766549342885405
Pb,FC,11,30,11,1.0,0.36666666666666664,1.4333333333333333,7.674418604651163,0.009497089481425216
Pb,FC,11,31,11,1.0,0.3548387096774194,1.3870967741935485,7.930232558139535,0.014720488696209084
Pb,FC,11,32,11,1.0,0.34375,1.34375,8.186046511627907,0.022431220870413847
Pb,FC,11,33,11,1.0,0.3333333333333333,1.303030303030303,8.44186046511628,0.03364683130562077
Pb,FC,11,34,11,1.0,0.3235294117647059,1.2647058823529413,8.69767441860465,0.04973879410396114
Pb,FC,11,35,11,1.0,0.3142857142857143,1.2285714285714286,8.953488372093023,0.07253574140160998
Pb,FC,11,36,11,1.0,0.3055555555555556,1.1944444444444444,9.209302325581396,0.10445146761831839
Pb,FC,11,37,11,1.0,0.2972972972972973,1.1621621621621623,9.465116279069768,0.1486424731491454
Pb,FC,11,38,11,1.0,0.2894736842105263,1.131578947368421,9.720930232558139,0.20920051776546392
Pb,FC,11,39,11,1.0,0.28205128205128205,1.1025641025641026,9.976744186046512,0.291386435459039
Pb,FC,11,40,11,1.0,0.275,1.075,10.232558139534884,0.40191232477108824
Pb,FC,11,41,11,1.0,0.2682926829268293,1.048780487804878,10.488372093023257,0.549280177187154
Pb,FC,11,42,11,1.0,0.2619047619047619,1.023809523809524,10.744186046511627,0.7441860465116279
Pb,FC,11,43,11,1.0,0.2558139534883721,1.0,11.0,1.0
Cd,FC,11,1,0,0.0,0.0,0.0,0.2558139534883721,1.0
Cd,FC,11,2,0,0.0,0.0,0.0,0.5116279069767442,1.0
Cd,FC,11,3,0,0.0,0.0,0.0,0.7674418604651163,1.0
Cd,FC,11,4,0,0.0,0.0,0.0,1.0232558139534884,1.0
Cd,FC,11,5,0,0.0,0.0,0.0,1.2790697674418605,1.0
Cd,FC,11,6,0,0.0,0.0,0.0,1.5348837209302326,1.0
Cd,FC,11,7,0,0.0,0.0,0.0,1.7906976744186047,1.0
Cd,FC,11,8,0,0.0,0.0,0.0,2.046511627906977,1.0
Cd,FC,11,9,0,0.0,0.0,0.0,2.302325581395349,1.0
Cd,FC,11,10,0,0.0,0.0,0.0,2.558139534883721,1.0
Cd,FC,11,11,1,0.09090909090909091,0.09090909090909091,0.35537190082644626,2.813953488372093,0.9775687791295862
Cd,FC,11,12,1,0.09090909090909091,0.08333333333333333,0.32575757575757575,3.0697674418604652,0.9852795113037909
Cd,FC,11,13,1,0.09090909090909091,0.07692307692307693,0.30069930069930073,3.3255813953488373,0.9905029105185748
Cd,FC,11,14,1,0.09090909090909091,0.07142857142857142,0.2792207792207792,3.5813953488372094,0.993985176661764
Cd,FC,11,15,1,0.09090909090909091,0.06666666666666667,0.2606060606060606,3.8372093023255816,0.9962666613762673
Cd,FC,11,16,1,0.09090909090909091,0.0625,0.24431818181818182,4.093023255813954,0.9977333301213052
Cd,FC,11,17,1,0.09090909090909091,0.058823529411764705,0.22994652406417115,4.348837209302325,0.9986567882200327
Cd,FC,11,18,1,0.09090909090909091,0.05555555555555555,0.21717171717171715,4.604651162790698,0.999225070126942
Cd,FC,11,19,2,0.18181818181818182,0.10526315789473684,0.41148325358851673,4.8604651162790695,0.9930876255323221
Cd,FC,11,20,2,0.18181818181818182,0.1,0.39090909090909093,5.116279069767442,0.995786964590141
Cd,FC,11,21,2,0.18181818181818182,0.09523809523809523,0.37229437229437234,5.372093023255814,0.9975165182198648
Cd,FC,11,22,2,0.18181818181818182,0.09090909090909091,0.35537190082644626,5.627906976744186,0.9985896276310343
Cd,FC,11,23,2,0.18181818181818182,0.08695652173913043,0.3399209486166008,5.883720930232558,0.9992320332649317
Cd,FC,11,24,2,0.18181818181818182,0.08333333333333333,0.32575757575757575,6.1395348837209305,0.9996014165044227
Cd,FC,11,25,2,0.18181818181818182,0.08,0.31272727272727274,6.395348837209302,0.999804281441443
Cd,FC,11,26,3,0.2727272727272727,0.11538461538461539,0.45104895104895104,6.651162790697675,0.9985363755850665
Cd,FC,11,27,3,0.2727272727272727,0.1111111111111111,0.4343434343434343,6.906976744186046,0.9992635568850471
Cd,FC,11,28,4,0.36363636363636365,0.14285714285714285,0.5584415584415584,7.162790697674419,0.9959912410351344
Cd,FC,11,29,4,0.36363636363636365,0.13793103448275862,0.5391849529780565,7.4186046511627906,0.9979459043694823
Cd,FC,11,30,5,0.45454545454545453,0.16666666666666666,0.6515151515151515,7.674418604651163,0.9908602497824711
Cd,FC,11,31,5,0.45454545454545453,0.16129032258064516,0.6304985337243402,7.930232558139535,0.9952625795554662
Cd,FC,11,32,5,0.45454545454545453,0.15625,0.6107954545454546,8.186046511627907,0.9977898429436671
Cd,FC,11,33,6,0.5454545454545454,0.18181818181818182,0.7107438016528925,8.44186046511628,0.9904378039961735
Cd,FC,11,34,6,0.5454545454545454,0.17647058823529413,0.6898395721925134,8.69767441860465,0.9956367458233297
Cd,FC,11,35,7,0.6363636363636364,0.2,0.7818181818181819,8.953488372093023,0.9825431145549365
Cd,FC,11,36,8,0.7272727272727273,0.2222222222222222,0.8686868686868686,9.209302325581396,0.9416255168412078
Cd,FC,11,37,9,0.8181818181818182,0.24324324324324326,0.9508599508599509,9.465116279069768,0.8364088370059053
Cd,FC,11,38,9,0.8181818181818182,0.23684210526315788,0.9258373205741627,9.720930232558139,0.903529822418081
Cd,FC,11,39,9,0.8181818181818182,0.23076923076923078,0.9020979020979022,9.976744186046512,0.9545417713313346
Cd,FC,11,40,9,0.8181818181818182,0.225,0.8795454545454546,10.232558139534884,0.9866299327445102
Cd,FC,11,41,9,0.8181818181818182,0.21951219512195122,0.8580931263858094,10.488372093023257,1.0
Cd,FC,11,42,10,0.9090909090909091,0.23809523809523808,0.9307359307359307,10.744186046511627,1.0
Cd,FC,11,43,11,1.0,0.2558139534883721,1.0,11.0,1.0
Fe,Single4_G,11,1,1,0.09090909090909091,1.0,3.909090909090909,0.2558139534883721,0.2558139534883721
Fe,Single4_G,11,2,1,0.09090909090909091,0.5,1.9545454545454546,0.5116279069767442,0.45071982281284606
Fe,Single4_G,11,3,1,0.09090909090909091,0.3333333333333333,1.303030303030303,0.7674418604651163,0.5980876752289117
Fe,Single4_G,11,4,2,0.18181818181818182,0.5,1.9545454545454546,1.0232558139534884,0.266510007292764
Fe,Single4_G,11,5,2,0.18181818181818182,0.4,1.5636363636363637,1.2790697674418605,0.3798698937666606
Fe,Single4_G,11,6,3,0.2727272727272727,0.5,1.9545454545454544,1.5348837209302326,0.16359116299409465
Fe,Single4_G,11,7,3,0.2727272727272727,0.42857142857142855,1.675324675324675,1.7906976744186047,0.24250367287057142
Fe,Single4_G,11,8,4,0.36363636363636365,0.5,1.9545454545454546,2.046511627906977,0.09929208087252091
Fe,Single4_G,11,9,4,0.36363636363636365,0.4444444444444444,1.7373737373737372,2.302325581395349,0.15166660594609369
Fe,Single4_G,11,10,4,0.36363636363636365,0.4,1.5636363636363637,2.558139534883721,0.21405390787196701
Fe,Single4_G,11,11,4,0.36363636363636365,0.36363636363636365,1.421487603305785,2.813953488372093,0.28427338190108864
Fe,Single4_G,11,12,4,0.36363636363636365,0.3333333333333333,1.303030303030303,3.0697674418604652,0.35970445751830915
Fe,Single4_G,11,13,4,0.36363636363636365,0.3076923076923077,1.202797202797203,3.3255813953488373,0.4375687936393109
Fe,Single4_G,11,14,4,0.36363636363636365,0.2857142857142857,1.1168831168831168,3.5813953488372094,0.5151735819732427
Fe,Single4_G,11,15,5,0.45454545454545453,0.3333333333333333,1.303030303030303,3.8372093023255816,0.3091194888107342
Fe,Single4_G,11,16,5,0.45454545454545453,0.3125,1.2215909090909092,4.093023255813954,0.379365202388862
Fe,Single4_G,11,17,5,0.45454545454545453,0.29411764705882354,1.1497326203208555,4.348837209302325,0.4522126090624762
Fe,Single4_G,11,18,6,0.5454545454545454,0.3333333333333333,1.3030303030303028,4.604651162790698,0.26168862237763935
Fe,Single4_G,11,19,6,0.5454545454545454,0.3157894736842105,1.23444976076555,4.8604651162790695,0.32500120872213895
Fe,Single4_G,11,20,7,0.6363636363636364,0.35,1.3681818181818182,5.116279069767442,0.16628007212238632
Fe,Single4_G,11,21,7,0.6363636363636364,0.3333333333333333,1.303030303030303,5.372093023255814,0.21557235056951451
Fe,Single4_G,11,22,7,0.6363636363636364,0.3181818181818182,1.243801652892562,5.627906976744186,0.2720344149725886
Fe,Single4_G,11,23,8,0.7272727272727273,0.34782608695652173,1.3596837944664033,5.883720930232558,0.1283826320695294
Fe,Single4_G,11,24,9,0.8181818181818182,0.375,1.465909090909091,6.1395348837209305,0.0457828569002704
Fe,Single4_G,11,25,9,0.8181818181818182,0.36,1.4072727272727272,6.395348837209302,0.06534596154562121
Fe,Single4_G,11,26,9,0.8181818181818182,0.34615384615384615,1.3531468531468533,6.651162790697675,0.09091864735653732
Fe,Single4_G,11,27,9,0.8181818181818182,0.3333333333333333,1.3030303030303032,6.906976744186046,0.12351128613515588
Fe,Single4_G,11,28,9,0.8181818181818182,0.32142857142857145,1.2564935064935066,7.162790697674419,0.1640376593533066
Fe,Single4_G,11,29,10,0.9090909090909091,0.3448275862068966,1.347962382445141,7.4186046511627906,0.054766549342885405
Fe,Single4_G,11,30,10,0.9090909090909091,0.3333333333333333,1.303030303030303,7.674418604651163,0.07740127927361551
Fe,Single4_G,11,31,10,0.9090909090909091,0.3225806451612903,1.2609970674486803,7.930232558139535,0.10724927478666618
Fe,Single4_G,11,32,10,0.9090909090909091,0.3125,1.2215909090909092,8.186046511627907,0.14580293565769
Fe,Single4_G,11,33,10,0.9090909090909091,0.30303030303030304,1.184573002754821,8.44186046511628,0.19456645928902444
Fe,Single4_G,11,34,11,1.0,0.3235294117647059,1.2647058823529413,8.69767441860465,0.04973879410396114
Fe,Single4_G,11,35,11,1.0,0.3142857142857143,1.2285714285714286,8.953488372093023,0.07253574140160998
Fe,Single4_G,11,36,11,1.0,0.3055555555555556,1.1944444444444444,9.209302325581396,0.10445146761831839
Fe,Single4_G,11,37,11,1.0,0.2972972972972973,1.1621621621621623,9.465116279069768,0.1486424731491454
Fe,Single4_G,11,38,11,1.0,0.2894736842105263,1.131578947368421,9.720930232558139,0.20920051776546392
Fe,Single4_G,11,39,11,1.0,0.28205128205128205,1.1025641025641026,9.976744186046512,0.291386435459039
Fe,Single4_G,11,40,11,1.0,0.275,1.075,10.232558139534884,0.40191232477108824
Fe,Single4_G,11,41,11,1.0,0.2682926829268293,1.048780487804878,10.488372093023257,0.549280177187154
Fe,Single4_G,11,42,11,1.0,0.2619047619047619,1.023809523809524,10.744186046511627,0.7441860465116279
Fe,Single4_G,11,43,11,1.0,0.2558139534883721,1.0,11.0,1.0
Zn,Single4_G,11,1,1,0.09090909090909091,1.0,3.909090909090909,0.2558139534883721,0.2558139534883721
Zn,Single4_G,11,2,2,0.18181818181818182,1.0,3.909090909090909,0.5116279069767442,0.06090808416389812
Zn,Single4_G,11,3,3,0.2727272727272727,1.0,3.9090909090909087,0.7674418604651163,0.013370067255489832
Zn,Single4_G,11,4,4,0.36363636363636365,1.0,3.909090909090909,1.0232558139534884,0.0026740134510979665
Zn,Single4_G,11,5,4,0.36363636363636365,0.8,3.1272727272727274,1.2790697674418605,0.01145026272649642
Zn,Single4_G,11,6,5,0.45454545454545453,0.8333333333333334,3.2575757575757573,1.5348837209302326,0.0025007980048729972
Zn,Single4_G,11,7,6,0.5454545454545454,0.8571428571428571,3.35064935064935,1.7906976744186047,0.0004690276356395711
Zn,Single4_G,11,8,6,0.5454545454545454,0.75,2.9318181818181817,2.046511627906977,0.0016542270176924025
Zn,Single4_G,11,9,7,0.6363636363636364,0.7777777777777778,3.04040404040404,2.302325581395349,0.00029971343820345227
Zn,Single4_G,11,10,7,0.6363636363636364,0.7,2.7363636363636363,2.558139534883721,0.0008972929585662244
Zn,Single4_G,11,11,8,0.7272727272727273,0.7272727272727273,2.84297520661157,2.813953488372093,0.00014708490269954068
Zn,Single4_G,11,12,8,0.7272727272727273,0.6666666666666666,2.606060606060606,3.0697674418604652,0.0004049689219037132
Zn,Single4_G,11,13,8,0.7272727272727273,0.6153846153846154,2.405594405594406,3.3255813953488373,0.000963994924823726
Zn,Single4_G,11,14,8,0.7272727272727273,0.5714285714285714,2.2337662337662336,3.5813953488372094,0.0020540956305177506
Zn,Single4_G,11,15,9,0.8181818181818182,0.6,2.3454545454545457,3.8372093023255816,0.00034376521296333246
Zn,Single4_G,11,16,10,0.9090909090909091,0.625,2.4431818181818183,4.093023255813954,3.834906697147213e-05
Zn,Single4_G,11,17,10,0.9090909090909091,0.5882352941176471,2.299465240641711,4.348837209302325,9.005973719231622e-05
Zn,Single4_G,11,18,10,0.9090909090909091,0.5555555555555556,2.1717171717171717,4.604651162790698,0.0001957185585570217
Zn,Single4_G,11,19,10,0.9090909090909091,0.5263157894736842,2.0574162679425836,4.8604651162790695,0.00039858349557725614
Zn,Single4_G,11,20,10,0.9090909090909091,0.5,1.9545454545454546,5.116279069767442,0.0007679667350682666
Zn,Single4_G,11,21,10,0.9090909090909091,0.47619047619047616,1.8614718614718615,5.372093023255814,0.001410372368965676
Zn,Single4_G,11,22,10,0.9090909090909091,0.45454545454545453,1.7768595041322313,5.627906976744186,0.002483481780135212
Zn,Single4_G,11,23,11,1.0,0.4782608695652174,1.8695652173913044,5.883720930232558,0.0002350620614942793
Zn,Single4_G,11,24,11,1.0,0.4583333333333333,1.7916666666666667,6.1395348837209305,0.00043396072891251563
Zn,Single4_G,11,25,11,1.0,0.44,1.72,6.395348837209302,0.0007749298730580636
Zn,Single4_G,11,26,11,1.0,0.4230769230769231,1.653846153846154,6.651162790697675,0.0013432117799673101
Zn,Single4_G,11,27,11,1.0,0.4074074074074074,1.5925925925925926,6.906976744186046,0.002266669878694836
Zn,Single4_G,11,28,11,1.0,0.39285714285714285,1.5357142857142856,7.162790697674419,0.003733338623732672
Zn,Single4_G,11,29,11,1.0,0.3793103448275862,1.4827586206896552,7.4186046511627906,0.0060148233382359695
Zn,Single4_G,11,30,11,1.0,0.36666666666666664,1.4333333333333333,7.674418604651163,0.009497089481425216
Zn,Single4_G,11,31,11,1.0,0.3548387096774194,1.3870967741935485,7.930232558139535,0.014720488696209084
Zn,Single4_G,11,32,11,1.0,0.34375,1.34375,8.186046511627907,0.022431220870413847
Zn,Single4_G,11,33,11,1.0,0.3333333333333333,1.303030303030303,8.44186046511628,0.03364683130562077
Zn,Single4_G,11,34,11,1.0,0.3235294117647059,1.2647058823529413,8.69767441860465,0.04973879410396114
Zn,Single4_G,11,35,11,1.0,0.3142857142857143,1.2285714285714286,8.953488372093023,0.07253574140160998
Zn,Single4_G,11,36,11,1.0,0.3055555555555556,1.1944444444444444,9.209302325581396,0.10445146761831839
Zn,Single4_G,11,37,11,1.0,0.2972972972972973,1.1621621621621623,9.465116279069768,0.1486424731491454
Zn,Single4_G,11,38,11,1.0,0.2894736842105263,1.131578947368421,9.720930232558139,0.20920051776546392
Zn,Single4_G,11,39,11,1.0,0.28205128205128205,1.1025641025641026,9.976744186046512,0.291386435459039
Zn,Single4_G,11,40,11,1.0,0.275,1.075,10.232558139534884,0.40191232477108824
Zn,Single4_G,11,41,11,1.0,0.2682926829268293,1.048780487804878,10.488372093023257,0.549280177187154
Zn,Single4_G,11,42,11,1.0,0.2619047619047619,1.023809523809524,10.744186046511627,0.7441860465116279
Zn,Single4_G,11,43,11,1.0,0.2558139534883721,1.0,11.0,1.0
Cu,Single4_G,11,1,1,0.09090909090909091,1.0,3.909090909090909,0.2558139534883721,0.2558139534883721
Cu,Single4_G,11,2,2,0.18181818181818182,1.0,3.909090909090909,0.5116279069767442,0.06090808416389812
Cu,Single4_G,11,3,3,0.2727272727272727,1.0,3.9090909090909087,0.7674418604651163,0.013370067255489832
Cu,Single4_G,11,4,3,0.2727272727272727,0.75,2.9318181818181817,1.0232558139534884,0.04545822866866543
Cu,Single4_G,11,5,4,0.36363636363636365,0.8,3.1272727272727274,1.2790697674418605,0.01145026272649642
Cu,Single4_G,11,6,4,0.36363636363636365,0.6666666666666666,2.606060606060606,1.5348837209302326,0.029349192169743268
Cu,Single4_G,11,7,4,0.36363636363636365,0.5714285714285714,2.2337662337662336,1.7906976744186047,0.05837448315879221
Cu,Single4_G,11,8,4,0.36363636363636365,0.5,1.9545454545454546,2.046511627906977,0.09929208087252091
Cu,Single4_G,11,9,5,0.45454545454545453,0.5555555555555556,2.1717171717171717,2.302325581395349,0.03382392453055497
Cu,Single4_G,11,10,6,0.5454545454545454,0.6,2.3454545454545452,2.558139534883721,0.009562196003826422
Cu,Single4_G,11,11,7,0.6363636363636364,0.6363636363636364,2.487603305785124,2.813953488372093,0.0022101570563329213
Cu,Single4_G,11,12,7,0.6363636363636364,0.5833333333333334,2.2803030303030303,3.0697674418604652,0.004737420444533811
Cu,Single4_G,11,13,7,0.6363636363636364,0.5384615384615384,2.104895104895105,3.3255813953488373,0.00913975021752891
Cu,Single4_G,11,14,7,0.6363636363636364,0.5,1.9545454545454544,3.5813953488372094,0.016225404804540076
Cu,Single4_G,11,15,8,0.7272727272727273,0.5333333333333333,2.084848484848485,3.8372093023255816,0.004008758964865657
Cu,Single4_G,11,16,8,0.7272727272727273,0.5,1.9545454545454546,4.093023255813954,0.007281074814778449
Cu,Single4_G,11,17,8,0.7272727272727273,0.47058823529411764,1.8395721925133692,4.348837209302325,0.012452141836862853
Cu,Single4_G,11,18,9,0.8181818181818182,0.5,1.9545454545454546,4.604651162790698,0.0027315302713099526
Cu,Single4_G,11,19,9,0.8181818181818182,0.47368421052631576,1.8516746411483254,4.8604651162790695,0.00483118236946938
Cu,Single4_G,11,20,9,0.8181818181818182,0.45,1.7590909090909093,5.116279069767442,0.008155631524888473
Cu,Single4_G,11,21,9,0.8181818181818182,0.42857142857142855,1.6753246753246755,5.372093023255814,0.01321457589183057
Cu,Single4_G,11,22,9,0.8181818181818182,0.4090909090909091,1.5991735537190084,5.627906976744186,0.020643794892235053
Cu,Single4_G,11,23,9,0.8181818181818182,0.391304347826087,1.5296442687747038,5.883720930232558,0.03120642598804822
Cu,Single4_G,11,24,9,0.8181818181818182,0.375,1.465909090909091,6.1395348837209305,0.0457828569002704
Cu,Single4_G,11,25,9,0.8181818181818182,0.36,1.4072727272727272,6.395348837209302,0.06534596154562121
Cu,Single4_G,11,26,9,0.8181818181818182,0.34615384615384615,1.3531468531468533,6.651162790697675,0.09091864735653732
Cu,Single4_G,11,27,9,0.8181818181818182,0.3333333333333333,1.3030303030303032,6.906976744186046,0.12351128613515588
Cu,Single4_G,11,28,10,0.9090909090909091,0.35714285714285715,1.3961038961038958,7.162790697674419,0.03795560934128216
Cu,Single4_G,11,29,10,0.9090909090909091,0.3448275862068966,1.347962382445141,7.4186046511627906,0.054766549342885405
Cu,Single4_G,11,30,10,0.9090909090909091,0.3333333333333333,1.303030303030303,7.674418604651163,0.07740127927361551
Cu,Single4_G,11,31,10,0.9090909090909091,0.3225806451612903,1.2609970674486803,7.930232558139535,0.10724927478666618
Cu,Single4_G,11,32,10,0.9090909090909091,0.3125,1.2215909090909092,8.186046511627907,0.14580293565769
Cu,Single4_G,11,33,10,0.9090909090909091,0.30303030303030304,1.184573002754821,8.44186046511628,0.19456645928902444
Cu,Single4_G,11,34,10,0.9090909090909091,0.29411764705882354,1.1497326203208555,8.69767441860465,0.2549113197828009
Cu,Single4_G,11,35,10,0.9090909090909091,0.2857142857142857,1.1168831168831168,8.953488372093023,0.32786155113527715
Cu,Single4_G,11,36,11,1.0,0.3055555555555556,1.1944444444444444,9.209302325581396,0.10445146761831839
Cu,Single4_G,11,37,11,1.0,0.2972972972972973,1.1621621621621623,9.465116279069768,0.1486424731491454
Cu,Single4_G,11,38,11,1.0,0.2894736842105263,1.131578947368421,9.720930232558139,0.20920051776546392
Cu,Single4_G,11,39,11,1.0,0.28205128205128205,1.1025641025641026,9.976744186046512,0.291386435459039
Cu,Single4_G,11,40,11,1.0,0.275,1.075,10.232558139534884,0.40191232477108824
Cu,Single4_G,11,41,11,1.0,0.2682926829268293,1.048780487804878,10.488372093023257,0.549280177187154
Cu,Single4_G,11,42,11,1.0,0.2619047619047619,1.023809523809524,10.744186046511627,0.7441860465116279
Cu,Single4_G,11,43,11,1.0,0.2558139534883721,1.0,11.0,1.0
Cr,Single4_G,11,1,0,0.0,0.0,0.0,0.2558139534883721,1.0
Cr,Single4_G,11,2,1,0.09090909090909091,0.5,1.9545454545454546,0.5116279069767442,0.45071982281284606
Cr,Single4_G,11,3,2,0.18181818181818182,0.6666666666666666,2.606060606060606,0.7674418604651163,0.1559841179807147
Cr,Single4_G,11,4,2,0.18181818181818182,0.5,1.9545454545454546,1.0232558139534884,0.266510007292764
Cr,Single4_G,11,5,2,0.18181818181818182,0.4,1.5636363636363637,1.2790697674418605,0.3798698937666606
Cr,Single4_G,11,6,2,0.18181818181818182,0.3333333333333333,1.303030303030303,1.5348837209302326,0.48800925915294374
Cr,Single4_G,11,7,2,0.18181818181818182,0.2857142857142857,1.1168831168831168,1.7906976744186047,0.5862114936658924
Cr,Single4_G,11,8,3,0.2727272727272727,0.375,1.4659090909090908,2.046511627906977,0.3284306280694017
Cr,Single4_G,11,9,3,0.2727272727272727,0.3333333333333333,1.3030303030303028,2.302325581395349,0.41681263913105576
Cr,Single4_G,11,10,4,0.36363636363636365,0.4,1.5636363636363637,2.558139534883721,0.21405390787196701
Cr,Single4_G,11,11,4,0.36363636363636365,0.36363636363636365,1.421487603305785,2.813953488372093,0.28427338190108864
Cr,Single4_G,11,12,5,0.45454545454545453,0.4166666666666667,1.6287878787878787,3.0697674418604652,0.13341123066664773
Cr,Single4_G,11,13,6,0.5454545454545454,0.46153846153846156,1.8041958041958042,3.3255813953488373,0.05165367773959588
Cr,Single4_G,11,14,7,0.6363636363636364,0.5,1.9545454545454544,3.5813953488372094,0.016225404804540076
Cr,Single4_G,11,15,7,0.6363636363636364,0.4666666666666667,1.8242424242424242,3.8372093023255816,0.026914969914255182
Cr,Single4_G,11,16,7,0.6363636363636364,0.4375,1.7102272727272727,4.093023255813954,0.042185777213848204
Cr,Single4_G,11,17,7,0.6363636363636364,0.4117647058823529,1.6096256684491979,4.348837209302325,0.06299932197773797
Cr,Single4_G,11,18,8,0.7272727272727273,0.4444444444444444,1.7373737373737372,4.604651162790698,0.020228631089305178
Cr,Single4_G,11,19,8,0.7272727272727273,0.42105263157894735,1.645933014354067,4.8604651162790695,0.03142677561282212
Cr,Single4_G,11,20,9,0.8181818181818182,0.45,1.7590909090909093,5.116279069767442,0.008155631524888473
Cr,Single4_G,11,21,10,0.9090909090909091,0.47619047619047616,1.8614718614718615,5.372093023255814,0.001410372368965676
Cr,Single4_G,11,22,10,0.9090909090909091,0.45454545454545453,1.7768595041322313,5.627906976744186,0.002483481780135212
Cr,Single4_G,11,23,10,0.9090909090909091,0.43478260869565216,1.6996047430830041,5.883720930232558,0.0042130354098590065
Cr,Single4_G,11,24,10,0.9090909090909091,0.4166666666666667,1.6287878787878787,6.1395348837209305,0.0069123744676779265
Cr,Single4_G,11,25,10,0.9090909090909091,0.4,1.5636363636363635,6.395348837209302,0.011004004197424503
Cr,Single4_G,11,26,10,0.9090909090909091,0.38461538461538464,1.5034965034965035,6.651162790697675,0.017041999458335247
Cr,Single4_G,11,27,10,0.9090909090909091,0.37037037037037035,1.4478114478114477,6.906976744186046,0.025733369799300194
Cr,Single4_G,11,28,10,0.9090909090909091,0.35714285714285715,1.3961038961038958,7.162790697674419,0.03795560934128216
Cr,Single4_G,11,29,10,0.9090909090909091,0.3448275862068966,1.347962382445141,7.4186046511627906,0.054766549342885405
Cr,Single4_G,11,30,10,0.9090909090909091,0.3333333333333333,1.303030303030303,7.674418604651163,0.07740127927361551
Cr,Single4_G,11,31,10,0.9090909090909091,0.3225806451612903,1.2609970674486803,7.930232558139535,0.10724927478666618
Cr,Single4_G,11,32,10,0.9090909090909091,0.3125,1.2215909090909092,8.186046511627907,0.14580293565769
Cr,Single4_G,11,33,10,0.9090909090909091,0.30303030303030304,1.184573002754821,8.44186046511628,0.19456645928902444
Cr,Single4_G,11,34,10,0.9090909090909091,0.29411764705882354,1.1497326203208555,8.69767441860465,0.2549113197828009
Cr,Single4_G,11,35,10,0.9090909090909091,0.2857142857142857,1.1168831168831168,8.953488372093023,0.32786155113527715
Cr,Single4_G,11,36,10,0.9090909090909091,0.2777777777777778,1.0858585858585859,9.209302325581396,0.4137885063341075
Cr,Single4_G,11,37,10,0.9090909090909091,0.2702702702702703,1.0565110565110565,9.465116279069768,0.5119907408470563
Cr,Single4_G,11,38,10,0.9090909090909091,0.2631578947368421,1.0287081339712918,9.720930232558139,0.6201301062333393
Cr,Single4_G,11,39,11,1.0,0.28205128205128205,1.1025641025641026,9.976744186046512,0.291386435459039
Cr,Single4_G,11,40,11,1.0,0.275,1.075,10.232558139534884,0.40191232477108824
Cr,Single4_G,11,41,11,1.0,0.2682926829268293,1.048780487804878,10.488372093023257,0.549280177187154
Cr,Single4_G,11,42,11,1.0,0.2619047619047619,1.023809523809524,10.744186046511627,0.7441860465116279
Cr,Single4_G,11,43,11,1.0,0.2558139534883721,1.0,11.0,1.0
Co,Single4_G,11,1,1,0.09090909090909091,1.0,3.909090909090909,0.2558139534883721,0.2558139534883721
Co,Single4_G,11,2,2,0.18181818181818182,1.0,3.909090909090909,0.5116279069767442,0.06090808416389812
Co,Single4_G,11,3,2,0.18181818181818182,0.6666666666666666,2.606060606060606,0.7674418604651163,0.1559841179807147
Co,Single4_G,11,4,3,0.2727272727272727,0.75,2.9318181818181817,1.0232558139534884,0.04545822866866543
Co,Single4_G,11,5,3,0.2727272727272727,0.6,2.3454545454545452,1.2790697674418605,0.09647017758191893
Co,Single4_G,11,6,3,0.2727272727272727,0.5,1.9545454545454544,1.5348837209302326,0.16359116299409465
Co,Single4_G,11,7,3,0.2727272727272727,0.42857142857142855,1.675324675324675,1.7906976744186047,0.24250367287057142
Co,Single4_G,11,8,4,0.36363636363636365,0.5,1.9545454545454546,2.046511627906977,0.09929208087252091
Co,Single4_G,11,9,4,0.36363636363636365,0.4444444444444444,1.7373737373737372,2.302325581395349,0.15166660594609369
Co,Single4_G,11,10,5,0.45454545454545453,0.5,1.9545454545454546,2.558139534883721,0.058085653057283526
Co,Single4_G,11,11,6,0.5454545454545454,0.5454545454545454,2.1322314049586772,2.813953488372093,0.01838464274081862
Co,Single4_G,11,12,6,0.5454545454545454,0.5,1.9545454545454544,3.0697674418604652,0.03203186503710343
Co,Single4_G,11,13,6,0.5454545454545454,0.46153846153846156,1.8041958041958042,3.3255813953488373,0.05165367773959588
Co,Single4_G,11,14,6,0.5454545454545454,0.42857142857142855,1.675324675324675,3.5813953488372094,0.07822488244088774
Co,Single4_G,11,15,6,0.5454545454545454,0.4,1.5636363636363635,3.8372093023255816,0.11243149079197608
Co,Single4_G,11,16,7,0.6363636363636364,0.4375,1.7102272727272727,4.093023255813954,0.042185777213848204
Co,Single4_G,11,17,7,0.6363636363636364,0.4117647058823529,1.6096256684491979,4.348837209302325,0.06299932197773797
Co,Single4_G,11,18,8,0.7272727272727273,0.4444444444444444,1.7373737373737372,4.604651162790698,0.020228631089305178
Co,Single4_G,11,19,9,0.8181818181818182,0.47368421052631576,1.8516746411483254,4.8604651162790695,0.00483118236946938
Co,Single4_G,11,20,9,0.8181818181818182,0.45,1.7590909090909093,5.116279069767442,0.008155631524888473
Co,Single4_G,11,21,9,0.8181818181818182,0.42857142857142855,1.6753246753246755,5.372093023255814,0.01321457589183057
Co,Single4_G,11,22,9,0.8181818181818182,0.4090909090909091,1.5991735537190084,5.627906976744186,0.020643794892235053
Co,Single4_G,11,23,9,0.8181818181818182,0.391304347826087,1.5296442687747038,5.883720930232558,0.03120642598804822
Co,Single4_G,11,24,9,0.8181818181818182,0.375,1.465909090909091,6.1395348837209305,0.0457828569002704
Co,Single4_G,11,25,9,0.8181818181818182,0.36,1.4072727272727272,6.395348837209302,0.06534596154562121
Co,Single4_G,11,26,10,0.9090909090909091,0.38461538461538464,1.5034965034965035,6.651162790697675,0.017041999458335247
Co,Single4_G,11,27,10,0.9090909090909091,0.37037037037037035,1.4478114478114477,6.906976744186046,0.025733369799300194
Co,Single4_G,11,28,10,0.9090909090909091,0.35714285714285715,1.3961038961038958,7.162790697674419,0.03795560934128216
Co,Single4_G,11,29,11,1.0,0.3793103448275862,1.4827586206896552,7.4186046511627906,0.0060148233382359695
Co,Single4_G,11,30,11,1.0,0.36666666666666664,1.4333333333333333,7.674418604651163,0.009497089481425216
Co,Single4_G,11,31,11,1.0,0.3548387096774194,1.3870967741935485,7.930232558139535,0.014720488696209084
Co,Single4_G,11,32,11,1.0,0.34375,1.34375,8.186046511627907,0.022431220870413847
Co,Single4_G,11,33,11,1.0,0.3333333333333333,1.303030303030303,8.44186046511628,0.03364683130562077
Co,Single4_G,11,34,11,1.0,0.3235294117647059,1.2647058823529413,8.69767441860465,0.04973879410396114
Co,Single4_G,11,35,11,1.0,0.3142857142857143,1.2285714285714286,8.953488372093023,0.07253574140160998
Co,Single4_G,11,36,11,1.0,0.3055555555555556,1.1944444444444444,9.209302325581396,0.10445146761831839
Co,Single4_G,11,37,11,1.0,0.2972972972972973,1.1621621621621623,9.465116279069768,0.1486424731491454
Co,Single4_G,11,38,11,1.0,0.2894736842105263,1.131578947368421,9.720930232558139,0.20920051776546392
Co,Single4_G,11,39,11,1.0,0.28205128205128205,1.1025641025641026,9.976744186046512,0.291386435459039
Co,Single4_G,11,40,11,1.0,0.275,1.075,10.232558139534884,0.40191232477108824
Co,Single4_G,11,41,11,1.0,0.2682926829268293,1.048780487804878,10.488372093023257,0.549280177187154
Co,Single4_G,11,42,11,1.0,0.2619047619047619,1.023809523809524,10.744186046511627,0.7441860465116279
Co,Single4_G,11,43,11,1.0,0.2558139534883721,1.0,11.0,1.0
Ni,Single4_G,11,1,1,0.09090909090909091,1.0,3.909090909090909,0.2558139534883721,0.2558139534883721
Ni,Single4_G,11,2,2,0.18181818181818182,1.0,3.909090909090909,0.5116279069767442,0.06090808416389812
Ni,Single4_G,11,3,3,0.2727272727272727,1.0,3.9090909090909087,0.7674418604651163,0.013370067255489832
Ni,Single4_G,11,4,3,0.2727272727272727,0.75,2.9318181818181817,1.0232558139534884,0.04545822866866543
Ni,Single4_G,11,5,3,0.2727272727272727,0.6,2.3454545454545452,1.2790697674418605,0.09647017758191893
Ni,Single4_G,11,6,4,0.36363636363636365,0.6666666666666666,2.606060606060606,1.5348837209302326,0.029349192169743268
Ni,Single4_G,11,7,4,0.36363636363636365,0.5714285714285714,2.2337662337662336,1.7906976744186047,0.05837448315879221
Ni,Single4_G,11,8,4,0.36363636363636365,0.5,1.9545454545454546,2.046511627906977,0.09929208087252091
Ni,Single4_G,11,9,4,0.36363636363636365,0.4444444444444444,1.7373737373737372,2.302325581395349,0.15166660594609369
Ni,Single4_G,11,10,4,0.36363636363636365,0.4,1.5636363636363637,2.558139534883721,0.21405390787196701
Ni,Single4_G,11,11,5,0.45454545454545453,0.45454545454545453,1.7768595041322313,2.813953488372093,0.09116982832100429
Ni,Single4_G,11,12,6,0.5454545454545454,0.5,1.9545454545454544,3.0697674418604652,0.03203186503710343
Ni,Single4_G,11,13,6,0.5454545454545454,0.46153846153846156,1.8041958041958042,3.3255813953488373,0.05165367773959588
Ni,Single4_G,11,14,7,0.6363636363636364,0.5,1.9545454545454544,3.5813953488372094,0.016225404804540076
Ni,Single4_G,11,15,7,0.6363636363636364,0.4666666666666667,1.8242424242424242,3.8372093023255816,0.026914969914255182
Ni,Single4_G,11,16,8,0.7272727272727273,0.5,1.9545454545454546,4.093023255813954,0.007281074814778449
Ni,Single4_G,11,17,9,0.8181818181818182,0.5294117647058824,2.0695187165775404,4.348837209302325,0.0014636244149334875
Ni,Single4_G,11,18,10,0.9090909090909091,0.5555555555555556,2.1717171717171717,4.604651162790698,0.0001957185585570217
Ni,Single4_G,11,19,10,0.9090909090909091,0.5263157894736842,2.0574162679425836,4.8604651162790695,0.00039858349557725614
Ni,Single4_G,11,20,10,0.9090909090909091,0.5,1.9545454545454546,5.116279069767442,0.0007679667350682666
Ni,Single4_G,11,21,10,0.9090909090909091,0.47619047619047616,1.8614718614718615,5.372093023255814,0.001410372368965676
Ni,Single4_G,11,22,10,0.9090909090909091,0.45454545454545453,1.7768595041322313,5.627906976744186,0.002483481780135212
Ni,Single4_G,11,23,10,0.9090909090909091,0.43478260869565216,1.6996047430830041,5.883720930232558,0.0042130354098590065
Ni,Single4_G,11,24,10,0.9090909090909091,0.4166666666666667,1.6287878787878787,6.1395348837209305,0.0069123744676779265
Ni,Single4_G,11,25,10,0.9090909090909091,0.4,1.5636363636363635,6.395348837209302,0.011004004197424503
Ni,Single4_G,11,26,10,0.9090909090909091,0.38461538461538464,1.5034965034965035,6.651162790697675,0.017041999458335247
Ni,Single4_G,11,27,10,0.9090909090909091,0.37037037037037035,1.4478114478114477,6.906976744186046,0.025733369799300194
Ni,Single4_G,11,28,10,0.9090909090909091,0.35714285714285715,1.3961038961038958,7.162790697674419,0.03795560934128216
Ni,Single4_G,11,29,10,0.9090909090909091,0.3448275862068966,1.347962382445141,7.4186046511627906,0.054766549342885405
Ni,Single4_G,11,30,10,0.9090909090909091,0.3333333333333333,1.303030303030303,7.674418604651163,0.07740127927361551
Ni,Single4_G,11,31,10,0.9090909090909091,0.3225806451612903,1.2609970674486803,7.930232558139535,0.10724927478666618
Ni,Single4_G,11,32,10,0.9090909090909091,0.3125,1.2215909090909092,8.186046511627907,0.14580293565769
Ni,Single4_G,11,33,11,1.0,0.3333333333333333,1.303030303030303,8.44186046511628,0.03364683130562077
Ni,Single4_G,11,34,11,1.0,0.3235294117647059,1.2647058823529413,8.69767441860465,0.04973879410396114
Ni,Single4_G,11,35,11,1.0,0.3142857142857143,1.2285714285714286,8.953488372093023,0.07253574140160998
Ni,Single4_G,11,36,11,1.0,0.3055555555555556,1.1944444444444444,9.209302325581396,0.10445146761831839
Ni,Single4_G,11,37,11,1.0,0.2972972972972973,1.1621621621621623,9.465116279069768,0.1486424731491454
Ni,Single4_G,11,38,11,1.0,0.2894736842105263,1.131578947368421,9.720930232558139,0.20920051776546392
Ni,Single4_G,11,39,11,1.0,0.28205128205128205,1.1025641025641026,9.976744186046512,0.291386435459039
Ni,Single4_G,11,40,11,1.0,0.275,1.075,10.232558139534884,0.40191232477108824
Ni,Single4_G,11,41,11,1.0,0.2682926829268293,1.048780487804878,10.488372093023257,0.549280177187154
Ni,Single4_G,11,42,11,1.0,0.2619047619047619,1.023809523809524,10.744186046511627,0.7441860465116279
Ni,Single4_G,11,43,11,1.0,0.2558139534883721,1.0,11.0,1.0
Mn,Single4_G,11,1,1,0.09090909090909091,1.0,3.909090909090909,0.2558139534883721,0.2558139534883721
Mn,Single4_G,11,2,1,0.09090909090909091,0.5,1.9545454545454546,0.5116279069767442,0.45071982281284606
Mn,Single4_G,11,3,1,0.09090909090909091,0.3333333333333333,1.303030303030303,0.7674418604651163,0.5980876752289117
Mn,Single4_G,11,4,1,0.09090909090909091,0.25,0.9772727272727273,1.0232558139534884,0.708613564540961
Mn,Single4_G,11,5,1,0.09090909090909091,0.2,0.7818181818181819,1.2790697674418605,0.7907994822345361
Mn,Single4_G,11,6,2,0.18181818181818182,0.3333333333333333,1.303030303030303,1.5348837209302326,0.48800925915294374
Mn,Single4_G,11,7,2,0.18181818181818182,0.2857142857142857,1.1168831168831168,1.7906976744186047,0.5862114936658924
Mn,Single4_G,11,8,2,0.18181818181818182,0.25,0.9772727272727273,2.046511627906977,0.6721384488647228
Mn,Single4_G,11,9,2,0.18181818181818182,0.2222222222222222,0.8686868686868686,2.302325581395349,0.7450886802171991
Mn,Single4_G,11,10,3,0.2727272727272727,0.3,1.1727272727272726,2.558139534883721,0.5037092382420937
Mn,Single4_G,11,11,3,0.2727272727272727,0.2727272727272727,1.0661157024793386,2.813953488372093,0.5859976843699707
Mn,Single4_G,11,12,3,0.2727272727272727,0.25,0.9772727272727272,3.0697674418604652,0.6614287599871911
Mn,Single4_G,11,13,4,0.36363636363636365,0.3076923076923077,1.202797202797203,3.3255813953488373,0.4375687936393109
Mn,Single4_G,11,14,4,0.36363636363636365,0.2857142857142857,1.1168831168831168,3.5813953488372094,0.5151735819732427
Mn,Single4_G,11,15,5,0.45454545454545453,0.3333333333333333,1.303030303030303,3.8372093023255816,0.3091194888107342
Mn,Single4_G,11,16,5,0.45454545454545453,0.3125,1.2215909090909092,4.093023255813954,0.379365202388862
Mn,Single4_G,11,17,5,0.45454545454545453,0.29411764705882354,1.1497326203208555,4.348837209302325,0.4522126090624762
Mn,Single4_G,11,18,5,0.45454545454545453,0.2777777777777778,1.0858585858585859,4.604651162790698,0.5254910654797211
Mn,Single4_G,11,19,5,0.45454545454545453,0.2631578947368421,1.0287081339712918,4.8604651162790695,0.5970945857502863
Mn,Single4_G,11,20,5,0.45454545454545453,0.25,0.9772727272727273,5.116279069767442,0.6651179300073231
Mn,Single4_G,11,21,5,0.45454545454545453,0.23809523809523808,0.9307359307359307,5.372093023255814,0.7279655850274114
Mn,Single4_G,11,22,5,0.45454545454545453,0.22727272727272727,0.8884297520661156,5.627906976744186,0.7844276494304855
Mn,Single4_G,11,23,5,0.45454545454545453,0.21739130434782608,0.8498023715415021,5.883720930232558,0.8337199278776136
Mn,Single4_G,11,24,5,0.45454545454545453,0.20833333333333334,0.8143939393939393,6.1395348837209305,0.8754886480354432
Mn,Single4_G,11,25,6,0.5454545454545454,0.24,0.938181818181818,6.395348837209302,0.7383113776223607
Mn,Single4_G,11,26,6,0.5454545454545454,0.23076923076923078,0.9020979020979021,6.651162790697675,0.7954685736278118
Mn,Single4_G,11,27,7,0.6363636363636364,0.25925925925925924,1.0134680134680134,6.906976744186046,0.6206347976111379
Mn,Single4_G,11,28,8,0.7272727272727273,0.2857142857142857,1.1168831168831168,7.162790697674419,0.4098976568767542
Mn,Single4_G,11,29,9,0.8181818181818182,0.3103448275862069,1.2131661442006272,7.4186046511627906,0.2132096588579961
Mn,Single4_G,11,30,9,0.8181818181818182,0.3,1.1727272727272728,7.674418604651163,0.2714132501084449
Mn,Single4_G,11,31,9,0.8181818181818182,0.2903225806451613,1.1348973607038124,7.930232558139535,0.3385712400128089
Mn,Single4_G,11,32,9,0.8181818181818182,0.28125,1.0994318181818183,8.186046511627907,0.4140023156300293
Mn,Single4_G,11,33,9,0.8181818181818182,0.2727272727272727,1.0661157024793388,8.44186046511628,0.4962907617579062
Mn,Single4_G,11,34,9,0.8181818181818182,0.2647058823529412,1.0347593582887702,8.69767441860465,0.5831873608689442
Mn,Single4_G,11,35,10,0.9090909090909091,0.2857142857142857,1.1168831168831168,8.953488372093023,0.32786155113527715
Mn,Single4_G,11,36,10,0.9090909090909091,0.2777777777777778,1.0858585858585859,9.209302325581396,0.4137885063341075
Mn,Single4_G,11,37,10,0.9090909090909091,0.2702702702702703,1.0565110565110565,9.465116279069768,0.5119907408470563
Mn,Single4_G,11,38,10,0.9090909090909091,0.2631578947368421,1.0287081339712918,9.720930232558139,0.6201301062333393
Mn,Single4_G,11,39,10,0.9090909090909091,0.2564102564102564,1.0023310023310024,9.976744186046512,0.733489992707236
Mn,Single4_G,11,40,10,0.9090909090909091,0.25,0.9772727272727273,10.232558139534884,0.8440158820192853
Mn,Single4_G,11,41,11,1.0,0.2682926829268293,1.048780487804878,10.488372093023257,0.549280177187154
Mn,Single4_G,11,42,11,1.0,0.2619047619047619,1.023809523809524,10.744186046511627,0.7441860465116279
Mn,Single4_G,11,43,11,1.0,0.2558139534883721,1.0,11.0,1.0
Pb,Single4_G,11,1,1,0.09090909090909091,1.0,3.909090909090909,0.2558139534883721,0.2558139534883721
Pb,Single4_G,11,2,2,0.18181818181818182,1.0,3.909090909090909,0.5116279069767442,0.06090808416389812
Pb,Single4_G,11,3,3,0.2727272727272727,1.0,3.9090909090909087,0.7674418604651163,0.013370067255489832
Pb,Single4_G,11,4,4,0.36363636363636365,1.0,3.909090909090909,1.0232558139534884,0.0026740134510979665
Pb,Single4_G,11,5,4,0.36363636363636365,0.8,3.1272727272727274,1.2790697674418605,0.01145026272649642
Pb,Single4_G,11,6,4,0.36363636363636365,0.6666666666666666,2.606060606060606,1.5348837209302326,0.029349192169743268
Pb,Single4_G,11,7,4,0.36363636363636365,0.5714285714285714,2.2337662337662336,1.7906976744186047,0.05837448315879221
Pb,Single4_G,11,8,5,0.45454545454545453,0.625,2.4431818181818183,2.046511627906977,0.01745688544506349
Pb,Single4_G,11,9,5,0.45454545454545453,0.5555555555555556,2.1717171717171717,2.302325581395349,0.03382392453055497
Pb,Single4_G,11,10,6,0.5454545454545454,0.6,2.3454545454545452,2.558139534883721,0.009562196003826422
Pb,Single4_G,11,11,7,0.6363636363636364,0.6363636363636364,2.487603305785124,2.813953488372093,0.0022101570563329213
Pb,Single4_G,11,12,8,0.7272727272727273,0.6666666666666666,2.606060606060606,3.0697674418604652,0.0004049689219037132
Pb,Single4_G,11,13,8,0.7272727272727273,0.6153846153846154,2.405594405594406,3.3255813953488373,0.000963994924823726
Pb,Single4_G,11,14,8,0.7272727272727273,0.5714285714285714,2.2337662337662336,3.5813953488372094,0.0020540956305177506
Pb,Single4_G,11,15,8,0.7272727272727273,0.5333333333333333,2.084848484848485,3.8372093023255816,0.004008758964865657
Pb,Single4_G,11,16,8,0.7272727272727273,0.5,1.9545454545454546,4.093023255813954,0.007281074814778449
Pb,Single4_G,11,17,8,0.7272727272727273,0.47058823529411764,1.8395721925133692,4.348837209302325,0.012452141836862853
Pb,Single4_G,11,18,8,0.7272727272727273,0.4444444444444444,1.7373737373737372,4.604651162790698,0.020228631089305178
Pb,Single4_G,11,19,8,0.7272727272727273,0.42105263157894735,1.645933014354067,4.8604651162790695,0.03142677561282212
Pb,Single4_G,11,20,8,0.7272727272727273,0.4,1.5636363636363637,5.116279069767442,0.046940871671444555
Pb,Single4_G,11,21,8,0.7272727272727273,0.38095238095238093,1.4891774891774894,5.372093023255814,0.0676955152281301
Pb,Single4_G,11,22,8,0.7272727272727273,0.36363636363636365,1.421487603305785,5.627906976744186,0.09458221256292726
Pb,Single4_G,11,23,8,0.7272727272727273,0.34782608695652173,1.3596837944664033,5.883720930232558,0.1283826320695294
Pb,Single4_G,11,24,9,0.8181818181818182,0.375,1.465909090909091,6.1395348837209305,0.0457828569002704
Pb,Single4_G,11,25,10,0.9090909090909091,0.4,1.5636363636363635,6.395348837209302,0.011004004197424503
Pb,Single4_G,11,26,10,0.9090909090909091,0.38461538461538464,1.5034965034965035,6.651162790697675,0.017041999458335247
Pb,Single4_G,11,27,10,0.9090909090909091,0.37037037037037035,1.4478114478114477,6.906976744186046,0.025733369799300194
Pb,Single4_G,11,28,10,0.9090909090909091,0.35714285714285715,1.3961038961038958,7.162790697674419,0.03795560934128216
Pb,Single4_G,11,29,10,0.9090909090909091,0.3448275862068966,1.347962382445141,7.4186046511627906,0.054766549342885405
Pb,Single4_G,11,30,10,0.9090909090909091,0.3333333333333333,1.303030303030303,7.674418604651163,0.07740127927361551
Pb,Single4_G,11,31,10,0.9090909090909091,0.3225806451612903,1.2609970674486803,7.930232558139535,0.10724927478666618
Pb,Single4_G,11,32,10,0.9090909090909091,0.3125,1.2215909090909092,8.186046511627907,0.14580293565769
Pb,Single4_G,11,33,10,0.9090909090909091,0.30303030303030304,1.184573002754821,8.44186046511628,0.19456645928902444
Pb,Single4_G,11,34,10,0.9090909090909091,0.29411764705882354,1.1497326203208555,8.69767441860465,0.2549113197828009
Pb,Single4_G,11,35,10,0.9090909090909091,0.2857142857142857,1.1168831168831168,8.953488372093023,0.32786155113527715
Pb,Single4_G,11,36,10,0.9090909090909091,0.2777777777777778,1.0858585858585859,9.209302325581396,0.4137885063341075
Pb,Single4_G,11,37,10,0.9090909090909091,0.2702702702702703,1.0565110565110565,9.465116279069768,0.5119907408470563
Pb,Single4_G,11,38,11,1.0,0.2894736842105263,1.131578947368421,9.720930232558139,0.20920051776546392
Pb,Single4_G,11,39,11,1.0,0.28205128205128205,1.1025641025641026,9.976744186046512,0.291386435459039
Pb,Single4_G,11,40,11,1.0,0.275,1.075,10.232558139534884,0.40191232477108824
Pb,Single4_G,11,41,11,1.0,0.2682926829268293,1.048780487804878,10.488372093023257,0.549280177187154
Pb,Single4_G,11,42,11,1.0,0.2619047619047619,1.023809523809524,10.744186046511627,0.7441860465116279
Pb,Single4_G,11,43,11,1.0,0.2558139534883721,1.0,11.0,1.0
Cd,Single4_G,11,1,0,0.0,0.0,0.0,0.2558139534883721,1.0
Cd,Single4_G,11,2,0,0.0,0.0,0.0,0.5116279069767442,1.0
Cd,Single4_G,11,3,0,0.0,0.0,0.0,0.7674418604651163,1.0
Cd,Single4_G,11,4,0,0.0,0.0,0.0,1.0232558139534884,1.0
Cd,Single4_G,11,5,0,0.0,0.0,0.0,1.2790697674418605,1.0
Cd,Single4_G,11,6,0,0.0,0.0,0.0,1.5348837209302326,1.0
Cd,Single4_G,11,7,0,0.0,0.0,0.0,1.7906976744186047,1.0
Cd,Single4_G,11,8,0,0.0,0.0,0.0,2.046511627906977,1.0
Cd,Single4_G,11,9,0,0.0,0.0,0.0,2.302325581395349,1.0
Cd,Single4_G,11,10,0,0.0,0.0,0.0,2.558139534883721,1.0
Cd,Single4_G,11,11,1,0.09090909090909091,0.09090909090909091,0.35537190082644626,2.813953488372093,0.9775687791295862
Cd,Single4_G,11,12,1,0.09090909090909091,0.08333333333333333,0.32575757575757575,3.0697674418604652,0.9852795113037909
Cd,Single4_G,11,13,1,0.09090909090909091,0.07692307692307693,0.30069930069930073,3.3255813953488373,0.9905029105185748
Cd,Single4_G,11,14,2,0.18181818181818182,0.14285714285714285,0.5584415584415584,3.5813953488372094,0.9452334506571146
Cd,Single4_G,11,15,2,0.18181818181818182,0.13333333333333333,0.5212121212121212,3.8372093023255816,0.9620443906587178
Cd,Single4_G,11,16,2,0.18181818181818182,0.125,0.48863636363636365,4.093023255813954,0.9742666302006998
Cd,Single4_G,11,17,2,0.18181818181818182,0.11764705882352941,0.4598930481283423,4.348837209302325,0.9829580005416647
Cd,Single4_G,11,18,2,0.18181818181818182,0.1111111111111111,0.4343434343434343,4.604651162790698,0.9889959958025755
Cd,Single4_G,11,19,3,0.2727272727272727,0.15789473684210525,0.617224880382775,4.8604651162790695,0.9542171430997296
Cd,Single4_G,11,20,3,0.2727272727272727,0.15,0.5863636363636363,5.116279069767442,0.9687935740119518
Cd,Single4_G,11,21,3,0.2727272727272727,0.14285714285714285,0.5584415584415584,5.372093023255814,0.979356205107765
Cd,Single4_G,11,22,3,0.2727272727272727,0.13636363636363635,0.5330578512396693,5.627906976744186,0.9867854241081694
Cd,Single4_G,11,23,3,0.2727272727272727,0.13043478260869565,0.5098814229249012,5.883720930232558,0.9918443684751115
Cd,Single4_G,11,24,3,0.2727272727272727,0.125,0.4886363636363636,6.1395348837209305,0.9951688176305307
Cd,Single4_G,11,25,3,0.2727272727272727,0.12,0.469090909090909,6.395348837209302,0.9972684697286901
Cd,Single4_G,11,26,4,0.36363636363636365,0.15384615384615385,0.6013986013986015,6.651162790697675,0.9875478581631372
Cd,Single4_G,11,27,4,0.36363636363636365,0.14814814814814814,0.5791245791245792,6.906976744186046,0.9927189251852215
Cd,Single4_G,11,28,4,0.36363636363636365,0.14285714285714285,0.5584415584415584,7.162790697674419,0.9959912410351344
Cd,Single4_G,11,29,5,0.45454545454545453,0.1724137931034483,0.6739811912225705,7.4186046511627906,0.98377459519546
Cd,Single4_G,11,30,5,0.45454545454545453,0.16666666666666666,0.6515151515151515,7.674418604651163,0.9908602497824711
Cd,Single4_G,11,31,5,0.45454545454545453,0.16129032258064516,0.6304985337243402,7.930232558139535,0.9952625795554662
Cd,Single4_G,11,32,6,0.5454545454545454,0.1875,0.7329545454545454,8.186046511627907,0.9816153572591814
Cd,Single4_G,11,33,7,0.6363636363636364,0.21212121212121213,0.8292011019283746,8.44186046511628,0.9419143469427165
Cd,Single4_G,11,34,7,0.6363636363636364,0.20588235294117646,0.8048128342245989,8.69767441860465,0.9661760754694451
Cd,Single4_G,11,35,8,0.7272727272727273,0.22857142857142856,0.8935064935064936,8.953488372093023,0.900707919127479
Cd,Single4_G,11,36,9,0.8181818181818182,0.25,0.9772727272727273,9.209302325581396,0.7574963271294286
Cd,Single4_G,11,37,9,0.8181818181818182,0.24324324324324326,0.9508599508599509,9.465116279069768,0.8364088370059053
Cd,Single4_G,11,38,9,0.8181818181818182,0.23684210526315788,0.9258373205741627,9.720930232558139,0.903529822418081
Cd,Single4_G,11,39,10,0.9090909090909091,0.2564102564102564,1.0023310023310024,9.976744186046512,0.733489992707236
Cd,Single4_G,11,40,11,1.0,0.275,1.075,10.232558139534884,0.40191232477108824
Cd,Single4_G,11,41,11,1.0,0.2682926829268293,1.048780487804878,10.488372093023257,0.549280177187154
Cd,Single4_G,11,42,11,1.0,0.2619047619047619,1.023809523809524,10.744186046511627,0.7441860465116279
Cd,Single4_G,11,43,11,1.0,0.2558139534883721,1.0,11.0,1.0
