Grouping,Model,Metal,Sample,Block,Observed_log10,Predicted_log10
Ten_code_blocks,Context,Fe,1,1,3.9699041305557037,3.952655140515101
Ten_code_blocks,Context,Fe,2,1,4.141790543325649,3.952655140515101
Ten_code_blocks,Context,Fe,3,1,4.099913613642454,3.952655140515101
Ten_code_blocks,Context,Fe,4,1,3.838437700455513,3.896336420443619
Ten_code_blocks,Context,Fe,5,2,4.194525622405122,3.959538189009576
Ten_code_blocks,Context,Fe,6,2,3.8947486240449836,3.8949317455982047
Ten_code_blocks,Context,Fe,7,3,3.981532663897732,3.935757536175882
Ten_code_blocks,Context,Fe,8,3,4.154186056538937,4.070667301941984
Ten_code_blocks,Context,Fe,9,3,4.334375495649785,4.121576175732503
Ten_code_blocks,Context,Fe,10,3,4.240471373303819,4.140558883178941
Ten_code_blocks,Context,Fe,11,3,4.37236903689325,4.160780106489431
Ten_code_blocks,Context,Fe,12,3,4.022367938399275,3.9329594273312765
Ten_code_blocks,Context,Fe,13,3,3.8058319041191244,4.067869193097378
Ten_code_blocks,Context,Fe,14,3,3.7909572959523423,4.118778066887898
Ten_code_blocks,Context,Fe,15,3,3.801818791295686,4.157981997644826
Ten_code_blocks,Context,Fe,16,4,3.9235765039866033,3.9743874036001494
Ten_code_blocks,Context,Fe,17,4,4.105525339763128,3.8860294487862537
Ten_code_blocks,Context,Fe,18,5,3.9496167552353114,3.976991777686029
Ten_code_blocks,Context,Fe,19,5,3.9221878711008795,3.8989552347056615
Ten_code_blocks,Context,Fe,20,6,3.969530818956507,3.975025465057099
Ten_code_blocks,Context,Fe,21,6,4.065836475701826,4.07143676245604
Ten_code_blocks,Context,Fe,22,6,4.067269159717916,4.158187536246847
Ten_code_blocks,Context,Fe,23,6,4.330521434952681,4.196830985436617
Ten_code_blocks,Context,Fe,25,6,3.9894919867408527,4.235750958603966
Ten_code_blocks,Context,Fe,26,6,4.013166733005109,3.903683988386694
Ten_code_blocks,Context,Fe,27,6,3.7448445376170065,4.000095285785635
Ten_code_blocks,Context,Fe,28,6,3.913446912779809,4.0366650078388
Ten_code_blocks,Context,Fe,29,6,3.9995957843997787,4.086846059576442
Ten_code_blocks,Context,Fe,30,6,4.21682429876918,4.105557379500938
Ten_code_blocks,Context,Fe,31,7,3.236736968068515,4.026394731460102
Ten_code_blocks,Context,Fe,32,7,4.058725891288905,3.906472572890789
Ten_code_blocks,Context,Fe,33,8,3.624059287220689,4.009729927839816
Ten_code_blocks,Context,Fe,34,8,3.9993210868374445,4.117294930716975
Ten_code_blocks,Context,Fe,35,8,4.281458002761675,4.139988945347191
Ten_code_blocks,Context,Fe,36,8,4.284837010720588,4.153345710783765
Ten_code_blocks,Context,Fe,37,8,4.376327216751587,4.162845353328012
Ten_code_blocks,Context,Fe,38,8,3.955664332146309,3.906011863294901
Ten_code_blocks,Context,Fe,39,8,4.230014693357475,4.01357686617206
Ten_code_blocks,Context,Fe,40,8,4.194887685353898,4.0362708808022765
Ten_code_blocks,Context,Fe,41,8,4.0770948480869995,4.04962764623885
Ten_code_blocks,Context,Fe,42,9,4.0355215587684565,3.9617668327556554
Ten_code_blocks,Context,Fe,43,9,4.280788964121205,3.8702901144080917
Ten_code_blocks,Context,Fe,44,10,3.763673617189123,3.909967214709028
Ten_code_blocks,Context,Zn,1,1,2.1989536304897537,2.0915813912037127
Ten_code_blocks,Context,Zn,2,1,2.174649876266943,2.0915813912037127
Ten_code_blocks,Context,Zn,3,1,1.9918928190648517,2.0915813912037127
Ten_code_blocks,Context,Zn,4,1,2.1466226335180894,2.1880433693117936
Ten_code_blocks,Context,Zn,5,2,2.159629191468565,2.092009252096808
Ten_code_blocks,Context,Zn,6,2,2.1973109991682187,2.184852997282186
Ten_code_blocks,Context,Zn,7,3,2.454129018500211,2.0462419610889127
Ten_code_blocks,Context,Zn,8,3,2.2693454373103394,1.9645328239541664
Ten_code_blocks,Context,Zn,9,3,1.768166858747059,1.9336994730376955
Ten_code_blocks,Context,Zn,10,3,1.7839096077554455,1.9222024502897734
Ten_code_blocks,Context,Zn,11,3,1.9656049761780043,1.9099553108842109
Ten_code_blocks,Context,Zn,12,3,2.2036008477699958,2.1945215450788154
Ten_code_blocks,Context,Zn,13,3,2.032275875134674,2.112812407944069
Ten_code_blocks,Context,Zn,14,3,1.8419980678938317,2.0819790570275982
Ten_code_blocks,Context,Zn,15,3,1.698918691946475,2.0582348948741136
Ten_code_blocks,Context,Zn,16,4,1.9201796155266406,2.1014825856184185
Ten_code_blocks,Context,Zn,17,4,2.531214205402354,2.1660589279017994
Ten_code_blocks,Context,Zn,18,5,2.011106046674824,2.098158035078652
Ten_code_blocks,Context,Zn,19,5,2.3933869112519583,2.1740122804615925
Ten_code_blocks,Context,Zn,20,6,1.9651816918008678,2.109053207937098
Ten_code_blocks,Context,Zn,21,6,1.9065108044253947,2.0213171442761575
Ten_code_blocks,Context,Zn,22,6,1.8121825285664748,1.9423723357600788
Ten_code_blocks,Context,Zn,23,6,1.8901991268088436,1.907206082326493
Ten_code_blocks,Context,Zn,25,6,2.010508198624099,1.8717881869592825
Ten_code_blocks,Context,Zn,26,6,2.3582273468460753,2.1969404212453854
Ten_code_blocks,Context,Zn,27,6,1.9536994484984977,2.109204357584445
Ten_code_blocks,Context,Zn,28,6,1.8966287369841246,2.0759252341966223
Ten_code_blocks,Context,Zn,29,6,1.9553987876610721,2.0302595490683664
Ten_code_blocks,Context,Zn,30,6,2.075072362939981,2.0132319018904345
Ten_code_blocks,Context,Zn,31,7,1.9076410462641036,2.111956624349306
Ten_code_blocks,Context,Zn,32,7,2.145074172589198,2.1949486314779723
Ten_code_blocks,Context,Zn,33,8,2.148225740344541,2.111085969292418
Ten_code_blocks,Context,Zn,34,8,2.0837855312901468,1.8904897726943166
Ten_code_blocks,Context,Zn,35,8,1.8126684133519608,1.8439484890141158
Ten_code_blocks,Context,Zn,36,8,1.9385475209128067,1.81655619992985
Ten_code_blocks,Context,Zn,37,8,1.872061859945988,1.7970741661990872
Ten_code_blocks,Context,Zn,38,8,2.10669821794358,2.1850721332654386
Ten_code_blocks,Context,Zn,39,8,2.140932741484528,1.964475936667337
Ten_code_blocks,Context,Zn,40,8,2.0259511723860424,1.9179346529871362
Ten_code_blocks,Context,Zn,41,8,2.265676703620766,1.8905423639028704
Ten_code_blocks,Context,Zn,42,9,2.0008712909893847,2.107367931493031
Ten_code_blocks,Context,Zn,43,9,2.0514838307909176,2.19957088125664
Ten_code_blocks,Context,Zn,44,10,2.0923455263267265,2.194118577809448
Ten_code_blocks,Context,Cu,1,1,1.9403631993305812,1.6941419184248423
Ten_code_blocks,Context,Cu,2,1,2.157318420174079,1.6941419184248423
Ten_code_blocks,Context,Cu,3,1,1.7039461137187781,1.6941419184248423
Ten_code_blocks,Context,Cu,4,1,2.026744854144931,1.7456230908616903
Ten_code_blocks,Context,Cu,5,2,1.957838616037878,1.7282465896168415
Ten_code_blocks,Context,Cu,6,2,2.01132550453274,1.758024852396723
Ten_code_blocks,Context,Cu,7,3,1.836637835092653,1.721932505315619
Ten_code_blocks,Context,Cu,8,3,1.9979888817750278,1.6417004694414934
Ten_code_blocks,Context,Cu,9,3,1.6338868038971461,1.6114245100616975
Ten_code_blocks,Context,Cu,10,3,1.4980690006556865,1.6001353253523334
Ten_code_blocks,Context,Cu,11,3,1.5678715874641451,1.5881095842589954
Ten_code_blocks,Context,Cu,12,3,2.076322751091403,1.754697283783835
Ten_code_blocks,Context,Cu,13,3,1.7663694198355369,1.6744652479097095
Ten_code_blocks,Context,Cu,14,3,1.5745883904455336,1.6441892885299136
Ten_code_blocks,Context,Cu,15,3,1.5940604456116887,1.6208743627272115
Ten_code_blocks,Context,Cu,16,4,1.5978356196263328,1.7554870234218596
Ten_code_blocks,Context,Cu,17,4,1.9875607116066278,1.7686833874749048
Ten_code_blocks,Context,Cu,18,5,1.6261701481254922,1.756394057314392
Ten_code_blocks,Context,Cu,19,5,1.8660122805042152,1.7769792076859139
Ten_code_blocks,Context,Cu,20,6,1.7657509329756096,1.7466234104993001
Ten_code_blocks,Context,Cu,21,6,1.6504294953088092,1.671507790638903
Ten_code_blocks,Context,Cu,22,6,1.5273821766896474,1.6039188428447295
Ten_code_blocks,Context,Cu,23,6,1.6723870171559574,1.5738110990662997
Ten_code_blocks,Context,Cu,25,6,1.7506759071181905,1.5434879109308022
Ten_code_blocks,Context,Cu,26,6,1.7211875481254704,1.8065878776750073
Ten_code_blocks,Context,Cu,27,6,1.602399810333962,1.7314722578146102
Ten_code_blocks,Context,Cu,28,6,1.6167566255481636,1.7029801887910052
Ten_code_blocks,Context,Cu,29,6,1.5432834819171881,1.6638833100204367
Ten_code_blocks,Context,Cu,30,6,1.6666443391481212,1.649305014401005
Ten_code_blocks,Context,Cu,31,7,1.520147162366568,1.7693054980699399
Ten_code_blocks,Context,Cu,32,7,1.6612468421372524,1.7947556879748632
Ten_code_blocks,Context,Cu,33,8,1.3527586259653261,1.78817515721069
Ten_code_blocks,Context,Cu,34,8,1.6116436826791583,1.6393050833975704
Ten_code_blocks,Context,Cu,35,8,1.4201913003814255,1.6078965439772293
Ten_code_blocks,Context,Cu,36,8,1.7112797326392286,1.5894107669748525
Ten_code_blocks,Context,Cu,37,8,1.4579609361314967,1.576263251993838
Ten_code_blocks,Context,Cu,38,8,1.631164747955207,1.7962363399315378
Ten_code_blocks,Context,Cu,39,8,1.5875680078206353,1.647366266118418
Ten_code_blocks,Context,Cu,40,8,1.5456717897574226,1.615957726698077
Ten_code_blocks,Context,Cu,41,8,1.7563560461439542,1.5974719496957002
Ten_code_blocks,Context,Cu,42,9,1.5617214195073925,1.7698779756032144
Ten_code_blocks,Context,Cu,43,9,1.5135808067166654,1.8046572760982487
Ten_code_blocks,Context,Cu,44,10,1.5750716262447924,1.7953499751518185
Ten_code_blocks,Context,Cr,1,1,1.5392769858727735,1.5634547035258601
Ten_code_blocks,Context,Cr,2,1,1.5663786143980676,1.5634547035258601
Ten_code_blocks,Context,Cr,3,1,1.638657479648857,1.5634547035258601
Ten_code_blocks,Context,Cr,4,1,1.4293978573405213,1.5101038685892965
Ten_code_blocks,Context,Cr,5,2,1.659728242155406,1.5581565057169284
Ten_code_blocks,Context,Cr,6,2,1.5169626684485797,1.5025765506543205
Ten_code_blocks,Context,Cr,7,3,1.454984804820921,1.543939351983442
Ten_code_blocks,Context,Cr,8,3,1.6299029284201454,1.5887050421658553
Ten_code_blocks,Context,Cr,9,3,1.7028764766931734,1.605597598895908
Ten_code_blocks,Context,Cr,10,3,1.7098135184786756,1.6118964312713482
Ten_code_blocks,Context,Cr,11,3,1.7879579935686536,1.6186062273538364
Ten_code_blocks,Context,Cr,12,3,1.5389022010418798,1.5430252485198646
Ten_code_blocks,Context,Cr,13,3,1.3737003766354485,1.587790938702278
Ten_code_blocks,Context,Cr,14,3,1.191896047836166,1.6046834954323306
Ten_code_blocks,Context,Cr,15,3,1.370609114870662,1.6176921238902593
Ten_code_blocks,Context,Cr,16,4,1.4151299242035673,1.5697832168018038
Ten_code_blocks,Context,Cr,17,4,1.7791780967059945,1.4892156566170844
Ten_code_blocks,Context,Cr,18,5,1.3497610177741644,1.582260576552705
Ten_code_blocks,Context,Cr,19,5,1.4702192649062535,1.5136988919277232
Ten_code_blocks,Context,Cr,20,6,1.4546167055182608,1.5714030676244848
Ten_code_blocks,Context,Cr,21,6,1.6439816915194139,1.6073457196559728
Ten_code_blocks,Context,Cr,22,6,1.556100190143346,1.6396868763455577
Ten_code_blocks,Context,Cr,23,6,1.7225002052378007,1.6540933627739796
Ten_code_blocks,Context,Cr,25,6,1.3618028668703182,1.6686029388337273
Ten_code_blocks,Context,Cr,26,6,1.5221519105774202,1.515650725099926
Ten_code_blocks,Context,Cr,27,6,1.2932383769391433,1.551593377131414
Ten_code_blocks,Context,Cr,28,6,1.5461487948373298,1.5652267668907722
Ten_code_blocks,Context,Cr,29,6,1.4181035020994708,1.583934533820999
Ten_code_blocks,Context,Cr,30,6,1.6318991482906486,1.5909102148795489
Ten_code_blocks,Context,Cr,31,7,1.1935799776319382,1.5899452491950126
Ten_code_blocks,Context,Cr,32,7,1.62710026540888,1.5059484545639603
Ten_code_blocks,Context,Cr,33,8,1.6689242261555788,1.5590926235195137
Ten_code_blocks,Context,Cr,34,8,1.661756870761001,1.5553284199972899
Ten_code_blocks,Context,Cr,35,8,1.7685762881701927,1.5545342500765955
Ten_code_blocks,Context,Cr,36,8,1.7166288867147004,1.5540668342614414
Ten_code_blocks,Context,Cr,37,8,1.7907227690496925,1.553734397251555
Ten_code_blocks,Context,Cr,38,8,1.515441783279631,1.5135559015820987
Ten_code_blocks,Context,Cr,39,8,1.6320040630107877,1.509791698059875
Ten_code_blocks,Context,Cr,40,8,1.6542253445593238,1.5089975281391805
Ten_code_blocks,Context,Cr,41,8,1.594113341877074,1.5085301123240265
Ten_code_blocks,Context,Cr,42,9,1.6457511849282858,1.5519751303796663
Ten_code_blocks,Context,Cr,43,9,1.8088679912525394,1.4813170185960611
Ten_code_blocks,Context,Cr,44,10,1.6748360705413563,1.4933194140797363
Ten_code_blocks,Context,Co,1,1,1.6828148947268338,1.58198553105533
Ten_code_blocks,Context,Co,2,1,1.6334649812376287,1.58198553105533
Ten_code_blocks,Context,Co,3,1,1.5768947223416294,1.58198553105533
Ten_code_blocks,Context,Co,4,1,1.4762245604602662,1.5432289136709676
Ten_code_blocks,Context,Co,5,2,1.733565106370176,1.5807661224117613
Ten_code_blocks,Context,Co,6,2,1.5124893055550932,1.540436995559287
Ten_code_blocks,Context,Co,7,3,1.6240360756658063,1.5781902044352354
Ten_code_blocks,Context,Co,8,3,1.7056784709120685,1.6138617978886411
Ten_code_blocks,Context,Co,9,3,1.6478524600339701,1.6273226518061745
Ten_code_blocks,Context,Co,10,3,1.5938164763706606,1.6323418838745798
Ten_code_blocks,Context,Co,11,3,1.7410802113792543,1.6376885928616294
Ten_code_blocks,Context,Co,12,3,1.6319324760845337,1.5416806007200416
Ten_code_blocks,Context,Co,13,3,1.5454658163634933,1.5773521941734474
Ten_code_blocks,Context,Co,14,3,1.4916440335743009,1.5908130480909808
Ten_code_blocks,Context,Co,15,3,1.5973897869027276,1.6011789891464356
Ten_code_blocks,Context,Co,16,4,1.581371319958306,1.5900819364827665
Ten_code_blocks,Context,Co,17,4,1.5914469030883158,1.5383554062755918
Ten_code_blocks,Context,Co,18,5,1.5409259033626792,1.594528785703631
Ten_code_blocks,Context,Co,19,5,1.53269269164338,1.5437038843145137
Ten_code_blocks,Context,Co,20,6,1.6428786292044255,1.5864399152119029
Ten_code_blocks,Context,Co,21,6,1.6798821710165428,1.6092629514888124
Ten_code_blocks,Context,Co,22,6,1.5899773804988853,1.6297990931101087
Ten_code_blocks,Context,Co,23,6,1.683486032641178,1.6389469924384785
Ten_code_blocks,Context,Co,25,6,1.625731884581958,1.6481603521116626
Ten_code_blocks,Context,Co,26,6,1.553829418272936,1.5424338195501615
Ten_code_blocks,Context,Co,27,6,1.4699144151719274,1.565256855827071
Ten_code_blocks,Context,Co,28,6,1.5215778122599195,1.5739138505525154
Ten_code_blocks,Context,Co,29,6,1.624462121062192,1.5857929974483673
Ten_code_blocks,Context,Co,30,6,1.684974800687395,1.590222448611736
Ten_code_blocks,Context,Co,31,7,1.3174037085394468,1.6103265580494754
Ten_code_blocks,Context,Co,32,7,1.563062518709283,1.5469817712308862
Ten_code_blocks,Context,Co,33,8,1.36672428210215,1.6047040366200322
Ten_code_blocks,Context,Co,34,8,1.5229469969188343,1.6415227225031879
Ten_code_blocks,Context,Co,35,8,1.6585088512884099,1.6492907118468216
Ten_code_blocks,Context,Co,36,8,1.7265398591290513,1.6538626315034946
Ten_code_blocks,Context,Co,37,8,1.7071819838497393,1.657114287204544
Ten_code_blocks,Context,Co,38,8,1.5268378575361417,1.5538190043030564
Ten_code_blocks,Context,Co,39,8,1.5408358236038475,1.590637690186212
Ten_code_blocks,Context,Co,40,8,1.6229801112560343,1.5984056795298458
Ten_code_blocks,Context,Co,41,8,1.4889644774518103,1.6029775991865187
Ten_code_blocks,Context,Co,42,9,1.585724932096703,1.588875754731876
Ten_code_blocks,Context,Co,43,9,1.6272004329589924,1.5356015219379633
Ten_code_blocks,Context,Co,44,10,1.6684441945719664,1.532499854925206
Ten_code_blocks,Context,Ni,1,1,1.9799457185199092,1.7965093437882205
Ten_code_blocks,Context,Ni,2,1,1.9100869998875398,1.7965093437882205
Ten_code_blocks,Context,Ni,3,1,1.826042318017792,1.7965093437882205
Ten_code_blocks,Context,Ni,4,1,1.8001323802752696,1.7813714451891025
Ten_code_blocks,Context,Ni,5,2,1.9387386015708294,1.8112567513322575
Ten_code_blocks,Context,Ni,6,2,1.7555798701479046,1.7892254576878965
Ten_code_blocks,Context,Ni,7,3,1.8361847614338342,1.8067660468468907
Ten_code_blocks,Context,Ni,8,3,1.956824321969751,1.8353533245561895
Ten_code_blocks,Context,Ni,9,3,1.8635227289439695,1.8461408765517984
Ten_code_blocks,Context,Ni,10,3,1.780317262908934,1.8501632979559428
Ten_code_blocks,Context,Ni,11,3,1.9465196283038422,1.85444815993844
Ten_code_blocks,Context,Ni,12,3,1.8522915298837745,1.7939044343116204
Ten_code_blocks,Context,Ni,13,3,1.742055197824842,1.8224917120209192
Ten_code_blocks,Context,Ni,14,3,1.7517853367360183,1.833279264016528
Ten_code_blocks,Context,Ni,15,3,1.7878222403782134,1.8415865474031696
Ten_code_blocks,Context,Ni,16,4,1.7998751615811301,1.8176141342051808
Ten_code_blocks,Context,Ni,17,4,1.9142882803440324,1.780911659351714
Ten_code_blocks,Context,Ni,18,5,1.7498811167186816,1.8246503365060576
Ten_code_blocks,Context,Ni,19,5,1.7793873805050169,1.79213210347208
Ten_code_blocks,Context,Ni,20,6,1.8442144456902358,1.8151623352915685
Ten_code_blocks,Context,Ni,21,6,1.8880790224863195,1.8350189581740715
Ten_code_blocks,Context,Ni,22,6,1.8093363011179682,1.8528859244570945
Ten_code_blocks,Context,Ni,23,6,1.9072420261542706,1.8608448298773306
Ten_code_blocks,Context,Ni,25,6,1.8030294602003294,1.8688606874648843
Ten_code_blocks,Context,Ni,26,6,1.8520752477668028,1.7887384270451165
Ten_code_blocks,Context,Ni,27,6,1.6597906094906874,1.8085950499276195
Ten_code_blocks,Context,Ni,28,6,1.8336636248862164,1.816126855839565
Ten_code_blocks,Context,Ni,29,6,1.7977692139477586,1.8264620162106426
Ten_code_blocks,Context,Ni,30,6,1.8891963054106937,1.8303157515445543
Ten_code_blocks,Context,Ni,31,7,1.5405366541201015,1.8376735287882668
Ten_code_blocks,Context,Ni,32,7,1.8795331683093488,1.789895111086515
Ten_code_blocks,Context,Ni,33,8,1.6828817009047188,1.8270685738356567
Ten_code_blocks,Context,Ni,34,8,1.8538499541950157,1.8452914776757101
Ten_code_blocks,Context,Ni,35,8,1.8774536128324149,1.8491361375119906
Ten_code_blocks,Context,Ni,36,8,1.9080414306298896,1.8513989464708
Ten_code_blocks,Context,Ni,37,8,1.905777762969521,1.85300830888393
Ten_code_blocks,Context,Ni,38,8,1.776157801620899,1.7951599957169322
Ten_code_blocks,Context,Ni,39,8,1.9737802269951705,1.8133828995569856
Ten_code_blocks,Context,Ni,40,8,1.8528290847240552,1.817227559393266
Ten_code_blocks,Context,Ni,41,8,1.668161123059277,1.8194903683520756
Ten_code_blocks,Context,Ni,42,9,1.6562853523182692,1.8304068935361297
Ten_code_blocks,Context,Ni,43,9,1.8268304813339766,1.7909344279967554
Ten_code_blocks,Context,Ni,44,10,1.7150096794441172,1.7951393654279246
Ten_code_blocks,Context,Mn,1,1,2.5685462281861318,2.5705060505257253
Ten_code_blocks,Context,Mn,2,1,2.6611622159911597,2.5705060505257253
Ten_code_blocks,Context,Mn,3,1,2.6638832274593565,2.5705060505257253
Ten_code_blocks,Context,Mn,4,1,2.488157505401859,2.5018365897077657
Ten_code_blocks,Context,Mn,5,2,2.712531039694305,2.5759869197714242
Ten_code_blocks,Context,Mn,6,2,2.3863869707160568,2.510359063176512
Ten_code_blocks,Context,Mn,7,3,2.5085860980768895,2.5722081932017615
Ten_code_blocks,Context,Mn,8,3,2.6697281553156773,2.6899991454269814
Ten_code_blocks,Context,Mn,9,3,2.738398832507747,2.734448149444195
Ten_code_blocks,Context,Mn,10,3,2.8366294668774223,2.7510221251918456
Ten_code_blocks,Context,Mn,11,3,2.9307837770497738,2.7686774604848523
Ten_code_blocks,Context,Mn,12,3,2.509384832487739,2.535692946640227
Ten_code_blocks,Context,Mn,13,3,2.371103996065788,2.653483898865447
Ten_code_blocks,Context,Mn,14,3,2.422847844782801,2.6979329028826604
Ten_code_blocks,Context,Mn,15,3,2.6436898216542395,2.732162213923318
Ten_code_blocks,Context,Mn,16,4,2.5746864716873072,2.5789052253627376
Ten_code_blocks,Context,Mn,17,4,2.681160023005942,2.4919493995015314
Ten_code_blocks,Context,Mn,18,5,2.4958781717163117,2.5875105671652436
Ten_code_blocks,Context,Mn,19,5,2.569079210005922,2.502193154719872
Ten_code_blocks,Context,Mn,20,6,2.5898420070662436,2.5787367942414696
Ten_code_blocks,Context,Mn,21,6,2.78149435424105,2.663742431045007
Ten_code_blocks,Context,Mn,22,6,2.665869475606822,2.7402304046356227
Ten_code_blocks,Context,Mn,23,6,2.863771552954755,2.7743022519738956
Ten_code_blocks,Context,Mn,25,6,2.6920949011241344,2.808617909917769
Ten_code_blocks,Context,Mn,26,6,2.5984939227907087,2.5009009231020234
Ten_code_blocks,Context,Mn,27,6,2.319989468181798,2.5859065599055606
Ten_code_blocks,Context,Mn,28,6,2.74163664288831,2.6181500064177934
Ten_code_blocks,Context,Mn,29,6,2.6164519758121028,2.6623945334961765
Ten_code_blocks,Context,Mn,30,6,2.8006096076677993,2.6788922646597233
Ten_code_blocks,Context,Mn,31,7,2.548084506719318,2.582908744501932
Ten_code_blocks,Context,Mn,32,7,2.598880216451015,2.498696876089408
Ten_code_blocks,Context,Mn,33,8,2.1888219738773858,2.6211310493827527
Ten_code_blocks,Context,Mn,34,8,2.5766188912060906,2.736900355794461
Ten_code_blocks,Context,Mn,35,8,2.8309233723863803,2.7613253105953985
Ten_code_blocks,Context,Mn,36,8,2.8502199193439695,2.7757008363624722
Ten_code_blocks,Context,Mn,37,8,2.8889432971001243,2.7859250449720565
Ten_code_blocks,Context,Mn,38,8,2.479702447196275,2.513559294574928
Ten_code_blocks,Context,Mn,39,8,2.7833688970758037,2.629328600986636
Ten_code_blocks,Context,Mn,40,8,2.780794947729865,2.6537535557875738
Ten_code_blocks,Context,Mn,41,8,2.6484961120836967,2.6681290815546475
Ten_code_blocks,Context,Mn,42,9,2.62769507640225,2.569713072201322
Ten_code_blocks,Context,Mn,43,9,2.8942443382137326,2.474867771407184
Ten_code_blocks,Context,Mn,44,10,2.3032026516767665,2.5196113474169826
Ten_code_blocks,Context,Pb,1,1,2.1390423893344774,2.1255172450275506
Ten_code_blocks,Context,Pb,2,1,2.1980607261505636,2.1255172450275506
Ten_code_blocks,Context,Pb,3,1,1.9729088099776286,2.1255172450275506
Ten_code_blocks,Context,Pb,4,1,1.9187507773905221,2.0938345460686945
Ten_code_blocks,Context,Pb,5,2,2.1921723027231748,2.110863405804263
Ten_code_blocks,Context,Pb,6,2,2.112623375847017,2.076192573356678
Ten_code_blocks,Context,Pb,7,3,2.1880373037413365,2.0911943907924266
Ten_code_blocks,Context,Pb,8,3,2.413446419603822,2.0218143800907864
Ten_code_blocks,Context,Pb,9,3,1.9410876009978146,1.9956334865999596
Ten_code_blocks,Context,Pb,10,3,2.035328696851712,1.9858712545013337
Ten_code_blocks,Context,Pb,11,3,2.0616352870928294,1.9754720911663795
Ten_code_blocks,Context,Pb,12,3,2.2121717176595186,2.0728667042858797
Ten_code_blocks,Context,Pb,13,3,2.051043779040838,2.0034866935842395
Ten_code_blocks,Context,Pb,14,3,1.9430364525853001,1.977305800093413
Ten_code_blocks,Context,Pb,15,3,1.93428242242007,1.9571444046598327
Ten_code_blocks,Context,Pb,16,4,1.9300685096781087,2.1301061233230714
Ten_code_blocks,Context,Pb,17,4,2.1191857166759074,2.0821863187740695
Ten_code_blocks,Context,Pb,18,5,2.085804610916909,2.1167684400938214
Ten_code_blocks,Context,Pb,19,5,2.1923102770027367,2.0729241416899558
Ten_code_blocks,Context,Pb,20,6,2.0521981836199616,2.1157479737859632
Ten_code_blocks,Context,Pb,21,6,2.077552819396845,2.0646644559565557
Ten_code_blocks,Context,Pb,22,6,1.9932907068763837,2.018699565749547
Ten_code_blocks,Context,Pb,23,6,2.007733142631876,1.9982243374419455
Ten_code_blocks,Context,Pb,25,6,2.0685711817722483,1.9776025929280479
Ten_code_blocks,Context,Pb,26,6,2.18260867001439,2.093596315263501
Ten_code_blocks,Context,Pb,27,6,1.9420832942253636,2.0425127974340933
Ten_code_blocks,Context,Pb,28,6,1.8247984530826944,2.023136333275653
Ten_code_blocks,Context,Pb,29,6,1.869208533367542,1.9965479072270846
Ten_code_blocks,Context,Pb,30,6,2.0535002840738064,1.9866337159366227
Ten_code_blocks,Context,Pb,31,7,1.8558808777672784,2.1358352578992625
Ten_code_blocks,Context,Pb,32,7,2.109613760928575,2.084728764156698
Ten_code_blocks,Context,Pb,33,8,1.8678001347657514,2.1354436805301584
Ten_code_blocks,Context,Pb,34,8,2.116832117933757,2.032359496184823
Ten_code_blocks,Context,Pb,35,8,1.9515809611464396,2.0106108425790716
Ten_code_blocks,Context,Pb,36,8,2.033330762423285,1.9978104778350336
Ten_code_blocks,Context,Pb,37,8,1.8462816193154556,1.9887065604171696
Ten_code_blocks,Context,Pb,38,8,1.9579261567138497,2.0956183565136017
Ten_code_blocks,Context,Pb,39,8,1.8630052023004837,1.9925341721682663
Ten_code_blocks,Context,Pb,40,8,1.9934400944196455,1.9707855185625147
Ten_code_blocks,Context,Pb,41,8,1.9512612429461265,1.957985153818477
Ten_code_blocks,Context,Pb,42,9,2.37987783156262,2.0957863967157038
Ten_code_blocks,Context,Pb,43,9,2.1603629004817453,2.068018928296081
Ten_code_blocks,Context,Pb,44,10,2.255752266560607,2.067551959158268
Ten_code_blocks,Context,Cd,1,1,0.9141139345900874,0.9961210775255509
Ten_code_blocks,Context,Cd,2,1,1.0498607664433768,0.9961210775255509
Ten_code_blocks,Context,Cd,3,1,1.074960553998697,0.9961210775255509
Ten_code_blocks,Context,Cd,4,1,1.3095835916514824,0.9032184778853182
Ten_code_blocks,Context,Cd,5,2,0.8387245155661224,1.0232561574382137
Ten_code_blocks,Context,Cd,6,2,0.8347611161955296,0.9435031289818149
Ten_code_blocks,Context,Cd,7,3,1.0112577445672106,1.0095503192002204
Ten_code_blocks,Context,Cd,8,3,0.8215840920732526,0.9639501385185536
Ten_code_blocks,Context,Cd,9,3,1.179598158358791,0.9467426826315375
Ten_code_blocks,Context,Cd,10,3,0.6097008766229677,0.9403264318548108
Ten_code_blocks,Context,Cd,11,3,0.7260301739502105,0.9334915564747632
Ten_code_blocks,Context,Cd,12,3,1.199123329611036,0.8943500633000926
Ten_code_blocks,Context,Cd,13,3,1.1174675566546795,0.8487498826184257
Ten_code_blocks,Context,Cd,14,3,0.8539197650431718,0.8315424267314097
Ten_code_blocks,Context,Cd,15,3,0.6660267827402552,0.8182913005746353
Ten_code_blocks,Context,Cd,16,4,1.6993429884446185,0.9618997731410052
Ten_code_blocks,Context,Cd,17,4,0.7393035046433206,0.9292930306363264
Ten_code_blocks,Context,Cd,18,5,0.6308366584963743,1.0358033009704481
Ten_code_blocks,Context,Cd,19,5,0.9498015066690076,0.9401277199827361
Ten_code_blocks,Context,Cd,20,6,0.7836544547210236,0.9930802808219984
Ten_code_blocks,Context,Cd,21,6,0.758250631863743,0.8837157167324827
Ten_code_blocks,Context,Cd,22,6,1.5783119746726995,0.7853096085686067
Ten_code_blocks,Context,Cd,23,6,1.706712623365046,0.7414742480914335
Ten_code_blocks,Context,Cd,25,6,1.1159995751084812,0.6973252114675409
Ten_code_blocks,Context,Cd,26,6,0.9970737783040711,0.9696421830611757
Ten_code_blocks,Context,Cd,27,6,0.8748852399674495,0.86027761897166
Ten_code_blocks,Context,Cd,28,6,1.1776029670043586,0.8187945996666722
Ten_code_blocks,Context,Cd,29,6,0.7359019498464204,0.7618715108077839
Ten_code_blocks,Context,Cd,30,6,0.7296323991616593,0.7406462456958092
Ten_code_blocks,Context,Cd,31,7,0.884101645697944,1.0210498405210537
Ten_code_blocks,Context,Cd,32,7,0.7881126092955352,0.9458340030148396
Ten_code_blocks,Context,Cd,33,8,0.9801351990164437,0.9974110089424759
Ten_code_blocks,Context,Cd,34,8,0.8004995804885306,1.0092487694966539
Ten_code_blocks,Context,Cd,35,8,0.5710491285272509,1.0117462947513347
Ten_code_blocks,Context,Cd,36,8,0.6442197760203031,1.013216235594427
Ten_code_blocks,Context,Cd,37,8,0.9002452743695599,1.0142616917444864
Ten_code_blocks,Context,Cd,38,8,0.7621768752011353,0.9427272352249625
Ten_code_blocks,Context,Cd,39,8,0.5880746747401445,0.9545649957791406
Ten_code_blocks,Context,Cd,40,8,0.6365469676977639,0.9570625210338214
Ten_code_blocks,Context,Cd,41,8,0.5678100188480059,0.9585324618769137
Ten_code_blocks,Context,Cd,42,9,0.6674262609880519,1.0411677797218168
Ten_code_blocks,Context,Cd,43,9,0.6232198615571751,0.9633947794824183
Ten_code_blocks,Context,Cd,44,10,1.5616978655130405,0.8858659738605045
Ten_code_blocks,ContextF,Fe,1,1,3.9699041305557037,3.927633149429709
Ten_code_blocks,ContextF,Fe,2,1,4.141790543325649,4.277002007507384
Ten_code_blocks,ContextF,Fe,3,1,4.099913613642454,3.865370282974617
Ten_code_blocks,ContextF,Fe,4,1,3.838437700455513,3.9658165977384807
Ten_code_blocks,ContextF,Fe,5,2,4.194525622405122,4.206334478995739
Ten_code_blocks,ContextF,Fe,6,2,3.8947486240449836,3.9189090236465747
Ten_code_blocks,ContextF,Fe,7,3,3.981532663897732,4.056571494202774
Ten_code_blocks,ContextF,Fe,8,3,4.154186056538937,4.325306069844201
Ten_code_blocks,ContextF,Fe,9,3,4.334375495649785,4.046074632330981
Ten_code_blocks,ContextF,Fe,10,3,4.240471373303819,4.083967834514558
Ten_code_blocks,ContextF,Fe,11,3,4.37236903689325,4.282416140775548
Ten_code_blocks,ContextF,Fe,12,3,4.022367938399275,4.0677156155192975
Ten_code_blocks,ContextF,Fe,13,3,3.8058319041191244,3.959511581657365
Ten_code_blocks,ContextF,Fe,14,3,3.7909572959523423,3.834873251271195
Ten_code_blocks,ContextF,Fe,15,3,3.801818791295686,4.151292570954923
Ten_code_blocks,ContextF,Fe,16,4,3.9235765039866033,3.851860177720365
Ten_code_blocks,ContextF,Fe,17,4,4.105525339763128,3.953972875260876
Ten_code_blocks,ContextF,Fe,18,5,3.9496167552353114,3.9793399170000745
Ten_code_blocks,ContextF,Fe,19,5,3.9221878711008795,3.951313056613175
Ten_code_blocks,ContextF,Fe,20,6,3.969530818956507,3.8493950320396677
Ten_code_blocks,ContextF,Fe,21,6,4.065836475701826,4.046940970183576
Ten_code_blocks,ContextF,Fe,22,6,4.067269159717916,4.048705073033339
Ten_code_blocks,ContextF,Fe,23,6,4.330521434952681,4.213461816421742
Ten_code_blocks,ContextF,Fe,25,6,3.9894919867408527,4.203817305435937
Ten_code_blocks,ContextF,Fe,26,6,4.013166733005109,3.9548308938844596
Ten_code_blocks,ContextF,Fe,27,6,3.7448445376170065,3.771741103146983
Ten_code_blocks,ContextF,Fe,28,6,3.913446912779809,3.9943838035645047
Ten_code_blocks,ContextF,Fe,29,6,3.9995957843997787,4.013685104057058
Ten_code_blocks,ContextF,Fe,30,6,4.21682429876918,4.180170406325019
Ten_code_blocks,ContextF,Fe,31,7,3.236736968068515,3.86471920294979
Ten_code_blocks,ContextF,Fe,32,7,4.058725891288905,3.9662191282855597
Ten_code_blocks,ContextF,Fe,33,8,3.624059287220689,3.7801417028822666
Ten_code_blocks,ContextF,Fe,34,8,3.9993210868374445,4.228933857329128
Ten_code_blocks,ContextF,Fe,35,8,4.281458002761675,4.178680031833656
Ten_code_blocks,ContextF,Fe,36,8,4.284837010720588,4.2026382647847536
Ten_code_blocks,ContextF,Fe,37,8,4.376327216751587,4.230496429896179
Ten_code_blocks,ContextF,Fe,38,8,3.955664332146309,3.825765770436197
Ten_code_blocks,ContextF,Fe,39,8,4.230014693357475,4.056665186300363
Ten_code_blocks,ContextF,Fe,40,8,4.194887685353898,4.079630569110411
Ten_code_blocks,ContextF,Fe,41,8,4.0770948480869995,4.159924455951612
Ten_code_blocks,ContextF,Fe,42,9,4.0355215587684565,3.886201857935435
Ten_code_blocks,ContextF,Fe,43,9,4.280788964121205,3.86572908442158
Ten_code_blocks,ContextF,Fe,44,10,3.763673617189123,3.9546762587807587
Ten_code_blocks,ContextF,Zn,1,1,2.1989536304897537,2.0718550299127956
Ten_code_blocks,ContextF,Zn,2,1,2.174649876266943,2.3472838035350265
Ten_code_blocks,ContextF,Zn,3,1,1.9918928190648517,2.022769415801998
Ten_code_blocks,ContextF,Zn,4,1,2.1466226335180894,2.2428188296338027
Ten_code_blocks,ContextF,Zn,5,2,2.159629191468565,2.2996936072362875
Ten_code_blocks,ContextF,Zn,6,2,2.1973109991682187,2.2050303894534977
Ten_code_blocks,ContextF,Zn,7,3,2.454129018500211,2.115158316377811
Ten_code_blocks,ContextF,Zn,8,3,2.2693454373103394,2.109787363128939
Ten_code_blocks,ContextF,Zn,9,3,1.768166858747059,1.890630846904602
Ten_code_blocks,ContextF,Zn,10,3,1.7839096077554455,1.8899210079827697
Ten_code_blocks,ContextF,Zn,11,3,1.9656049761780043,1.9793406061903107
Ten_code_blocks,ContextF,Zn,12,3,2.2036008477699958,2.2713910185586603
Ten_code_blocks,ContextF,Zn,13,3,2.032275875134674,2.0510015727540307
Ten_code_blocks,ContextF,Zn,14,3,1.8419980678938317,1.9200301774377515
Ten_code_blocks,ContextF,Zn,15,3,1.698918691946475,2.0544190203347013
Ten_code_blocks,ContextF,Zn,16,4,1.9201796155266406,2.012289372688678
Ten_code_blocks,ContextF,Zn,17,4,2.531214205402354,2.2155180783984654
Ten_code_blocks,ContextF,Zn,18,5,2.011106046674824,2.0999592348031864
Ten_code_blocks,ContextF,Zn,19,5,2.3933869112519583,2.214174673652197
Ten_code_blocks,ContextF,Zn,20,6,1.9651816918008678,2.0130278109721798
Ten_code_blocks,ContextF,Zn,21,6,1.9065108044253947,2.0025938292287035
Ten_code_blocks,ContextF,Zn,22,6,1.8121825285664748,1.8586896106570343
Ten_code_blocks,ContextF,Zn,23,6,1.8901991268088436,1.9199178282693057
Ten_code_blocks,ContextF,Zn,25,6,2.010508198624099,1.8473797562283734
Ten_code_blocks,ContextF,Zn,26,6,2.3582273468460753,2.2360344670588606
Ten_code_blocks,ContextF,Zn,27,6,1.9536994484984977,1.9346622461723664
Ten_code_blocks,ContextF,Zn,28,6,1.8966287369841246,2.0436076712695668
Ten_code_blocks,ContextF,Zn,29,6,1.9553987876610721,1.9743391034617919
Ten_code_blocks,ContextF,Zn,30,6,2.075072362939981,2.0702622356037828
Ten_code_blocks,ContextF,Zn,31,7,1.9076410462641036,1.9396779049511599
Ten_code_blocks,ContextF,Zn,32,7,2.145074172589198,2.258613554343553
Ten_code_blocks,ContextF,Zn,33,8,2.148225740344541,1.9225189918017875
Ten_code_blocks,ContextF,Zn,34,8,2.0837855312901468,1.9821818225171888
Ten_code_blocks,ContextF,Zn,35,8,1.8126684133519608,1.875726517856537
Ten_code_blocks,ContextF,Zn,36,8,1.9385475209128067,1.857041498870939
Ten_code_blocks,ContextF,Zn,37,8,1.872061859945988,1.852637812961919
Ten_code_blocks,ContextF,Zn,38,8,2.10669821794358,2.1191638612336474
Ten_code_blocks,ContextF,Zn,39,8,2.140932741484528,1.999865531640012
Ten_code_blocks,ContextF,Zn,40,8,2.0259511723860424,1.9535471299367388
Ten_code_blocks,ContextF,Zn,41,8,2.265676703620766,1.9811320970576989
Ten_code_blocks,ContextF,Zn,42,9,2.0008712909893847,2.0497855125185587
Ten_code_blocks,ContextF,Zn,43,9,2.0514838307909176,2.196095261232108
Ten_code_blocks,ContextF,Zn,44,10,2.0923455263267265,2.2291944029293775
Ten_code_blocks,ContextF,Cu,1,1,1.9403631993305812,1.6742540237999348
Ten_code_blocks,ContextF,Cu,2,1,2.157318420174079,1.951938202127776
Ten_code_blocks,ContextF,Cu,3,1,1.7039461137187781,1.624766462123575
Ten_code_blocks,ContextF,Cu,4,1,2.026744854144931,1.8008470912158017
Ten_code_blocks,ContextF,Cu,5,2,1.957838616037878,1.9715801410787774
Ten_code_blocks,ContextF,Cu,6,2,2.01132550453274,1.7816657111074714
Ten_code_blocks,ContextF,Cu,7,3,1.836637835092653,1.8381406309752566
Ten_code_blocks,ContextF,Cu,8,3,1.9979888817750278,1.8866315553977178
Ten_code_blocks,ContextF,Cu,9,3,1.6338868038971461,1.5388013381501582
Ten_code_blocks,ContextF,Cu,10,3,1.4980690006556865,1.5457017168371878
Ten_code_blocks,ContextF,Cu,11,3,1.5678715874641451,1.7051084458798929
Ten_code_blocks,ContextF,Cu,12,3,2.076322751091403,1.884316115135108
Ten_code_blocks,ContextF,Cu,13,3,1.7663694198355369,1.5702385912216126
Ten_code_blocks,ContextF,Cu,14,3,1.5745883904455336,1.3711078745328809
Ten_code_blocks,ContextF,Cu,15,3,1.5940604456116887,1.614439959367975
Ten_code_blocks,ContextF,Cu,16,4,1.5978356196263328,1.6368147988015727
Ten_code_blocks,ContextF,Cu,17,4,1.9875607116066278,1.8344891503180083
Ten_code_blocks,ContextF,Cu,18,5,1.6261701481254922,1.7587124386180786
Ten_code_blocks,ContextF,Cu,19,5,1.8660122805042152,1.828673498005961
Ten_code_blocks,ContextF,Cu,20,6,1.7657509329756096,1.604091811865045
Ten_code_blocks,ContextF,Cu,21,6,1.6504294953088092,1.6437165592585077
Ten_code_blocks,ContextF,Cu,22,6,1.5273821766896474,1.4797076136907856
Ten_code_blocks,ContextF,Cu,23,6,1.6723870171559574,1.5926792894401818
Ten_code_blocks,ContextF,Cu,25,6,1.7506759071181905,1.5072581971031054
Ten_code_blocks,ContextF,Cu,26,6,1.7211875481254704,1.8646156184914422
Ten_code_blocks,ContextF,Cu,27,6,1.602399810333962,1.4723973989244068
Ten_code_blocks,ContextF,Cu,28,6,1.6167566255481636,1.655010859284987
Ten_code_blocks,ContextF,Cu,29,6,1.5432834819171881,1.5808799509032974
Ten_code_blocks,ContextF,Cu,30,6,1.6666443391481212,1.733955793171317
Ten_code_blocks,ContextF,Cu,31,7,1.520147162366568,1.54804477982223
Ten_code_blocks,ContextF,Cu,32,7,1.6612468421372524,1.8765217157793088
Ten_code_blocks,ContextF,Cu,33,8,1.3527586259653261,1.5708007855262291
Ten_code_blocks,ContextF,Cu,34,8,1.6116436826791583,1.7450049359589608
Ten_code_blocks,ContextF,Cu,35,8,1.4201913003814255,1.644529305157987
Ten_code_blocks,ContextF,Cu,36,8,1.7112797326392286,1.6360810086942101
Ten_code_blocks,ContextF,Cu,37,8,1.4579609361314967,1.6403153620944393
Ten_code_blocks,ContextF,Cu,38,8,1.631164747955207,1.720259255224693
Ten_code_blocks,ContextF,Cu,39,8,1.5875680078206353,1.68816233271356
Ten_code_blocks,ContextF,Cu,40,8,1.5456717897574226,1.6570107249699055
Ten_code_blocks,ContextF,Cu,41,8,1.7563560461439542,1.7019010845720426
Ten_code_blocks,ContextF,Cu,42,9,1.5617214195073925,1.6978284998938737
Ten_code_blocks,ContextF,Cu,43,9,1.5135808067166654,1.8003084382933738
Ten_code_blocks,ContextF,Cu,44,10,1.5750716262447924,1.8400143246101877
Ten_code_blocks,ContextF,Cr,1,1,1.5392769858727735,1.546470101512576
Ten_code_blocks,ContextF,Cr,2,1,1.5663786143980676,1.7836171370955771
Ten_code_blocks,ContextF,Cr,3,1,1.638657479648857,1.504206877801198
Ten_code_blocks,ContextF,Cr,4,1,1.4293978573405213,1.5572661090016764
Ten_code_blocks,ContextF,Cr,5,2,1.659728242155406,1.715240160907691
Ten_code_blocks,ContextF,Cr,6,2,1.5169626684485797,1.5178378760072027
Ten_code_blocks,ContextF,Cr,7,3,1.454984804820921,1.6066753042989843
Ten_code_blocks,ContextF,Cr,8,3,1.6299029284201454,1.7209331875035505
Ten_code_blocks,ContextF,Cr,9,3,1.7028764766931734,1.5663913572997727
Ten_code_blocks,ContextF,Cr,10,3,1.7098135184786756,1.582509981324026
Ten_code_blocks,ContextF,Cr,11,3,1.7879579935686536,1.6817690652531383
Ten_code_blocks,ContextF,Cr,12,3,1.5389022010418798,1.6130010852067664
Ten_code_blocks,ContextF,Cr,13,3,1.3737003766354485,1.531523285068966
Ten_code_blocks,ContextF,Cr,14,3,1.191896047836166,1.4572581543081065
Ten_code_blocks,ContextF,Cr,15,3,1.370609114870662,1.6142184561064217
Ten_code_blocks,ContextF,Cr,16,4,1.4151299242035673,1.5002287189871124
Ten_code_blocks,ContextF,Cr,17,4,1.7791780967059945,1.5277848062433759
Ten_code_blocks,ContextF,Cr,18,5,1.3497610177741644,1.5837209925755151
Ten_code_blocks,ContextF,Cr,19,5,1.4702192649062535,1.5462626336000191
Ten_code_blocks,ContextF,Cr,20,6,1.4546167055182608,1.505541224931486
Ten_code_blocks,ContextF,Cr,21,6,1.6439816915194139,1.5945037833628333
Ten_code_blocks,ContextF,Cr,22,6,1.556100190143346,1.5822906181569891
Ten_code_blocks,ContextF,Cr,23,6,1.7225002052378007,1.662812087591589
Ten_code_blocks,ContextF,Cr,25,6,1.3618028668703182,1.6518616987452384
Ten_code_blocks,ContextF,Cr,26,6,1.5221519105774202,1.5424645262086125
Ten_code_blocks,ContextF,Cr,27,6,1.2932383769391433,1.431878536594738
Ten_code_blocks,ContextF,Cr,28,6,1.5461487948373298,1.5430608158715802
Ten_code_blocks,ContextF,Cr,29,6,1.4181035020994708,1.5455798515361845
Ten_code_blocks,ContextF,Cr,30,6,1.6318991482906486,1.6300261465651003
Ten_code_blocks,ContextF,Cr,31,7,1.1935799776319382,1.4828539049733978
Ten_code_blocks,ContextF,Cr,32,7,1.62710026540888,1.5455236394344936
Ten_code_blocks,ContextF,Cr,33,8,1.6689242261555788,1.395340099932097
Ten_code_blocks,ContextF,Cr,34,8,1.661756870761001,1.6349542630330587
Ten_code_blocks,ContextF,Cr,35,8,1.7685762881701927,1.5821304521626083
Ten_code_blocks,ContextF,Cr,36,8,1.7166288867147004,1.5892244740455526
Ten_code_blocks,ContextF,Cr,37,8,1.7907227690496925,1.6019861510751292
Ten_code_blocks,ContextF,Cr,38,8,1.515441783279631,1.4563208224918156
Ten_code_blocks,ContextF,Cr,39,8,1.6320040630107877,1.5405242025663963
Ten_code_blocks,ContextF,Cr,40,8,1.6542253445593238,1.53992358448956
Ten_code_blocks,ContextF,Cr,41,8,1.594113341877074,1.5871986979513837
Ten_code_blocks,ContextF,Cr,42,9,1.6457511849282858,1.504915539189318
Ten_code_blocks,ContextF,Cr,43,9,1.8088679912525394,1.478476546445005
Ten_code_blocks,ContextF,Cr,44,10,1.6748360705413563,1.5199312128043876
Ten_code_blocks,ContextF,Co,1,1,1.6828148947268338,1.5703794031507006
Ten_code_blocks,ContextF,Co,2,1,1.6334649812376287,1.732429642834114
Ten_code_blocks,ContextF,Co,3,1,1.5768947223416294,1.5414995754295338
Ten_code_blocks,ContextF,Co,4,1,1.4762245604602662,1.575456397957433
Ten_code_blocks,ContextF,Co,5,2,1.733565106370176,1.6857222655085506
Ten_code_blocks,ContextF,Co,6,2,1.5124893055550932,1.5506339179929964
Ten_code_blocks,ContextF,Co,7,3,1.6240360756658063,1.627292798939417
Ten_code_blocks,ContextF,Co,8,3,1.7056784709120685,1.7173550065339858
Ten_code_blocks,ContextF,Co,9,3,1.6478524600339701,1.596636448567477
Ten_code_blocks,ContextF,Co,10,3,1.5938164763706606,1.609341500801997
Ten_code_blocks,ContextF,Co,11,3,1.7410802113792543,1.6871253050279384
Ten_code_blocks,ContextF,Co,12,3,1.6319324760845337,1.5964497563175493
Ten_code_blocks,ContextF,Co,13,3,1.5454658163634933,1.5333122509179156
Ten_code_blocks,ContextF,Co,14,3,1.4916440335743009,1.4754251966648384
Ten_code_blocks,ContextF,Co,15,3,1.5973897869027276,1.5984601956263482
Ten_code_blocks,ContextF,Co,16,4,1.581371319958306,1.5341620413519186
Ten_code_blocks,ContextF,Co,17,4,1.5914469030883158,1.5693639372858281
Ten_code_blocks,ContextF,Co,18,5,1.5409259033626792,1.5955839100352018
Ten_code_blocks,ContextF,Co,19,5,1.53269269164338,1.5672306024747944
Ten_code_blocks,ContextF,Co,20,6,1.6428786292044255,1.5251084969691981
Ten_code_blocks,ContextF,Co,21,6,1.6798821710165428,1.5973043707137193
Ten_code_blocks,ContextF,Co,22,6,1.5899773804988853,1.5763509390258386
Ten_code_blocks,ContextF,Co,23,6,1.683486032641178,1.6470659842016522
Ten_code_blocks,ContextF,Co,25,6,1.625731884581958,1.6325706881152469
Ten_code_blocks,ContextF,Co,26,6,1.553829418272936,1.56740318547178
Ten_code_blocks,ContextF,Co,27,6,1.4699144151719274,1.4537768143554388
Ten_code_blocks,ContextF,Co,28,6,1.5215778122599195,1.5532726240529435
Ten_code_blocks,ContextF,Co,29,6,1.624462121062192,1.550076610469324
Ten_code_blocks,ContextF,Co,30,6,1.684974800687395,1.6266477210922263
Ten_code_blocks,ContextF,Co,31,7,1.3174037085394468,1.5304478321681647
Ten_code_blocks,ContextF,Co,32,7,1.563062518709283,1.5765006400708728
Ten_code_blocks,ContextF,Co,33,8,1.36672428210215,1.5000831467608335
Ten_code_blocks,ContextF,Co,34,8,1.5229469969188343,1.6923953830991258
Ten_code_blocks,ContextF,Co,35,8,1.6585088512884099,1.6669218246731934
Ten_code_blocks,ContextF,Co,36,8,1.7265398591290513,1.6763247192868271
Ten_code_blocks,ContextF,Co,37,8,1.7071819838497393,1.6879421566730373
Ten_code_blocks,ContextF,Co,38,8,1.5268378575361417,1.517251721097858
Ten_code_blocks,ContextF,Co,39,8,1.5408358236038475,1.6102725751860618
Ten_code_blocks,ContextF,Co,40,8,1.6229801112560343,1.6181642240965508
Ten_code_blocks,ContextF,Co,41,8,1.4889644774518103,1.653238671516833
Ten_code_blocks,ContextF,Co,42,9,1.585724932096703,1.5554634676671673
Ten_code_blocks,ContextF,Co,43,9,1.6272004329589924,1.533584788079682
Ten_code_blocks,ContextF,Co,44,10,1.6684441945719664,1.55180330901648
Ten_code_blocks,ContextF,Ni,1,1,1.9799457185199092,1.7841163056474194
Ten_code_blocks,ContextF,Ni,2,1,1.9100869998875398,1.9571537577266276
Ten_code_blocks,ContextF,Ni,3,1,1.826042318017792,1.7532783888685237
Ten_code_blocks,ContextF,Ni,4,1,1.8001323802752696,1.8157839939070015
Ten_code_blocks,ContextF,Ni,5,2,1.9387386015708294,1.9353853087778903
Ten_code_blocks,ContextF,Ni,6,2,1.7555798701479046,1.801285059296106
Ten_code_blocks,ContextF,Ni,7,3,1.8361847614338342,1.864967524445644
Ten_code_blocks,ContextF,Ni,8,3,1.956824321969751,1.9580241879885107
Ten_code_blocks,ContextF,Ni,9,3,1.8635227289439695,1.80976841215512
Ten_code_blocks,ContextF,Ni,10,3,1.780317262908934,1.822900863176703
Ten_code_blocks,ContextF,Ni,11,3,1.9465196283038422,1.9130456683747483
Ten_code_blocks,ContextF,Ni,12,3,1.8522915298837745,1.8588225066619422
Ten_code_blocks,ContextF,Ni,13,3,1.742055197824842,1.7702910127153264
Ten_code_blocks,ContextF,Ni,14,3,1.7517853367360183,1.6965096387500864
Ten_code_blocks,ContextF,Ni,15,3,1.7878222403782134,1.8383639519017938
Ten_code_blocks,ContextF,Ni,16,4,1.7998751615811301,1.7557608758560925
Ten_code_blocks,ContextF,Ni,17,4,1.9142882803440324,1.8152103409768123
Ten_code_blocks,ContextF,Ni,18,5,1.7498811167186816,1.8258438839789164
Ten_code_blocks,ContextF,Ni,19,5,1.7793873805050169,1.818745322563584
Ten_code_blocks,ContextF,Ni,20,6,1.8442144456902358,1.7501866833719593
Ten_code_blocks,ContextF,Ni,21,6,1.8880790224863195,1.822349813971012
Ten_code_blocks,ContextF,Ni,22,6,1.8093363011179682,1.7962619500728356
Ten_code_blocks,ContextF,Ni,23,6,1.9072420261542706,1.8694462416473063
Ten_code_blocks,ContextF,Ni,25,6,1.8030294602003294,1.8523447057641793
Ten_code_blocks,ContextF,Ni,26,6,1.8520752477668028,1.8151914404477443
Ten_code_blocks,ContextF,Ni,27,6,1.6597906094906874,1.6904910083419529
Ten_code_blocks,ContextF,Ni,28,6,1.8336636248862164,1.7942591543146693
Ten_code_blocks,ContextF,Ni,29,6,1.7977692139477586,1.7886234076366039
Ten_code_blocks,ContextF,Ni,30,6,1.8891963054106937,1.8689053666811775
Ten_code_blocks,ContextF,Ni,31,7,1.5405366541201015,1.7467272351541179
Ten_code_blocks,ContextF,Ni,32,7,1.8795331683093488,1.8235039560405306
Ten_code_blocks,ContextF,Ni,33,8,1.6828817009047188,1.7025968356279675
Ten_code_blocks,ContextF,Ni,34,8,1.8538499541950157,1.9058167561372894
Ten_code_blocks,ContextF,Ni,35,8,1.8774536128324149,1.8701125912870247
Ten_code_blocks,ContextF,Ni,36,8,1.9080414306298896,1.8781230081178375
Ten_code_blocks,ContextF,Ni,37,8,1.905777762969521,1.8896854820865985
Ten_code_blocks,ContextF,Ni,38,8,1.776157801620899,1.7516544079876597
Ten_code_blocks,ContextF,Ni,39,8,1.9737802269951705,1.8367433227834418
Ten_code_blocks,ContextF,Ni,40,8,1.8528290847240552,1.8407351054481864
Ten_code_blocks,ContextF,Ni,41,8,1.668161123059277,1.8792880153187206
Ten_code_blocks,ContextF,Ni,42,9,1.6562853523182692,1.7943055777410102
Ten_code_blocks,ContextF,Ni,43,9,1.8268304813339766,1.788755386922689
Ten_code_blocks,ContextF,Ni,44,10,1.7150096794441172,1.817779006242695
Ten_code_blocks,ContextF,Mn,1,1,2.5685462281861318,2.5563566099009014
Ten_code_blocks,ContextF,Mn,2,1,2.6611622159911597,2.753917783057052
Ten_code_blocks,ContextF,Mn,3,1,2.6638832274593565,2.52114819147284
Ten_code_blocks,ContextF,Mn,4,1,2.488157505401859,2.5411262545422275
Ten_code_blocks,ContextF,Mn,5,2,2.712531039694305,2.7141478488556063
Ten_code_blocks,ContextF,Mn,6,2,2.3863869707160568,2.5237819675980426
Ten_code_blocks,ContextF,Mn,7,3,2.5085860980768895,2.635111879758754
Ten_code_blocks,ContextF,Mn,8,3,2.6697281553156773,2.822580823098815
Ten_code_blocks,ContextF,Mn,9,3,2.738398832507747,2.695137083916146
Ten_code_blocks,ContextF,Mn,10,3,2.8366294668774223,2.7215571060396457
Ten_code_blocks,ContextF,Mn,11,3,2.9307837770497738,2.8320091739700324
Ten_code_blocks,ContextF,Mn,12,3,2.509384832487739,2.6058558745157256
Ten_code_blocks,ContextF,Mn,13,3,2.371103996065788,2.5970658049845268
Ten_code_blocks,ContextF,Mn,14,3,2.422847844782801,2.5501133973781873
Ten_code_blocks,ContextF,Mn,15,3,2.6436898216542395,2.728679258753074
Ten_code_blocks,ContextF,Mn,16,4,2.5746864716873072,2.5109268388837838
Ten_code_blocks,ContextF,Mn,17,4,2.681160023005942,2.529644568639922
Ten_code_blocks,ContextF,Mn,18,5,2.4958781717163117,2.588809462994368
Ten_code_blocks,ContextF,Mn,19,5,2.569079210005922,2.5311553871099135
Ten_code_blocks,ContextF,Mn,20,6,2.5898420070662436,2.5168137437102502
Ten_code_blocks,ContextF,Mn,21,6,2.78149435424105,2.651668492061771
Ten_code_blocks,ContextF,Mn,22,6,2.665869475606822,2.6862666640114714
Ten_code_blocks,ContextF,Mn,23,6,2.863771552954755,2.7824995634272844
Ten_code_blocks,ContextF,Mn,25,6,2.6920949011241344,2.792877860542185
Ten_code_blocks,ContextF,Mn,26,6,2.5984939227907087,2.5261111555081652
Ten_code_blocks,ContextF,Mn,27,6,2.319989468181798,2.4733511284633507
Ten_code_blocks,ContextF,Mn,28,6,2.74163664288831,2.597309664743298
Ten_code_blocks,ContextF,Mn,29,6,2.6164519758121028,2.626333609110836
Ten_code_blocks,ContextF,Mn,30,6,2.8006096076677993,2.715668912796196
Ten_code_blocks,ContextF,Mn,31,7,2.548084506719318,2.4551320894001356
Ten_code_blocks,ContextF,Mn,32,7,2.598880216451015,2.545916236202467
Ten_code_blocks,ContextF,Mn,33,8,2.1888219738773858,2.5136307896866796
Ten_code_blocks,ContextF,Mn,34,8,2.5766188912060906,2.789173130694901
Ten_code_blocks,ContextF,Mn,35,8,2.8309233723863803,2.7794416658483185
Ten_code_blocks,ContextF,Mn,36,8,2.8502199193439695,2.7987811243744942
Ten_code_blocks,ContextF,Mn,37,8,2.8889432971001243,2.817601357209506
Ten_code_blocks,ContextF,Mn,38,8,2.479702447196275,2.475985608801188
Ten_code_blocks,ContextF,Mn,39,8,2.7833688970758037,2.6495038761102485
Ten_code_blocks,ContextF,Mn,40,8,2.780794947729865,2.674055893829202
Ten_code_blocks,ContextF,Mn,41,8,2.6484961120836967,2.71977343609401
Ten_code_blocks,ContextF,Mn,42,9,2.62769507640225,2.5273144772924367
Ten_code_blocks,ContextF,Mn,43,9,2.8942443382137326,2.4723086325571346
Ten_code_blocks,ContextF,Mn,44,10,2.3032026516767665,2.5450232290012402
Ten_code_blocks,ContextF,Pb,1,1,2.1390423893344774,2.1085920304635613
Ten_code_blocks,ContextF,Pb,2,1,2.1980607261505636,2.3449098704292655
Ten_code_blocks,ContextF,Pb,3,1,1.9729088099776286,2.0664765820755737
Ten_code_blocks,ContextF,Pb,4,1,1.9187507773905221,2.1408318815183973
Ten_code_blocks,ContextF,Pb,5,2,2.1921723027231748,2.2870504255215827
Ten_code_blocks,ContextF,Pb,6,2,2.112623375847017,2.0933098694088703
Ten_code_blocks,ContextF,Pb,7,3,2.1880373037413365,2.16098141815769
Ten_code_blocks,ContextF,Pb,8,3,2.413446419603822,2.1689040289531594
Ten_code_blocks,ContextF,Pb,9,3,1.9410876009978146,1.9520207421660036
Ten_code_blocks,ContextF,Pb,10,3,2.035328696851712,1.953181976488515
Ten_code_blocks,ContextF,Pb,11,3,2.0616352870928294,2.0457339830202823
Ten_code_blocks,ContextF,Pb,12,3,2.2121717176595186,2.1507073275574284
Ten_code_blocks,ContextF,Pb,13,3,2.051043779040838,1.9408949556898856
Ten_code_blocks,ContextF,Pb,14,3,1.9430364525853001,1.8133108986751294
Ten_code_blocks,ContextF,Pb,15,3,1.93428242242007,1.953280321311432
Ten_code_blocks,ContextF,Pb,16,4,1.9300685096781087,2.0499409327985
Ten_code_blocks,ContextF,Pb,17,4,2.1191857166759074,2.1266392776093115
Ten_code_blocks,ContextF,Pb,18,5,2.085804610916909,2.1183371296513744
Ten_code_blocks,ContextF,Pb,19,5,2.1923102770027367,2.107902121059073
Ten_code_blocks,ContextF,Pb,20,6,2.0521981836199616,2.0270666939687496
Ten_code_blocks,ContextF,Pb,21,6,2.077552819396845,2.04737311852594
Ten_code_blocks,ContextF,Pb,22,6,1.9932907068763837,1.9414169780666102
Ten_code_blocks,ContextF,Pb,23,6,2.007733142631876,2.0099638765071326
Ten_code_blocks,ContextF,Pb,25,6,2.0685711817722483,1.9550609430732935
Ten_code_blocks,ContextF,Pb,26,6,2.18260867001439,2.1297004098629566
Ten_code_blocks,ContextF,Pb,27,6,1.9420832942253636,1.8813198389954346
Ten_code_blocks,ContextF,Pb,28,6,1.8247984530826944,1.9932904494623138
Ten_code_blocks,ContextF,Pb,29,6,1.869208533367542,1.944904312500247
Ten_code_blocks,ContextF,Pb,30,6,2.0535002840738064,2.039302313432242
Ten_code_blocks,ContextF,Pb,31,7,1.8558808777672784,1.99945185709245
Ten_code_blocks,ContextF,Pb,32,7,2.109613760928575,2.1351287132789376
Ten_code_blocks,ContextF,Pb,33,8,1.8678001347657514,1.983848325523307
Ten_code_blocks,ContextF,Pb,34,8,2.116832117933757,2.106073828509498
Ten_code_blocks,ContextF,Pb,35,8,1.9515809611464396,2.0361582720807396
Ten_code_blocks,ContextF,Pb,36,8,2.033330762423285,2.0303579755316417
Ten_code_blocks,ContextF,Pb,37,8,1.8462816193154556,2.0333760506353338
Ten_code_blocks,ContextF,Pb,38,8,1.9579261567138497,2.0426324730386223
Ten_code_blocks,ContextF,Pb,39,8,1.8630052023004837,2.0209850615277123
Ten_code_blocks,ContextF,Pb,40,8,1.9934400944196455,1.9994155902627218
Ten_code_blocks,ContextF,Pb,41,8,1.9512612429461265,2.0308132965841645
Ten_code_blocks,ContextF,Pb,42,9,2.37987783156262,2.042363797614335
Ten_code_blocks,ContextF,Pb,43,9,2.1603629004817453,2.0647943910413753
Ten_code_blocks,ContextF,Pb,44,10,2.255752266560607,2.0968573682854883
Ten_code_blocks,ContextF,Cd,1,1,0.9141139345900874,1.0043566196307667
Ten_code_blocks,ContextF,Cd,2,1,1.0498607664433768,0.8893680908949384
Ten_code_blocks,ContextF,Cd,3,1,1.074960553998697,1.0248493316828369
Ten_code_blocks,ContextF,Cd,4,1,1.3095835916514824,0.8803503166891515
Ten_code_blocks,ContextF,Cd,5,2,0.8387245155661224,0.9784733486643028
Ten_code_blocks,ContextF,Cd,6,2,0.8347611161955296,0.9391522943002288
Ten_code_blocks,ContextF,Cd,7,3,1.0112577445672106,0.983674251181963
Ten_code_blocks,ContextF,Cd,8,3,0.8215840920732526,0.9094113237496797
Ten_code_blocks,ContextF,Cd,9,3,1.179598158358791,0.9629136872443183
Ten_code_blocks,ContextF,Cd,10,3,0.6097008766229677,0.9524471656539477
Ten_code_blocks,ContextF,Cd,11,3,0.7260301739502105,0.9074394152481828
Ten_code_blocks,ContextF,Cd,12,3,1.199123329611036,0.8654878329056684
Ten_code_blocks,ContextF,Cd,13,3,1.1174675566546795,0.87195803645851
Ten_code_blocks,ContextF,Cd,14,3,0.8539197650431718,0.8923494761782406
Ten_code_blocks,ContextF,Cd,15,3,0.6660267827402552,0.8197240494296343
Ten_code_blocks,ContextF,Cd,16,4,1.6993429884446185,0.9695578735274467
Ten_code_blocks,ContextF,Cd,17,4,0.7393035046433206,0.9250464839867513
Ten_code_blocks,ContextF,Cd,18,5,0.6308366584963743,1.0352232488430066
Ten_code_blocks,ContextF,Cd,19,5,0.9498015066690076,0.9271939618346907
Ten_code_blocks,ContextF,Cd,20,6,0.7836544547210236,1.0187759471854387
Ten_code_blocks,ContextF,Cd,21,6,0.758250631863743,0.8887259335280738
Ten_code_blocks,ContextF,Cd,22,6,1.5783119746726995,0.8077024697552879
Ten_code_blocks,ContextF,Cd,23,6,1.706712623365046,0.7380726814958517
Ten_code_blocks,ContextF,Cd,25,6,1.1159995751084812,0.7038567220089216
Ten_code_blocks,ContextF,Cd,26,6,0.9970737783040711,0.9591809135452873
Ten_code_blocks,ContextF,Cd,27,6,0.8748852399674495,0.9069837613357877
Ten_code_blocks,ContextF,Cd,28,6,1.1776029670043586,0.82744253386846
Ten_code_blocks,ContextF,Cd,29,6,0.7359019498464204,0.7768353970151638
Ten_code_blocks,ContextF,Cd,30,6,0.7296323991616593,0.7253853618670317
Ten_code_blocks,ContextF,Cd,31,7,0.884101645697944,1.087641381742676
Ten_code_blocks,ContextF,Cd,32,7,0.7881126092955352,0.9212253609829907
Ten_code_blocks,ContextF,Cd,33,8,0.9801351990164437,1.0334287859317588
Ten_code_blocks,ContextF,Cd,34,8,0.8004995804885306,0.9917348662344865
Ten_code_blocks,ContextF,Cd,35,8,0.5710491285272509,1.0056764411044412
Ten_code_blocks,ContextF,Cd,36,8,0.6442197760203031,1.0054832248201682
Ten_code_blocks,ContextF,Cd,37,8,0.9002452743695599,1.0036485978483705
Ten_code_blocks,ContextF,Cd,38,8,0.7621768752011353,0.95531623397427
Ten_code_blocks,ContextF,Cd,39,8,0.5880746747401445,0.9478053045732402
Ten_code_blocks,ContextF,Cd,40,8,0.6365469676977639,0.9502602576159315
Ten_code_blocks,ContextF,Cd,41,8,0.5678100188480059,0.9412291097751326
Ten_code_blocks,ContextF,Cd,42,9,0.6674262609880519,1.063349001531442
Ten_code_blocks,ContextF,Cd,43,9,0.6232198615571751,0.9647336169273006
Ten_code_blocks,ContextF,Cd,44,10,1.5616978655130405,0.8726431020819789
Ten_code_blocks,ContextFC,Fe,1,1,3.9699041305557037,3.9241559941977813
Ten_code_blocks,ContextFC,Fe,2,1,4.141790543325649,4.245781560148665
Ten_code_blocks,ContextFC,Fe,3,1,4.099913613642454,3.885884979002134
Ten_code_blocks,ContextFC,Fe,4,1,3.838437700455513,3.928666831158522
Ten_code_blocks,ContextFC,Fe,5,2,4.194525622405122,4.1649905607939415
Ten_code_blocks,ContextFC,Fe,6,2,3.8947486240449836,3.803319118482615
Ten_code_blocks,ContextFC,Fe,7,3,3.981532663897732,4.02744332987624
Ten_code_blocks,ContextFC,Fe,8,3,4.154186056538937,4.282869033306432
Ten_code_blocks,ContextFC,Fe,9,3,4.334375495649785,4.097994772100906
Ten_code_blocks,ContextFC,Fe,10,3,4.240471373303819,4.120480347857314
Ten_code_blocks,ContextFC,Fe,11,3,4.37236903689325,4.263777135265503
Ten_code_blocks,ContextFC,Fe,12,3,4.022367938399275,4.0039355373003644
Ten_code_blocks,ContextFC,Fe,13,3,3.8058319041191244,3.773554441232274
Ten_code_blocks,ContextFC,Fe,14,3,3.7909572959523423,3.850275509653321
Ten_code_blocks,ContextFC,Fe,15,3,3.801818791295686,4.155159919513926
Ten_code_blocks,ContextFC,Fe,16,4,3.9235765039866033,3.864619678764401
Ten_code_blocks,ContextFC,Fe,17,4,4.105525339763128,4.020737996669278
Ten_code_blocks,ContextFC,Fe,18,5,3.9496167552353114,3.939038111990683
Ten_code_blocks,ContextFC,Fe,19,5,3.9221878711008795,3.996686534356541
Ten_code_blocks,ContextFC,Fe,20,6,3.969530818956507,3.902006501250855
Ten_code_blocks,ContextFC,Fe,21,6,4.065836475701826,4.086085013848146
Ten_code_blocks,ContextFC,Fe,22,6,4.067269159717916,4.0998652847532275
Ten_code_blocks,ContextFC,Fe,23,6,4.330521434952681,4.237355902402641
Ten_code_blocks,ContextFC,Fe,25,6,3.9894919867408527,4.1821117413009254
Ten_code_blocks,ContextFC,Fe,26,6,4.013166733005109,4.003100391520355
Ten_code_blocks,ContextFC,Fe,27,6,3.7448445376170065,3.626956191248561
Ten_code_blocks,ContextFC,Fe,28,6,3.913446912779809,4.00945048287413
Ten_code_blocks,ContextFC,Fe,29,6,3.9995957843997787,4.049856285570082
Ten_code_blocks,ContextFC,Fe,30,6,4.21682429876918,4.1636013058731765
Ten_code_blocks,ContextFC,Fe,31,7,3.236736968068515,3.881336215807167
Ten_code_blocks,ContextFC,Fe,32,7,4.058725891288905,4.0086350837668
Ten_code_blocks,ContextFC,Fe,33,8,3.624059287220689,3.735127723909358
Ten_code_blocks,ContextFC,Fe,34,8,3.9993210868374445,4.234969644337796
Ten_code_blocks,ContextFC,Fe,35,8,4.281458002761675,4.190245692686446
Ten_code_blocks,ContextFC,Fe,36,8,4.284837010720588,4.208330102492181
Ten_code_blocks,ContextFC,Fe,37,8,4.376327216751587,4.2268707812766735
Ten_code_blocks,ContextFC,Fe,38,8,3.955664332146309,3.8781759513285534
Ten_code_blocks,ContextFC,Fe,39,8,4.230014693357475,4.079636329145464
Ten_code_blocks,ContextFC,Fe,40,8,4.194887685353898,4.097668341631007
Ten_code_blocks,ContextFC,Fe,41,8,4.0770948480869995,4.157914390501283
Ten_code_blocks,ContextFC,Fe,42,9,4.0355215587684565,3.8499779729295196
Ten_code_blocks,ContextFC,Fe,43,9,4.280788964121205,3.93646601865559
Ten_code_blocks,ContextFC,Fe,44,10,3.763673617189123,4.045700920958313
Ten_code_blocks,ContextFC,Zn,1,1,2.1989536304897537,2.073356947344231
Ten_code_blocks,ContextFC,Zn,2,1,2.174649876266943,2.36076911867849
Ten_code_blocks,ContextFC,Zn,3,1,1.9918928190648517,2.0139083274958374
Ten_code_blocks,ContextFC,Zn,4,1,2.1466226335180894,2.2588652463965317
Ten_code_blocks,ContextFC,Zn,5,2,2.159629191468565,2.315033322284469
Ten_code_blocks,ContextFC,Zn,6,2,2.1973109991682187,2.2479173794820473
Ten_code_blocks,ContextFC,Zn,7,3,2.454129018500211,2.1205202462990074
Ten_code_blocks,ContextFC,Zn,8,3,2.2693454373103394,2.1175991982115745
Ten_code_blocks,ContextFC,Zn,9,3,1.768166858747059,1.8810733565037547
Ten_code_blocks,ContextFC,Zn,10,3,1.7839096077554455,1.8831997626754455
Ten_code_blocks,ContextFC,Zn,11,3,1.9656049761780043,1.9827716854792519
Ten_code_blocks,ContextFC,Zn,12,3,2.2036008477699958,2.2831316935268697
Ten_code_blocks,ContextFC,Zn,13,3,2.032275875134674,2.0852326744509337
Ten_code_blocks,ContextFC,Zn,14,3,1.8419980678938317,1.9171949204971726
Ten_code_blocks,ContextFC,Zn,15,3,1.698918691946475,2.0537071164975162
Ten_code_blocks,ContextFC,Zn,16,4,1.9201796155266406,2.0053169909732635
Ten_code_blocks,ContextFC,Zn,17,4,2.531214205402354,2.1790345270331906
Ten_code_blocks,ContextFC,Zn,18,5,2.011106046674824,2.116707155210567
Ten_code_blocks,ContextFC,Zn,19,5,2.3933869112519583,2.1953191560475926
Ten_code_blocks,ContextFC,Zn,20,6,1.9651816918008678,1.9997924934154447
Ten_code_blocks,ContextFC,Zn,21,6,1.9065108044253947,1.9927464735831943
Ten_code_blocks,ContextFC,Zn,22,6,1.8121825285664748,1.845819381816541
Ten_code_blocks,ContextFC,Zn,23,6,1.8901991268088436,1.9139068610709613
Ten_code_blocks,ContextFC,Zn,25,6,2.010508198624099,1.8528401632153328
Ten_code_blocks,ContextFC,Zn,26,6,2.3582273468460753,2.2238914469323796
Ten_code_blocks,ContextFC,Zn,27,6,1.9536994484984977,1.971085374344431
Ten_code_blocks,ContextFC,Zn,28,6,1.8966287369841246,2.0398173896412786
Ten_code_blocks,ContextFC,Zn,29,6,1.9553987876610721,1.9652396222858237
Ten_code_blocks,ContextFC,Zn,30,6,2.075072362939981,2.0744304770423425
Ten_code_blocks,ContextFC,Zn,31,7,1.9076410462641036,1.9352633063619311
Ten_code_blocks,ContextFC,Zn,32,7,2.145074172589198,2.2473450177638794
Ten_code_blocks,ContextFC,Zn,33,8,2.148225740344541,1.9349311885173357
Ten_code_blocks,ContextFC,Zn,34,8,2.0837855312901468,1.9805175089551692
Ten_code_blocks,ContextFC,Zn,35,8,1.8126684133519608,1.8725373917022614
Ten_code_blocks,ContextFC,Zn,36,8,1.9385475209128067,1.8554720262113362
Ten_code_blocks,ContextFC,Zn,37,8,1.872061859945988,1.8536375527075106
Ten_code_blocks,ContextFC,Zn,38,8,2.10669821794358,2.1047122288746105
Ten_code_blocks,ContextFC,Zn,39,8,2.140932741484528,1.9935314472004573
Ten_code_blocks,ContextFC,Zn,40,8,2.0259511723860424,1.9485733776503422
Ten_code_blocks,ContextFC,Zn,41,8,2.265676703620766,1.9816863543873018
Ten_code_blocks,ContextFC,Zn,42,9,2.0008712909893847,2.0609583864295895
Ten_code_blocks,ContextFC,Zn,43,9,2.0514838307909176,2.1742772025970307
Ten_code_blocks,ContextFC,Zn,44,10,2.0923455263267265,2.2104014103613805
Ten_code_blocks,ContextFC,Cu,1,1,1.9403631993305812,1.677825612555776
Ten_code_blocks,ContextFC,Cu,2,1,2.157318420174079,1.9840065428549563
Ten_code_blocks,ContextFC,Cu,3,1,1.7039461137187781,1.6036946224229403
Ten_code_blocks,ContextFC,Cu,4,1,2.026744854144931,1.839005781222166
Ten_code_blocks,ContextFC,Cu,5,2,1.957838616037878,2.0063133704158593
Ten_code_blocks,ContextFC,Cu,6,2,2.01132550453274,1.8787733598193188
Ten_code_blocks,ContextFC,Cu,7,3,1.836637835092653,1.873760577865801
Ten_code_blocks,ContextFC,Cu,8,3,1.9979888817750278,1.9385265176315891
Ten_code_blocks,ContextFC,Cu,9,3,1.6338868038971461,1.4753097771845356
Ten_code_blocks,ContextFC,Cu,10,3,1.4980690006556865,1.5010516739601336
Ten_code_blocks,ContextFC,Cu,11,3,1.5678715874641451,1.7279015192406988
Ten_code_blocks,ContextFC,Cu,12,3,2.076322751091403,1.9623108343822766
Ten_code_blocks,ContextFC,Cu,13,3,1.7663694198355369,1.7976399266303926
Ten_code_blocks,ContextFC,Cu,14,3,1.5745883904455336,1.352272920863446
Ten_code_blocks,ContextFC,Cu,15,3,1.5940604456116887,1.6097106963517824
Ten_code_blocks,ContextFC,Cu,16,4,1.5978356196263328,1.6212505640189165
Ten_code_blocks,ContextFC,Cu,17,4,1.9875607116066278,1.7530480327299012
Ten_code_blocks,ContextFC,Cu,18,5,1.6261701481254922,1.8020261631934469
Ten_code_blocks,ContextFC,Cu,19,5,1.8660122805042152,1.7799090737439538
Ten_code_blocks,ContextFC,Cu,20,6,1.7657509329756096,1.5509274240034838
Ten_code_blocks,ContextFC,Cu,21,6,1.6504294953088092,1.6041611324465415
Ten_code_blocks,ContextFC,Cu,22,6,1.5273821766896474,1.4280097352673973
Ten_code_blocks,ContextFC,Cu,23,6,1.6723870171559574,1.5685340892826487
Ten_code_blocks,ContextFC,Cu,25,6,1.7506759071181905,1.5291918752103577
Ten_code_blocks,ContextFC,Cu,26,6,1.7211875481254704,1.8158388340246103
Ten_code_blocks,ContextFC,Cu,27,6,1.602399810333962,1.6187039234917409
Ten_code_blocks,ContextFC,Cu,28,6,1.6167566255481636,1.6397858371631495
Ten_code_blocks,ContextFC,Cu,29,6,1.5432834819171881,1.5443286294480791
Ten_code_blocks,ContextFC,Cu,30,6,1.6666443391481212,1.7506990260850959
Ten_code_blocks,ContextFC,Cu,31,7,1.520147162366568,1.5330714508434486
Ten_code_blocks,ContextFC,Cu,32,7,1.6612468421372524,1.838301365297485
Ten_code_blocks,ContextFC,Cu,33,8,1.3527586259653261,1.6258587772152773
Ten_code_blocks,ContextFC,Cu,34,8,1.6116436826791583,1.7376223779504627
Ten_code_blocks,ContextFC,Cu,35,8,1.4201913003814255,1.6303829871998412
Ten_code_blocks,ContextFC,Cu,36,8,1.7112797326392286,1.6291191457275902
Ten_code_blocks,ContextFC,Cu,37,8,1.4579609361314967,1.6447500052011863
Ten_code_blocks,ContextFC,Cu,38,8,1.631164747955207,1.6561547399200005
Ten_code_blocks,ContextFC,Cu,39,8,1.5875680078206353,1.660065616522008
Ten_code_blocks,ContextFC,Cu,40,8,1.5456717897574226,1.6349481668004446
Ten_code_blocks,ContextFC,Cu,41,8,1.7563560461439542,1.7043596578726765
Ten_code_blocks,ContextFC,Cu,42,9,1.5617214195073925,1.7391326164046628
Ten_code_blocks,ContextFC,Cu,43,9,1.5135808067166654,1.7196509778155606
Ten_code_blocks,ContextFC,Cu,44,10,1.5750716262447924,1.7712679007957193
Ten_code_blocks,ContextFC,Cr,1,1,1.5392769858727735,1.543130199933495
Ten_code_blocks,ContextFC,Cr,2,1,1.5663786143980676,1.75362905359687
Ten_code_blocks,ContextFC,Cr,3,1,1.638657479648857,1.5239117977965877
Ten_code_blocks,ContextFC,Cr,4,1,1.4293978573405213,1.5215827541362887
Ten_code_blocks,ContextFC,Cr,5,2,1.659728242155406,1.6749728742525498
Ten_code_blocks,ContextFC,Cr,6,2,1.5169626684485797,1.4052580323900705
Ten_code_blocks,ContextFC,Cr,7,3,1.454984804820921,1.5741181551641183
Ten_code_blocks,ContextFC,Cr,8,3,1.6299029284201454,1.6735004378145022
Ten_code_blocks,ContextFC,Cr,9,3,1.7028764766931734,1.6244235667669829
Ten_code_blocks,ContextFC,Cr,10,3,1.7098135184786756,1.6233207694280394
Ten_code_blocks,ContextFC,Cr,11,3,1.7879579935686536,1.660935864941805
Ten_code_blocks,ContextFC,Cr,12,3,1.5389022010418798,1.5417127782908449
Ten_code_blocks,ContextFC,Cr,13,3,1.3737003766354485,1.3236751596037315
Ten_code_blocks,ContextFC,Cr,14,3,1.191896047836166,1.4744735756968104
Ten_code_blocks,ContextFC,Cr,15,3,1.370609114870662,1.6185410712352204
Ten_code_blocks,ContextFC,Cr,16,4,1.4151299242035673,1.5119100527562361
Ten_code_blocks,ContextFC,Cr,17,4,1.7791780967059945,1.5889083301661382
Ten_code_blocks,ContextFC,Cr,18,5,1.3497610177741644,1.5468593180120238
Ten_code_blocks,ContextFC,Cr,19,5,1.4702192649062535,1.5877630668932636
Ten_code_blocks,ContextFC,Cr,20,6,1.4546167055182608,1.5561598644040298
Ten_code_blocks,ContextFC,Cr,21,6,1.6439816915194139,1.6321651196353633
Ten_code_blocks,ContextFC,Cr,22,6,1.556100190143346,1.6315129712145118
Ten_code_blocks,ContextFC,Cr,23,6,1.7225002052378007,1.6858011077031165
Ten_code_blocks,ContextFC,Cr,25,6,1.3618028668703182,1.6309783031288156
Ten_code_blocks,ContextFC,Cr,26,6,1.5221519105774202,1.588905660337454
Ten_code_blocks,ContextFC,Cr,27,6,1.2932383769391433,1.292577822010392
Ten_code_blocks,ContextFC,Cr,28,6,1.5461487948373298,1.5575567959203587
Ten_code_blocks,ContextFC,Cr,29,6,1.4181035020994708,1.580380932436513
Ten_code_blocks,ContextFC,Cr,30,6,1.6318991482906486,1.614084654439311
Ten_code_blocks,ContextFC,Cr,31,7,1.1935799776319382,1.4983185344974481
Ten_code_blocks,ContextFC,Cr,32,7,1.62710026540888,1.5849980650160305
Ten_code_blocks,ContextFC,Cr,33,8,1.6689242261555788,1.3406486201376357
Ten_code_blocks,ContextFC,Cr,34,8,1.661756870761001,1.6422876765805972
Ten_code_blocks,ContextFC,Cr,35,8,1.7685762881701927,1.5961826004346154
Ten_code_blocks,ContextFC,Cr,36,8,1.7166288867147004,1.596139993048145
Ten_code_blocks,ContextFC,Cr,37,8,1.7907227690496925,1.5975810286500591
Ten_code_blocks,ContextFC,Cr,38,8,1.515441783279631,1.5199986046986271
Ten_code_blocks,ContextFC,Cr,39,8,1.6320040630107877,1.5684338835907061
Ten_code_blocks,ContextFC,Cr,40,8,1.6542253445593238,1.5618392758782578
Ten_code_blocks,ContextFC,Cr,41,8,1.594113341877074,1.5847564909643463
Ten_code_blocks,ContextFC,Cr,42,9,1.6457511849282858,1.4675504269706319
Ten_code_blocks,ContextFC,Cr,43,9,1.8088679912525394,1.5514420355201821
Ten_code_blocks,ContextFC,Cr,44,10,1.6748360705413563,1.5901713897983627
Ten_code_blocks,ContextFC,Co,1,1,1.6828148947268338,1.569408947948181
Ten_code_blocks,ContextFC,Co,2,1,1.6334649812376287,1.7237161849803893
Ten_code_blocks,ContextFC,Co,3,1,1.5768947223416294,1.547225116039631
Ten_code_blocks,ContextFC,Co,4,1,1.4762245604602662,1.5650880992059486
Ten_code_blocks,ContextFC,Co,5,2,1.733565106370176,1.673681902101429
Ten_code_blocks,ContextFC,Co,6,2,1.5124893055550932,1.516971301460725
Ten_code_blocks,ContextFC,Co,7,3,1.6240360756658063,1.6093293634519419
Ten_code_blocks,ContextFC,Co,8,3,1.7056784709120685,1.69118394544067
Ten_code_blocks,ContextFC,Co,9,3,1.6478524600339701,1.6286557708564642
Ten_code_blocks,ContextFC,Co,10,3,1.5938164763706606,1.631858888803712
Ten_code_blocks,ContextFC,Co,11,3,1.7410802113792543,1.6756305685496296
Ten_code_blocks,ContextFC,Co,12,3,1.6319324760845337,1.5571163706764803
Ten_code_blocks,ContextFC,Co,13,3,1.5454658163634933,1.418631866050036
Ten_code_blocks,ContextFC,Co,14,3,1.4916440335743009,1.484923820460941
Ten_code_blocks,ContextFC,Co,15,3,1.5973897869027276,1.600845202301279
Ten_code_blocks,ContextFC,Co,16,4,1.581371319958306,1.5382198455216476
Ten_code_blocks,ContextFC,Co,17,4,1.5914469030883158,1.5905967258649822
Ten_code_blocks,ContextFC,Co,18,5,1.5409259033626792,1.5835066988615805
Ten_code_blocks,ContextFC,Co,19,5,1.53269269164338,1.5808276379490236
Ten_code_blocks,ContextFC,Co,20,6,1.6428786292044255,1.5395395717707823
Ten_code_blocks,ContextFC,Co,21,6,1.6798821710165428,1.6080413949905432
Ten_code_blocks,ContextFC,Co,22,6,1.5899773804988853,1.5903839408268527
Ten_code_blocks,ContextFC,Co,23,6,1.683486032641178,1.6536200178995453
Ten_code_blocks,ContextFC,Co,25,6,1.625731884581958,1.6266169555101821
Ten_code_blocks,ContextFC,Co,26,6,1.553829418272936,1.5806432782017958
Ten_code_blocks,ContextFC,Co,27,6,1.4699144151719274,1.4140630043236373
Ten_code_blocks,ContextFC,Co,28,6,1.5215778122599195,1.5574053422489678
Ten_code_blocks,ContextFC,Co,29,6,1.624462121062192,1.5599981928524504
Ten_code_blocks,ContextFC,Co,30,6,1.684974800687395,1.6221028959504726
Ten_code_blocks,ContextFC,Co,31,7,1.3174037085394468,1.5357817209617572
Ten_code_blocks,ContextFC,Co,32,7,1.563062518709283,1.5901157218880886
Ten_code_blocks,ContextFC,Co,33,8,1.36672428210215,1.486439662383658
Ten_code_blocks,ContextFC,Co,34,8,1.5229469969188343,1.69422479626445
Ten_code_blocks,ContextFC,Co,35,8,1.6585088512884099,1.6704273115632031
Ten_code_blocks,ContextFC,Co,36,8,1.7265398591290513,1.6780498833494266
Ten_code_blocks,ContextFC,Co,37,8,1.7071819838497393,1.6868432429261064
Ten_code_blocks,ContextFC,Co,38,8,1.5268378575361417,1.5331369527642282
Ten_code_blocks,ContextFC,Co,39,8,1.5408358236038475,1.6172349996525053
Ten_code_blocks,ContextFC,Co,40,8,1.6229801112560343,1.6236313717071156
Ten_code_blocks,ContextFC,Co,41,8,1.4889644774518103,1.6526294319607118
Ten_code_blocks,ContextFC,Co,42,9,1.585724932096703,1.543526135028301
Ten_code_blocks,ContextFC,Co,43,9,1.6272004329589924,1.5568956591711498
Ten_code_blocks,ContextFC,Co,44,10,1.6684441945719664,1.570504841108966
Ten_code_blocks,ContextFC,Ni,1,1,1.9799457185199092,1.7826752587659713
Ten_code_blocks,ContextFC,Ni,2,1,1.9100869998875398,1.9442149829803734
Ten_code_blocks,ContextFC,Ni,3,1,1.826042318017792,1.7617803500300044
Ten_code_blocks,ContextFC,Ni,4,1,1.8001323802752696,1.8003879153008515
Ten_code_blocks,ContextFC,Ni,5,2,1.9387386015708294,1.920485180029988
Ten_code_blocks,ContextFC,Ni,6,2,1.7555798701479046,1.759627070798395
Ten_code_blocks,ContextFC,Ni,7,3,1.8361847614338342,1.8470427176163793
Ten_code_blocks,ContextFC,Ni,8,3,1.956824321969751,1.9319094052710482
Ten_code_blocks,ContextFC,Ni,9,3,1.8635227289439695,1.841718879939205
Ten_code_blocks,ContextFC,Ni,10,3,1.780317262908934,1.8453698296787824
Ten_code_blocks,ContextFC,Ni,11,3,1.9465196283038422,1.9015756502331382
Ten_code_blocks,ContextFC,Ni,12,3,1.8522915298837745,1.8195737037228428
Ten_code_blocks,ContextFC,Ni,13,3,1.742055197824842,1.6558572370995346
Ten_code_blocks,ContextFC,Ni,14,3,1.7517853367360183,1.7059878366598187
Ten_code_blocks,ContextFC,Ni,15,3,1.7878222403782134,1.8407438298468817
Ten_code_blocks,ContextFC,Ni,16,4,1.7998751615811301,1.7603959601067503
Ten_code_blocks,ContextFC,Ni,17,4,1.9142882803440324,1.8394637942792078
Ten_code_blocks,ContextFC,Ni,18,5,1.7498811167186816,1.8105380941725577
Ten_code_blocks,ContextFC,Ni,19,5,1.7793873805050169,1.8359772285033193
Ten_code_blocks,ContextFC,Ni,20,6,1.8442144456902358,1.7662915119835056
Ten_code_blocks,ContextFC,Ni,21,6,1.8880790224863195,1.8343321464135875
Ten_code_blocks,ContextFC,Ni,22,6,1.8093363011179682,1.81192253613577
Ten_code_blocks,ContextFC,Ni,23,6,1.9072420261542706,1.8767604293200977
Ten_code_blocks,ContextFC,Ni,25,6,1.8030294602003294,1.8457004436754674
Ten_code_blocks,ContextFC,Ni,26,6,1.8520752477668028,1.8299671537712228
Ten_code_blocks,ContextFC,Ni,27,6,1.6597906094906874,1.6461710867236787
Ten_code_blocks,ContextFC,Ni,28,6,1.8336636248862164,1.7988711959790569
Ten_code_blocks,ContextFC,Ni,29,6,1.7977692139477586,1.7996957211012978
Ten_code_blocks,ContextFC,Ni,30,6,1.8891963054106937,1.863833420829345
Ten_code_blocks,ContextFC,Ni,31,7,1.5405366541201015,1.7530415606454068
Ten_code_blocks,ContextFC,Ni,32,7,1.8795331683093488,1.8396216633102627
Ten_code_blocks,ContextFC,Ni,33,8,1.6828817009047188,1.6847897717177096
Ten_code_blocks,ContextFC,Ni,34,8,1.8538499541950157,1.908204450970416
Ten_code_blocks,ContextFC,Ni,35,8,1.8774536128324149,1.8746878469446946
Ten_code_blocks,ContextFC,Ni,36,8,1.9080414306298896,1.8803746401693833
Ten_code_blocks,ContextFC,Ni,37,8,1.905777762969521,1.8882512130404763
Ten_code_blocks,ContextFC,Ni,38,8,1.776157801620899,1.7723873327810913
Ten_code_blocks,ContextFC,Ni,39,8,1.9737802269951705,1.845830469000411
Ten_code_blocks,ContextFC,Ni,40,8,1.8528290847240552,1.8478706614554943
Ten_code_blocks,ContextFC,Ni,41,8,1.668161123059277,1.8784928542431056
Ten_code_blocks,ContextFC,Ni,42,9,1.6562853523182692,1.7794063010520065
Ten_code_blocks,ContextFC,Ni,43,9,1.8268304813339766,1.817850254994189
Ten_code_blocks,ContextFC,Ni,44,10,1.7150096794441172,1.854818077771616
Ten_code_blocks,ContextFC,Mn,1,1,2.5685462281861318,2.5513874772183445
Ten_code_blocks,ContextFC,Mn,2,1,2.6611622159911597,2.709301268985499
Ten_code_blocks,ContextFC,Mn,3,1,2.6638832274593565,2.5504653314058077
Ten_code_blocks,ContextFC,Mn,4,1,2.488157505401859,2.4880362694973206
Ten_code_blocks,ContextFC,Mn,5,2,2.712531039694305,2.6630490756235448
Ten_code_blocks,ContextFC,Mn,6,2,2.3863869707160568,2.3809193022101245
Ten_code_blocks,ContextFC,Mn,7,3,2.5085860980768895,2.590331560329084
Ten_code_blocks,ContextFC,Mn,8,3,2.6697281553156773,2.757340046834763
Ten_code_blocks,ContextFC,Mn,9,3,2.738398832507747,2.774956753211703
Ten_code_blocks,ContextFC,Mn,10,3,2.8366294668774223,2.777689788907666
Ten_code_blocks,ContextFC,Mn,11,3,2.9307837770497738,2.803354411821809
Ten_code_blocks,ContextFC,Mn,12,3,2.509384832487739,2.507803273470365
Ten_code_blocks,ContextFC,Mn,13,3,2.371103996065788,2.3111837268997553
Ten_code_blocks,ContextFC,Mn,14,3,2.422847844782801,2.573792131216616
Ten_code_blocks,ContextFC,Mn,15,3,2.6436898216542395,2.734624745117291
Ten_code_blocks,ContextFC,Mn,16,4,2.5746864716873072,2.5283115767166593
Ten_code_blocks,ContextFC,Mn,17,4,2.681160023005942,2.620611615710137
Ten_code_blocks,ContextFC,Mn,18,5,2.4958781717163117,2.5372051717148705
Ten_code_blocks,ContextFC,Mn,19,5,2.569079210005922,2.589253682243014
Ten_code_blocks,ContextFC,Mn,20,6,2.5898420070662436,2.580952415036559
Ten_code_blocks,ContextFC,Mn,21,6,2.78149435424105,2.699389017426811
Ten_code_blocks,ContextFC,Mn,22,6,2.665869475606822,2.7486361065243696
Ten_code_blocks,ContextFC,Mn,23,6,2.863771552954755,2.8116288569130754
Ten_code_blocks,ContextFC,Mn,25,6,2.6920949011241344,2.7664165952538218
Ten_code_blocks,ContextFC,Mn,26,6,2.5984939227907087,2.5849565268762844
Ten_code_blocks,ContextFC,Mn,27,6,2.319989468181798,2.296843761980468
Ten_code_blocks,ContextFC,Mn,28,6,2.74163664288831,2.6156774618549856
Ten_code_blocks,ContextFC,Mn,29,6,2.6164519758121028,2.670429916576333
Ten_code_blocks,ContextFC,Mn,30,6,2.8006096076677993,2.6954695132358517
Ten_code_blocks,ContextFC,Mn,31,7,2.548084506719318,2.4757412046618303
Ten_code_blocks,ContextFC,Mn,32,7,2.598880216451015,2.5985222805589716
Ten_code_blocks,ContextFC,Mn,33,8,2.1888219738773858,2.4503098240532455
Ten_code_blocks,ContextFC,Mn,34,8,2.5766188912060906,2.797663645651976
Ten_code_blocks,ContextFC,Mn,35,8,2.8309233723863803,2.795711029945827
Ten_code_blocks,ContextFC,Mn,36,8,2.8502199193439695,2.8067878073669124
Ten_code_blocks,ContextFC,Mn,37,8,2.8889432971001243,2.812501173291696
Ten_code_blocks,ContextFC,Mn,38,8,2.479702447196275,2.549710779044964
Ten_code_blocks,ContextFC,Mn,39,8,2.7833688970758037,2.6818172814088808
Ten_code_blocks,ContextFC,Mn,40,8,2.780794947729865,2.6994295488568563
Ten_code_blocks,ContextFC,Mn,41,8,2.6484961120836967,2.716945885892825
Ten_code_blocks,ContextFC,Mn,42,9,2.62769507640225,2.4765423280303462
Ten_code_blocks,ContextFC,Mn,43,9,2.8942443382137326,2.5714549881367583
Ten_code_blocks,ContextFC,Mn,44,10,2.3032026516767665,2.6651945901440834
Ten_code_blocks,ContextFC,Pb,1,1,2.1390423893344774,2.109837702933751
Ten_code_blocks,ContextFC,Pb,2,1,2.1980607261505636,2.3560944305618317
Ten_code_blocks,ContextFC,Pb,3,1,1.9729088099776286,2.0591273007316917
Ten_code_blocks,ContextFC,Pb,4,1,1.9187507773905221,2.1541405889001424
Ten_code_blocks,ContextFC,Pb,5,2,2.1921723027231748,2.2970740387869184
Ten_code_blocks,ContextFC,Pb,6,2,2.112623375847017,2.1213340276680195
Ten_code_blocks,ContextFC,Pb,7,3,2.1880373037413365,2.1588679095689685
Ten_code_blocks,ContextFC,Pb,8,3,2.413446419603822,2.1658248427676865
Ten_code_blocks,ContextFC,Pb,9,3,1.9410876009978146,1.9557880122246696
Ten_code_blocks,ContextFC,Pb,10,3,2.035328696851712,1.9558312855792133
Ten_code_blocks,ContextFC,Pb,11,3,2.0616352870928294,2.044381556626737
Ten_code_blocks,ContextFC,Pb,12,3,2.2121717176595186,2.1460795129930146
Ten_code_blocks,ContextFC,Pb,13,3,2.051043779040838,1.927402103582337
Ten_code_blocks,ContextFC,Pb,14,3,1.9430364525853001,1.8144284701434643
Ten_code_blocks,ContextFC,Pb,15,3,1.93428242242007,1.9535609320050336
Ten_code_blocks,ContextFC,Pb,16,4,1.9300685096781087,2.0469452637461627
Ten_code_blocks,ContextFC,Pb,17,4,2.1191857166759074,2.1109641969546398
Ten_code_blocks,ContextFC,Pb,18,5,2.085804610916909,2.1292711215987215
Ten_code_blocks,ContextFC,Pb,19,5,2.1923102770027367,2.0955921701734126
Ten_code_blocks,ContextFC,Pb,20,6,2.0521981836199616,2.018134017083643
Ten_code_blocks,ContextFC,Pb,21,6,2.077552819396845,2.0407270183642336
Ten_code_blocks,ContextFC,Pb,22,6,1.9932907068763837,1.9327307039990111
Ten_code_blocks,ContextFC,Pb,23,6,2.007733142631876,2.0059070015950193
Ten_code_blocks,ContextFC,Pb,25,6,2.0685711817722483,1.95874623819875
Ten_code_blocks,ContextFC,Pb,26,6,2.18260867001439,2.1215049378061486
Ten_code_blocks,ContextFC,Pb,27,6,1.9420832942253636,1.9059022514469106
Ten_code_blocks,ContextFC,Pb,28,6,1.8247984530826944,1.990732342265875
Ten_code_blocks,ContextFC,Pb,29,6,1.869208533367542,1.938762961919228
Ten_code_blocks,ContextFC,Pb,30,6,2.0535002840738064,2.0421155103041855
Ten_code_blocks,ContextFC,Pb,31,7,1.8558808777672784,1.9962258549104774
Ten_code_blocks,ContextFC,Pb,32,7,2.109613760928575,2.126894142715182
Ten_code_blocks,ContextFC,Pb,33,8,1.8678001347657514,1.9955643532277811
Ten_code_blocks,ContextFC,Pb,34,8,2.116832117933757,2.1045028621247055
Ten_code_blocks,ContextFC,Pb,35,8,1.9515809611464396,2.0331480160210886
Ten_code_blocks,ContextFC,Pb,36,8,2.033330762423285,2.028876530660703
Ten_code_blocks,ContextFC,Pb,37,8,1.8462816193154556,2.03431971748376
Ten_code_blocks,ContextFC,Pb,38,8,1.9579261567138497,2.0289913965254494
Ten_code_blocks,ContextFC,Pb,39,8,1.8630052023004837,2.015006240012312
Ten_code_blocks,ContextFC,Pb,40,8,1.9934400944196455,1.9947208032787527
Ten_code_blocks,ContextFC,Pb,41,8,1.9512612429461265,2.0313364670090177
Ten_code_blocks,ContextFC,Pb,42,9,2.37987783156262,2.0505206017203808
Ten_code_blocks,ContextFC,Pb,43,9,2.1603629004817453,2.048866024563988
Ten_code_blocks,ContextFC,Pb,44,10,2.255752266560607,2.0700112334221674
Ten_code_blocks,ContextFC,Cd,1,1,0.9141139345900874,1.0038588995788844
Ten_code_blocks,ContextFC,Cd,2,1,1.0498607664433768,0.8848991955932545
Ten_code_blocks,ContextFC,Cd,3,1,1.074960553998697,1.027785805578919
Ten_code_blocks,ContextFC,Cd,4,1,1.3095835916514824,0.8750326985454938
Ten_code_blocks,ContextFC,Cd,5,2,0.8387245155661224,0.9854942187962116
Ten_code_blocks,ContextFC,Cd,6,2,0.8347611161955296,0.9587813412801208
Ten_code_blocks,ContextFC,Cd,7,3,1.0112577445672106,0.9553532518613872
Ten_code_blocks,ContextFC,Cd,8,3,0.8215840920732526,0.8681502518372755
Ten_code_blocks,ContextFC,Cd,9,3,1.179598158358791,1.0133950779239587
Ten_code_blocks,ContextFC,Cd,10,3,0.6097008766229677,0.9879478877036021
Ten_code_blocks,ContextFC,Cd,11,3,0.7260301739502105,0.8893169116647592
Ten_code_blocks,ContextFC,Cd,12,3,1.199123329611036,0.8034751522693065
Ten_code_blocks,ContextFC,Cd,13,3,1.1174675566546795,0.6911539188836039
Ten_code_blocks,ContextFC,Cd,14,3,0.8539197650431718,0.9073249255160587
Ten_code_blocks,ContextFC,Cd,15,3,0.6660267827402552,0.823484230630352
Ten_code_blocks,ContextFC,Cd,16,4,1.6993429884446185,0.9694607853853782
Ten_code_blocks,ContextFC,Cd,17,4,0.7393035046433206,0.9245384624293146
Ten_code_blocks,ContextFC,Cd,18,5,0.6308366584963743,1.0425569378872015
Ten_code_blocks,ContextFC,Cd,19,5,0.9498015066690076,0.9189373843303833
Ten_code_blocks,ContextFC,Cd,20,6,0.7836544547210236,0.9960429564232305
Ten_code_blocks,ContextFC,Cd,21,6,0.758250631863743,0.871812108532042
Ten_code_blocks,ContextFC,Cd,22,6,1.5783119746726995,0.7855965556293707
Ten_code_blocks,ContextFC,Cd,23,6,1.706712623365046,0.7277482400001248
Ten_code_blocks,ContextFC,Cd,25,6,1.1159995751084812,0.7132355208976039
Ten_code_blocks,ContextFC,Cd,26,6,0.9970737783040711,0.9383240536190128
Ten_code_blocks,ContextFC,Cd,27,6,0.8748852399674495,0.9695441519510412
Ten_code_blocks,ContextFC,Cd,28,6,1.1776029670043586,0.8209323434727502
Ten_code_blocks,ContextFC,Cd,29,6,0.7359019498464204,0.7612061217350339
Ten_code_blocks,ContextFC,Cd,30,6,0.7296323991616593,0.7325447362992106
Ten_code_blocks,ContextFC,Cd,31,7,0.884101645697944,1.0881246051240594
Ten_code_blocks,ContextFC,Cd,32,7,0.7881126092955352,0.9224588186211463
Ten_code_blocks,ContextFC,Cd,33,8,0.9801351990164437,1.0242044629216456
Ten_code_blocks,ContextFC,Cd,34,8,0.8004995804885306,0.9929717275442078
Ten_code_blocks,ContextFC,Cd,35,8,0.5710491285272509,1.008046491341408
Ten_code_blocks,ContextFC,Cd,36,8,0.6442197760203031,1.0066496035925505
Ten_code_blocks,ContextFC,Cd,37,8,0.9002452743695599,1.0029056252262967
Ten_code_blocks,ContextFC,Cd,38,8,0.7621768752011353,0.9660561962837675
Ten_code_blocks,ContextFC,Cd,39,8,0.5880746747401445,0.9525125809871333
Ten_code_blocks,ContextFC,Cd,40,8,0.6365469676977639,0.9539565813782246
Ten_code_blocks,ContextFC,Cd,41,8,0.5678100188480059,0.9408172045535022
Ten_code_blocks,ContextFC,Cd,42,9,0.6674262609880519,1.0605150596437416
Ten_code_blocks,ContextFC,Cd,43,9,0.6232198615571751,0.9702676550598889
Ten_code_blocks,ContextFC,Cd,44,10,1.5616978655130405,0.8337134637021129
Nineteen_side_codes,Context,Fe,1,R1,3.9699041305557037,3.951092926324383
Nineteen_side_codes,Context,Fe,2,R1,4.141790543325649,3.951092926324383
Nineteen_side_codes,Context,Fe,3,R1,4.099913613642454,3.951092926324383
Nineteen_side_codes,Context,Fe,4,L1,3.838437700455513,3.904476172294099
Nineteen_side_codes,Context,Fe,5,R2,4.194525622405122,3.959533974040531
Nineteen_side_codes,Context,Fe,6,L2,3.8947486240449836,3.9003404207895698
Nineteen_side_codes,Context,Fe,7,R3,3.981532663897732,3.958385602244986
Nineteen_side_codes,Context,Fe,8,R3,4.154186056538937,4.060907435740238
Nineteen_side_codes,Context,Fe,9,R3,4.334375495649785,4.099594561557588
Nineteen_side_codes,Context,Fe,10,R3,4.240471373303819,4.114020070052554
Nineteen_side_codes,Context,Fe,11,R3,4.37236903689325,4.129386762578747
Nineteen_side_codes,Context,Fe,12,L3,4.022367938399275,3.9234191268849608
Nineteen_side_codes,Context,Fe,13,L3,3.8058319041191244,4.074388819826059
Nineteen_side_codes,Context,Fe,14,L3,3.7909572959523423,4.131357987332115
Nineteen_side_codes,Context,Fe,15,L3,3.801818791295686,4.1752288320767335
Nineteen_side_codes,Context,Fe,16,R4,3.9235765039866033,3.9794396127441463
Nineteen_side_codes,Context,Fe,17,L4,4.105525339763128,3.88485994091845
Nineteen_side_codes,Context,Fe,18,R5,3.9496167552353114,3.97752653092224
Nineteen_side_codes,Context,Fe,19,L5,3.9221878711008795,3.8983251473743805
Nineteen_side_codes,Context,Fe,20,R6,3.969530818956507,3.9780086796101912
Nineteen_side_codes,Context,Fe,21,R6,4.065836475701826,4.07128247519363
Nineteen_side_codes,Context,Fe,22,R6,4.067269159717916,4.155210128482921
Nineteen_side_codes,Context,Fe,23,R6,4.330521434952681,4.192596008329042
Nineteen_side_codes,Context,Fe,25,R6,3.9894919867408527,4.2302494132645965
Nineteen_side_codes,Context,Fe,26,L6,4.013166733005109,3.9093614139198127
Nineteen_side_codes,Context,Fe,27,L6,3.7448445376170065,3.998858389815076
Nineteen_side_codes,Context,Fe,28,L6,3.913446912779809,4.032805443961083
Nineteen_side_codes,Context,Fe,29,L6,3.9995957843997787,4.079387665121111
Nineteen_side_codes,Context,Fe,30,L6,4.21682429876918,4.096757066772473
Nineteen_side_codes,Context,Fe,31,R7,3.236736968068515,4.0298991961860295
Nineteen_side_codes,Context,Fe,32,L7,4.058725891288905,3.8882971228558207
Nineteen_side_codes,Context,Fe,33,R8,3.624059287220689,4.000214312403956
Nineteen_side_codes,Context,Fe,34,R8,3.9993210868374445,4.128667287750598
Nineteen_side_codes,Context,Fe,35,R8,4.281458002761675,4.155768237165722
Nineteen_side_codes,Context,Fe,36,R8,4.284837010720588,4.17171874351484
Nineteen_side_codes,Context,Fe,37,R8,4.376327216751587,4.1830631149823105
Nineteen_side_codes,Context,Fe,38,L8,3.955664332146309,3.8870470900411647
Nineteen_side_codes,Context,Fe,39,L8,4.230014693357475,4.042841156663945
Nineteen_side_codes,Context,Fe,40,L8,4.194887685353898,4.075710516889557
Nineteen_side_codes,Context,Fe,41,L8,4.0770948480869995,4.095056073052157
Nineteen_side_codes,Context,Fe,42,R9,4.0355215587684565,3.9712154198471517
Nineteen_side_codes,Context,Fe,43,L9,4.280788964121205,3.8719877173439885
Nineteen_side_codes,Context,Fe,44,L10,3.763673617189123,3.909967214709028
Nineteen_side_codes,Context,Zn,1,R1,2.1989536304897537,2.0904637834006357
Nineteen_side_codes,Context,Zn,2,R1,2.174649876266943,2.0904637834006357
Nineteen_side_codes,Context,Zn,3,R1,1.9918928190648517,2.0904637834006357
Nineteen_side_codes,Context,Zn,4,L1,2.1466226335180894,2.19013219979575
Nineteen_side_codes,Context,Zn,5,R2,2.159629191468565,2.0922960020253116
Nineteen_side_codes,Context,Zn,6,L2,2.1973109991682187,2.1864093966318734
Nineteen_side_codes,Context,Zn,7,R3,2.454129018500211,2.0635399584878265
Nineteen_side_codes,Context,Zn,8,R3,2.2693454373103394,1.9570719061870008
Nineteen_side_codes,Context,Zn,9,R3,1.768166858747059,1.9168956549977259
Nineteen_side_codes,Context,Zn,10,R3,1.7839096077554455,1.9019148870915494
Nineteen_side_codes,Context,Zn,11,R3,1.9656049761780043,1.8859567075722061
Nineteen_side_codes,Context,Zn,12,L3,2.2036008477699958,2.2051288343310613
Nineteen_side_codes,Context,Zn,13,L3,2.032275875134674,2.1055636250658973
Nineteen_side_codes,Context,Zn,14,L3,1.8419980678938317,2.067992196165822
Nineteen_side_codes,Context,Zn,15,L3,1.698918691946475,2.0390591715796114
Nineteen_side_codes,Context,Zn,16,R4,1.9201796155266406,2.1098874847887696
Nineteen_side_codes,Context,Zn,17,L4,2.531214205402354,2.161885901019949
Nineteen_side_codes,Context,Zn,18,R5,2.011106046674824,2.1032074531370375
Nineteen_side_codes,Context,Zn,19,L5,2.3933869112519583,2.1720086161667163
Nineteen_side_codes,Context,Zn,20,R6,1.9651816918008678,2.114628999064971
Nineteen_side_codes,Context,Zn,21,R6,1.9065108044253947,2.021028772945972
Nineteen_side_codes,Context,Zn,22,R6,1.8121825285664748,1.9368073978386717
Nineteen_side_codes,Context,Zn,23,R6,1.8901991268088436,1.899290678535398
Nineteen_side_codes,Context,Zn,25,R6,2.010508198624099,1.8615054978844703
Nineteen_side_codes,Context,Zn,26,L6,2.3582273468460753,2.1919894053335947
Nineteen_side_codes,Context,Zn,27,L6,1.9536994484984977,2.110282996413919
Nineteen_side_codes,Context,Zn,28,L6,1.8966287369841246,2.0792909784163727
Nineteen_side_codes,Context,Zn,29,L6,1.9553987876610721,2.0367636642539124
Nineteen_side_codes,Context,Zn,30,L6,2.075072362939981,2.020906240918434
Nineteen_side_codes,Context,Zn,31,R7,1.9076410462641036,2.1108086475187218
Nineteen_side_codes,Context,Zn,32,L7,2.145074172589198,2.190245926391019
Nineteen_side_codes,Context,Zn,33,R8,2.148225740344541,2.0887796399859133
Nineteen_side_codes,Context,Zn,34,R8,2.0837855312901468,1.9171486412344834
Nineteen_side_codes,Context,Zn,35,R8,1.8126684133519608,1.880938012382348
Nineteen_side_codes,Context,Zn,36,R8,1.9385475209128067,1.8596259226631144
Nineteen_side_codes,Context,Zn,37,R8,1.872061859945988,1.844468268277025
Nineteen_side_codes,Context,Zn,38,L8,2.10669821794358,2.1781447416668875
Nineteen_side_codes,Context,Zn,39,L8,2.140932741484528,1.9751655029162307
Nineteen_side_codes,Context,Zn,40,L8,2.0259511723860424,1.932341036866634
Nineteen_side_codes,Context,Zn,41,L8,2.265676703620766,1.9071363140667577
Nineteen_side_codes,Context,Zn,42,R9,2.0008712909893847,2.103959363126939
Nineteen_side_codes,Context,Zn,43,L9,2.0514838307909176,2.197119661933407
Nineteen_side_codes,Context,Zn,44,L10,2.0923455263267265,2.194118577809448
Nineteen_side_codes,Context,Cu,1,R1,1.9403631993305812,1.7017271017935824
Nineteen_side_codes,Context,Cu,2,R1,2.157318420174079,1.7017271017935824
Nineteen_side_codes,Context,Cu,3,R1,1.7039461137187781,1.7017271017935824
Nineteen_side_codes,Context,Cu,4,L1,2.026744854144931,1.7621768692467923
Nineteen_side_codes,Context,Cu,5,R2,1.957838616037878,1.7340768940713194
Nineteen_side_codes,Context,Cu,6,L2,2.01132550453274,1.7633093422074986
Nineteen_side_codes,Context,Cu,7,R3,1.836637835092653,1.730131924575996
Nineteen_side_codes,Context,Cu,8,R3,1.9979888817750278,1.638163921745862
Nineteen_side_codes,Context,Cu,9,R3,1.6338868038971461,1.6034593366310765
Nineteen_side_codes,Context,Cu,10,R3,1.4980690006556865,1.5905188227828475
Nineteen_side_codes,Context,Cu,11,R3,1.5678715874641451,1.5767340125277305
Nineteen_side_codes,Context,Cu,12,L3,2.076322751091403,1.757154036381211
Nineteen_side_codes,Context,Cu,13,L3,1.7663694198355369,1.6727863584460327
Nineteen_side_codes,Context,Cu,14,L3,1.5745883904455336,1.6409497938829625
Nineteen_side_codes,Context,Cu,15,L3,1.5940604456116887,1.6164330764673533
Nineteen_side_codes,Context,Cu,16,R4,1.5978356196263328,1.760524994809253
Nineteen_side_codes,Context,Cu,17,L4,1.9875607116066278,1.765054745618309
Nineteen_side_codes,Context,Cu,18,R5,1.6261701481254922,1.758443360846266
Nineteen_side_codes,Context,Cu,19,L5,1.8660122805042152,1.7739818609053848
Nineteen_side_codes,Context,Cu,20,R6,1.7657509329756096,1.748086979867035
Nineteen_side_codes,Context,Cu,21,R6,1.6504294953088092,1.6714320970851626
Nineteen_side_codes,Context,Cu,22,R6,1.5273821766896474,1.6024581222961447
Nineteen_side_codes,Context,Cu,23,R6,1.6723870171559574,1.571733413181696
Nineteen_side_codes,Context,Cu,25,R6,1.7506759071181905,1.5407888448426585
Nineteen_side_codes,Context,Cu,26,L6,1.7211875481254704,1.7995986478385457
Nineteen_side_codes,Context,Cu,27,L6,1.602399810333962,1.732994946253518
Nineteen_side_codes,Context,Cu,28,L6,1.6167566255481636,1.7077315287870167
Nineteen_side_codes,Context,Cu,29,L6,1.5432834819171881,1.6730650126698563
Nineteen_side_codes,Context,Cu,30,L6,1.6666443391481212,1.6601386938448304
Nineteen_side_codes,Context,Cu,31,R7,1.520147162366568,1.7662324810364842
Nineteen_side_codes,Context,Cu,32,L7,1.6612468421372524,1.7890208429681835
Nineteen_side_codes,Context,Cu,33,R8,1.3527586259653261,1.782440726364679
Nineteen_side_codes,Context,Cu,34,R8,1.6116436826791583,1.6461584493627097
Nineteen_side_codes,Context,Cu,35,R8,1.4201913003814255,1.6174056775001555
Nineteen_side_codes,Context,Cu,36,R8,1.7112797326392286,1.6004829762647341
Nineteen_side_codes,Context,Cu,37,R8,1.4579609361314967,1.5884471571599528
Nineteen_side_codes,Context,Cu,38,L8,1.631164747955207,1.7923941728733168
Nineteen_side_codes,Context,Cu,39,L8,1.5875680078206353,1.6532950632311352
Nineteen_side_codes,Context,Cu,40,L8,1.5456717897574226,1.6239479973190485
Nineteen_side_codes,Context,Cu,41,L8,1.7563560461439542,1.6066755190014625
Nineteen_side_codes,Context,Cu,42,R9,1.5617214195073925,1.7631781727337046
Nineteen_side_codes,Context,Cu,43,L9,1.5135808067166654,1.7998661637199938
Nineteen_side_codes,Context,Cu,44,L10,1.5750716262447924,1.7953499751518185
Nineteen_side_codes,Context,Cr,1,R1,1.5392769858727735,1.5612771065759474
Nineteen_side_codes,Context,Cr,2,R1,1.5663786143980676,1.5612771065759474
Nineteen_side_codes,Context,Cr,3,R1,1.638657479648857,1.5612771065759474
Nineteen_side_codes,Context,Cr,4,L1,1.4293978573405213,1.511345604999894
Nineteen_side_codes,Context,Cr,5,R2,1.659728242155406,1.5584876357237045
Nineteen_side_codes,Context,Cr,6,L2,1.5169626684485797,1.5049144141012305
Nineteen_side_codes,Context,Cr,7,R3,1.454984804820921,1.5626033906209669
Nineteen_side_codes,Context,Cr,8,R3,1.6299029284201454,1.5806549277932789
Nineteen_side_codes,Context,Cr,9,R3,1.7028764766931734,1.587466765486507
Nineteen_side_codes,Context,Cr,10,R3,1.7098135184786756,1.5900067376460805
Nineteen_side_codes,Context,Cr,11,R3,1.7879579935686536,1.592712428832972
Nineteen_side_codes,Context,Cr,12,L3,1.5389022010418798,1.533727229193178
Nineteen_side_codes,Context,Cr,13,L3,1.3737003766354485,1.5941449959635967
Nineteen_side_codes,Context,Cr,14,L3,1.191896047836166,1.6169439419535623
Nineteen_side_codes,Context,Cr,15,L3,1.370609114870662,1.6345009655797265
Nineteen_side_codes,Context,Cr,16,R4,1.4151299242035673,1.5764573776925295
Nineteen_side_codes,Context,Cr,17,L4,1.7791780967059945,1.4856560218959731
Nineteen_side_codes,Context,Cr,18,R5,1.3497610177741644,1.5812597916713218
Nineteen_side_codes,Context,Cr,19,L5,1.4702192649062535,1.5083474798228362
Nineteen_side_codes,Context,Cr,20,R6,1.4546167055182608,1.5747325233765996
Nineteen_side_codes,Context,Cr,21,R6,1.6439816915194139,1.607173525331973
Nineteen_side_codes,Context,Cr,22,R6,1.556100190143346,1.6363639013366906
Nineteen_side_codes,Context,Cr,23,R6,1.7225002052378007,1.6493668609954564
Nineteen_side_codes,Context,Cr,25,R6,1.3618028668703182,1.6624628669583317
Nineteen_side_codes,Context,Cr,26,L6,1.5221519105774202,1.5223339894913859
Nineteen_side_codes,Context,Cr,27,L6,1.2932383769391433,1.5501373469734203
Nineteen_side_codes,Context,Cr,28,L6,1.5461487948373298,1.5606834248988686
Nineteen_side_codes,Context,Cr,29,L6,1.4181035020994708,1.575154775849711
Nineteen_side_codes,Context,Cr,30,L6,1.6318991482906486,1.5805507982128246
Nineteen_side_codes,Context,Cr,31,R7,1.1935799776319382,1.5927338402881674
Nineteen_side_codes,Context,Cr,32,L7,1.62710026540888,1.4968253666607276
Nineteen_side_codes,Context,Cr,33,R8,1.6689242261555788,1.5489363927056228
Nineteen_side_codes,Context,Cr,34,R8,1.661756870761001,1.5674663929649948
Nineteen_side_codes,Context,Cr,35,R8,1.7685762881701927,1.5713758438619965
Nineteen_side_codes,Context,Cr,36,R8,1.7166288867147004,1.5736767861795151
Nineteen_side_codes,Context,Cr,37,R8,1.7907227690496925,1.5753132699251613
Nineteen_side_codes,Context,Cr,38,L8,1.515441783279631,1.4980086044888101
Nineteen_side_codes,Context,Cr,39,L8,1.6320040630107877,1.5337825263399898
Nineteen_side_codes,Context,Cr,40,L8,1.6542253445593238,1.541330091850661
Nineteen_side_codes,Context,Cr,41,L8,1.594113341877074,1.5457722790875097
Nineteen_side_codes,Context,Cr,42,R9,1.6457511849282858,1.5595144788923652
Nineteen_side_codes,Context,Cr,43,L9,1.8088679912525394,1.4834754498468388
Nineteen_side_codes,Context,Cr,44,L10,1.6748360705413563,1.4933194140797363
Nineteen_side_codes,Context,Co,1,R1,1.6828148947268338,1.5801776300957273
Nineteen_side_codes,Context,Co,2,R1,1.6334649812376287,1.5801776300957273
Nineteen_side_codes,Context,Co,3,R1,1.5768947223416294,1.5801776300957273
Nineteen_side_codes,Context,Co,4,L1,1.4762245604602662,1.5466174113477063
Nineteen_side_codes,Context,Co,5,R2,1.733565106370176,1.5801228412352222
Nineteen_side_codes,Context,Co,6,L2,1.5124893055550932,1.5439539498996089
Nineteen_side_codes,Context,Co,7,R3,1.6240360756658063,1.582688812057947
Nineteen_side_codes,Context,Co,8,R3,1.7056784709120685,1.6119214726148101
Nineteen_side_codes,Context,Co,9,R3,1.6478524600339701,1.622952563050699
Nineteen_side_codes,Context,Co,10,R3,1.5938164763706606,1.6270657941432056
Nineteen_side_codes,Context,Co,11,R3,1.7410802113792543,1.6314473906401188
Nineteen_side_codes,Context,Co,12,L3,1.6319324760845337,1.54016395072914
Nineteen_side_codes,Context,Co,13,L3,1.5454658163634933,1.5783886386622097
Nineteen_side_codes,Context,Co,14,L3,1.4916440335743009,1.5928129155306496
Nineteen_side_codes,Context,Co,15,L3,1.5973897869027276,1.6039207698095708
Nineteen_side_codes,Context,Co,16,R4,1.581371319958306,1.5913039609337565
Nineteen_side_codes,Context,Co,17,L4,1.5914469030883158,1.5381549151479739
Nineteen_side_codes,Context,Co,18,R5,1.5409259033626792,1.5942753374588734
Nineteen_side_codes,Context,Co,19,L5,1.53269269164338,1.5424701137434065
Nineteen_side_codes,Context,Co,20,R6,1.6428786292044255,1.5839665587548508
Nineteen_side_codes,Context,Co,21,R6,1.6798821710165428,1.6093908696757024
Nineteen_side_codes,Context,Co,22,R6,1.5899773804988853,1.6322676352103
Nineteen_side_codes,Context,Co,23,R6,1.683486032641178,1.642458174013957
Nineteen_side_codes,Context,Co,25,R6,1.625731884581958,1.6527216340599657
Nineteen_side_codes,Context,Co,26,L6,1.553829418272936,1.5439719577222881
Nineteen_side_codes,Context,Co,27,L6,1.4699144151719274,1.5649217537819324
Nineteen_side_codes,Context,Co,28,L6,1.5215778122599195,1.5728682106769323
Nineteen_side_codes,Context,Co,29,L6,1.624462121062192,1.5837723560242556
Nineteen_side_codes,Context,Co,30,L6,1.684974800687395,1.5878382523144268
Nineteen_side_codes,Context,Co,31,R7,1.3174037085394468,1.610696693905281
Nineteen_side_codes,Context,Co,32,L7,1.563062518709283,1.540239604102048
Nineteen_side_codes,Context,Co,33,R8,1.36672428210215,1.6085699073350388
Nineteen_side_codes,Context,Co,34,R8,1.5229469969188343,1.636902520865858
Nineteen_side_codes,Context,Co,35,R8,1.6585088512884099,1.6428801225837233
Nineteen_side_codes,Context,Co,36,R8,1.7265398591290513,1.6463982935781352
Nineteen_side_codes,Context,Co,37,R8,1.7071819838497393,1.6489004986977172
Nineteen_side_codes,Context,Co,38,L8,1.5268378575361417,1.5471964122530866
Nineteen_side_codes,Context,Co,39,L8,1.5408358236038475,1.6008569242875945
Nineteen_side_codes,Context,Co,40,L8,1.6229801112560343,1.6121781943345703
Nineteen_side_codes,Context,Co,41,L8,1.4889644774518103,1.6188414291533324
Nineteen_side_codes,Context,Co,42,R9,1.585724932096703,1.5909841170059054
Nineteen_side_codes,Context,Co,43,L9,1.6272004329589924,1.5355289998631725
Nineteen_side_codes,Context,Co,44,L10,1.6684441945719664,1.532499854925206
Nineteen_side_codes,Context,Ni,1,R1,1.9799457185199092,1.7970155483991244
Nineteen_side_codes,Context,Ni,2,R1,1.9100869998875398,1.7970155483991244
Nineteen_side_codes,Context,Ni,3,R1,1.826042318017792,1.7970155483991244
Nineteen_side_codes,Context,Ni,4,L1,1.8001323802752696,1.7888875351329976
Nineteen_side_codes,Context,Ni,5,R2,1.9387386015708294,1.810482319773342
Nineteen_side_codes,Context,Ni,6,L2,1.7555798701479046,1.7921596908542052
Nineteen_side_codes,Context,Ni,7,R3,1.8361847614338342,1.8122353027732652
Nineteen_side_codes,Context,Ni,8,R3,1.956824321969751,1.8329943423125685
Nineteen_side_codes,Context,Ni,9,R3,1.8635227289439695,1.8408278695440294
Nineteen_side_codes,Context,Ni,10,R3,1.780317262908934,1.843748805417025
Nineteen_side_codes,Context,Ni,11,R3,1.9465196283038422,1.846860316076404
Nineteen_side_codes,Context,Ni,12,L3,1.8522915298837745,1.792790255521829
Nineteen_side_codes,Context,Ni,13,L3,1.742055197824842,1.8232531167438957
Nineteen_side_codes,Context,Ni,14,L3,1.7517853367360183,1.8347484295438679
Nineteen_side_codes,Context,Ni,15,L3,1.7878222403782134,1.8436007457214703
Nineteen_side_codes,Context,Ni,16,R4,1.7998751615811301,1.8206841077758642
Nineteen_side_codes,Context,Ni,17,L4,1.9142882803440324,1.7805033637260037
Nineteen_side_codes,Context,Ni,18,R5,1.7498811167186816,1.824356987024091
Nineteen_side_codes,Context,Ni,19,L5,1.7793873805050169,1.79041115006492
Nineteen_side_codes,Context,Ni,20,R6,1.8442144456902358,1.8156377299803803
Nineteen_side_codes,Context,Ni,21,R6,1.8880790224863195,1.8349943714928945
Nineteen_side_codes,Context,Ni,22,R6,1.8093363011179682,1.8524114551179955
Nineteen_side_codes,Context,Ni,23,R6,1.9072420261542706,1.8601699586642992
Nineteen_side_codes,Context,Ni,25,R6,1.8030294602003294,1.8679839803464235
Nineteen_side_codes,Context,Ni,26,L6,1.8520752477668028,1.7910178646200463
Nineteen_side_codes,Context,Ni,27,L6,1.6597906094906874,1.8080984468220163
Nineteen_side_codes,Context,Ni,28,L6,1.8336636248862164,1.8145772741014337
Nineteen_side_codes,Context,Ni,29,L6,1.7977692139477586,1.823467534914328
Nineteen_side_codes,Context,Ni,30,L6,1.8891963054106937,1.8267825015904346
Nineteen_side_codes,Context,Ni,31,R7,1.5405366541201015,1.8397367574452397
Nineteen_side_codes,Context,Ni,32,L7,1.8795331683093488,1.7830559502887
Nineteen_side_codes,Context,Ni,33,R8,1.6828817009047188,1.8275453966176536
Nineteen_side_codes,Context,Ni,34,R8,1.8538499541950157,1.844721614490798
Nineteen_side_codes,Context,Ni,35,R8,1.8774536128324149,1.8483454450051715
Nineteen_side_codes,Context,Ni,36,R8,1.9080414306298896,1.850478282890009
Nineteen_side_codes,Context,Ni,37,R8,1.905777762969521,1.851995206849406
Nineteen_side_codes,Context,Ni,38,L8,1.776157801620899,1.7884361360255216
Nineteen_side_codes,Context,Ni,39,L8,1.9737802269951705,1.8237583984149723
Nineteen_side_codes,Context,Ni,40,L8,1.8528290847240552,1.831210673020998
Nineteen_side_codes,Context,Ni,41,L8,1.668161123059277,1.8355967759430032
Nineteen_side_codes,Context,Ni,42,R9,1.6562853523182692,1.8312331248067764
Nineteen_side_codes,Context,Ni,43,L9,1.8268304813339766,1.78692669512926
Nineteen_side_codes,Context,Ni,44,L10,1.7150096794441172,1.7951393654279246
Nineteen_side_codes,Context,Mn,1,R1,2.5685462281861318,2.570136963616329
Nineteen_side_codes,Context,Mn,2,R1,2.6611622159911597,2.570136963616329
Nineteen_side_codes,Context,Mn,3,R1,2.6638832274593565,2.570136963616329
Nineteen_side_codes,Context,Mn,4,L1,2.488157505401859,2.5060273522380005
Nineteen_side_codes,Context,Mn,5,R2,2.712531039694305,2.5731334133283568
Nineteen_side_codes,Context,Mn,6,L2,2.3863869707160568,2.513501881425481
Nineteen_side_codes,Context,Mn,7,R3,2.5085860980768895,2.583203493736978
Nineteen_side_codes,Context,Mn,8,R3,2.6697281553156773,2.6852566870240424
Nineteen_side_codes,Context,Mn,9,R3,2.738398832507747,2.7237669691186546
Nineteen_side_codes,Context,Mn,10,R3,2.8366294668774223,2.738126536798149
Nineteen_side_codes,Context,Mn,11,R3,2.9307837770497738,2.753422986238171
Nineteen_side_codes,Context,Mn,12,L3,2.509384832487739,2.5290884246110843
Nineteen_side_codes,Context,Mn,13,L3,2.371103996065788,2.6579972806602514
Nineteen_side_codes,Context,Mn,14,L3,2.422847844782801,2.7066416812032417
Nineteen_side_codes,Context,Mn,15,L3,2.6436898216542395,2.744101785279534
Nineteen_side_codes,Context,Mn,16,R4,2.5746864716873072,2.5832603485404677
Nineteen_side_codes,Context,Mn,17,L4,2.681160023005942,2.491852296996885
Nineteen_side_codes,Context,Mn,18,R5,2.4958781717163117,2.589050105507479
Nineteen_side_codes,Context,Mn,19,L5,2.569079210005922,2.5000840637917796
Nineteen_side_codes,Context,Mn,20,R6,2.5898420070662436,2.57774108520553
Nineteen_side_codes,Context,Mn,21,R6,2.78149435424105,2.663793927582916
Nineteen_side_codes,Context,Mn,22,R6,2.665869475606822,2.741224175536602
Nineteen_side_codes,Context,Mn,23,R6,2.863771552954755,2.775715762433163
Nineteen_side_codes,Context,Mn,25,R6,2.6920949011241344,2.810454163498792
Nineteen_side_codes,Context,Mn,26,L6,2.5984939227907087,2.503945626263636
Nineteen_side_codes,Context,Mn,27,L6,2.319989468181798,2.5852432344158323
Nineteen_side_codes,Context,Mn,28,L6,2.74163664288831,2.6160801903942468
Nineteen_side_codes,Context,Mn,29,L6,2.6164519758121028,2.658394728118502
Nineteen_side_codes,Context,Mn,30,L6,2.8006096076677993,2.6741728121840813
Nineteen_side_codes,Context,Mn,31,R7,2.548084506719318,2.5852146974106542
Nineteen_side_codes,Context,Mn,32,L7,2.598880216451015,2.4978953311376975
Nineteen_side_codes,Context,Mn,33,R8,2.1888219738773858,2.6138814984012737
Nineteen_side_codes,Context,Mn,34,R8,2.5766188912060906,2.7455644808477038
Nineteen_side_codes,Context,Mn,35,R8,2.8309233723863803,2.7733468956690253
Nineteen_side_codes,Context,Mn,36,R8,2.8502199193439695,2.7896984845825124
Nineteen_side_codes,Context,Mn,37,R8,2.8889432971001243,2.801328115307573
Nineteen_side_codes,Context,Mn,38,L8,2.479702447196275,2.5006999929852007
Nineteen_side_codes,Context,Mn,39,L8,2.7833688970758037,2.6491716189974333
Nineteen_side_codes,Context,Mn,40,L8,2.780794947729865,2.680496094084759
Nineteen_side_codes,Context,Mn,41,L8,2.6484961120836967,2.6989323942715098
Nineteen_side_codes,Context,Mn,42,R9,2.62769507640225,2.57936600062822
Nineteen_side_codes,Context,Mn,43,L9,2.8942443382137326,2.4762023356565797
Nineteen_side_codes,Context,Mn,44,L10,2.3032026516767665,2.5196113474169826
Nineteen_side_codes,Context,Pb,1,R1,2.1390423893344774,2.120793162214466
Nineteen_side_codes,Context,Pb,2,R1,2.1980607261505636,2.120793162214466
Nineteen_side_codes,Context,Pb,3,R1,1.9729088099776286,2.120793162214466
Nineteen_side_codes,Context,Pb,4,L1,1.9187507773905221,2.0923030079250164
Nineteen_side_codes,Context,Pb,5,R2,2.1921723027231748,2.1117019455721167
Nineteen_side_codes,Context,Pb,6,L2,2.112623375847017,2.0780640496618052
Nineteen_side_codes,Context,Pb,7,R3,2.1880373037413365,2.0951044287072484
Nineteen_side_codes,Context,Pb,8,R3,2.413446419603822,2.0201279148499713
Nineteen_side_codes,Context,Pb,9,R3,1.9410876009978146,1.991835152946946
Nineteen_side_codes,Context,Pb,10,R3,2.035328696851712,1.9812854553781725
Nineteen_side_codes,Context,Pb,11,R3,2.0616352870928294,1.9700474488399455
Nineteen_side_codes,Context,Pb,12,L3,2.2121717176595186,2.070620400819475
Nineteen_side_codes,Context,Pb,13,L3,2.051043779040838,2.00502176684558
Nineteen_side_codes,Context,Pb,14,L3,1.9430364525853001,1.9802677947454626
Nineteen_side_codes,Context,Pb,15,L3,1.93428242242007,1.9612052436435627
Nineteen_side_codes,Context,Pb,16,R4,1.9300685096781087,2.1309577506385975
Nineteen_side_codes,Context,Pb,17,L4,2.1191857166759074,2.0775820790382338
Nineteen_side_codes,Context,Pb,18,R5,2.085804610916909,2.119516390052289
Nineteen_side_codes,Context,Pb,19,L5,2.1923102770027367,2.072211451261029
Nineteen_side_codes,Context,Pb,20,R6,2.0521981836199616,2.1209112650002444
Nineteen_side_codes,Context,Pb,21,R6,2.077552819396845,2.064397418486634
Nineteen_side_codes,Context,Pb,22,R6,1.9932907068763837,2.013546324815899
Nineteen_side_codes,Context,Pb,23,R6,2.007733142631876,1.9908945193202168
Nineteen_side_codes,Context,Pb,25,R6,2.0685711817722483,1.9680806225131648
Nineteen_side_codes,Context,Pb,26,L6,2.18260867001439,2.0897410790826147
Nineteen_side_codes,Context,Pb,27,L6,1.9420832942253636,2.04335270736684
Nineteen_side_codes,Context,Pb,28,L6,1.8247984530826944,2.025757156783953
Nineteen_side_codes,Context,Pb,29,L6,1.869208533367542,2.0016125041976283
Nineteen_side_codes,Context,Pb,30,L6,2.0535002840738064,1.9926095378714035
Nineteen_side_codes,Context,Pb,31,R7,1.8558808777672784,2.1364080440579425
Nineteen_side_codes,Context,Pb,32,L7,2.109613760928575,2.0782850906008203
Nineteen_side_codes,Context,Pb,33,R8,1.8678001347657514,2.1349083095407098
Nineteen_side_codes,Context,Pb,34,R8,2.116832117933757,2.032999331840061
Nineteen_side_codes,Context,Pb,35,R8,1.9515809611464396,2.0114986227894587
Nineteen_side_codes,Context,Pb,36,R8,2.033330762423285,1.9988441880326167
Nineteen_side_codes,Context,Pb,37,R8,1.8462816193154556,1.9898440594191178
Nineteen_side_codes,Context,Pb,38,L8,1.9579261567138497,2.093606302871507
Nineteen_side_codes,Context,Pb,39,L8,1.8630052023004837,1.9956389455014183
Nineteen_side_codes,Context,Pb,40,L8,1.9934400944196455,1.974969837687797
Nineteen_side_codes,Context,Pb,41,L8,1.9512612429461265,1.9628048492823438
Nineteen_side_codes,Context,Pb,42,R9,2.37987783156262,2.0979119083077107
Nineteen_side_codes,Context,Pb,43,L9,2.1603629004817453,2.0745578239022535
Nineteen_side_codes,Context,Pb,44,L10,2.255752266560607,2.067551959158268
Nineteen_side_codes,Context,Cd,1,R1,0.9141139345900874,1.0070855573529898
Nineteen_side_codes,Context,Cd,2,R1,1.0498607664433768,1.0070855573529898
Nineteen_side_codes,Context,Cd,3,R1,1.074960553998697,1.0070855573529898
Nineteen_side_codes,Context,Cd,4,L1,1.3095835916514824,0.9043824875486426
Nineteen_side_codes,Context,Cd,5,R2,0.8387245155661224,1.0207532067502045
Nineteen_side_codes,Context,Cd,6,L2,0.8347611161955296,0.9392557881815276
Nineteen_side_codes,Context,Cd,7,R3,1.0112577445672106,1.0174834443790313
Nineteen_side_codes,Context,Cd,8,R3,0.8215840920732526,0.9605284479476291
Nineteen_side_codes,Context,Cd,9,R3,1.179598158358791,0.9390361956366087
Nineteen_side_codes,Context,Cd,10,R3,0.6097008766229677,0.9310222462480623
Nineteen_side_codes,Context,Cd,11,R3,0.7260301739502105,0.9224854313262698
Nineteen_side_codes,Context,Cd,12,L3,1.199123329611036,0.9026430853808431
Nineteen_side_codes,Context,Cd,13,L3,1.1174675566546795,0.8430826178689051
Nineteen_side_codes,Context,Cd,14,L3,0.8539197650431718,0.8206071780350941
Nineteen_side_codes,Context,Cd,15,L3,0.6660267827402552,0.8032992801899775
Nineteen_side_codes,Context,Cd,16,R4,1.6993429884446185,0.9575267217084071
Nineteen_side_codes,Context,Cd,17,L4,0.7393035046433206,0.9462666652091171
Nineteen_side_codes,Context,Cd,18,R5,0.6308366584963743,1.0360259657016009
Nineteen_side_codes,Context,Cd,19,L5,0.9498015066690076,0.9308066554439632
Nineteen_side_codes,Context,Cd,20,R6,0.7836544547210236,0.9908361011308661
Nineteen_side_codes,Context,Cd,21,R6,0.758250631863743,0.883831782249981
Nineteen_side_codes,Context,Cd,22,R6,1.5783119746726995,0.7875494199925366
Nineteen_side_codes,Context,Cd,23,R6,1.706712623365046,0.744660089889975
Nineteen_side_codes,Context,Cd,25,R6,1.1159995751084812,0.701463853224869
Nineteen_side_codes,Context,Cd,26,L6,0.9970737783040711,0.9185350001821225
Nineteen_side_codes,Context,Cd,27,L6,0.8748852399674495,0.8714119382508908
Nineteen_side_codes,Context,Cd,28,L6,1.1776029670043586,0.8535377126817805
Nineteen_side_codes,Context,Cd,29,L6,0.7359019498464204,0.8290106616763118
Nineteen_side_codes,Context,Cd,30,L6,0.7296323991616593,0.8198651080803615
Nineteen_side_codes,Context,Cd,31,R7,0.884101645697944,1.017419515306279
Nineteen_side_codes,Context,Cd,32,L7,0.7881126092955352,0.9426818842264474
Nineteen_side_codes,Context,Cd,33,R8,0.9801351990164437,1.0254901356475794
Nineteen_side_codes,Context,Cd,34,R8,0.8004995804885306,0.9756906821364062
Nineteen_side_codes,Context,Cd,35,R8,0.5710491285272509,0.9651840164335287
Nineteen_side_codes,Context,Cd,36,R8,0.6442197760203031,0.959000224292716
Nineteen_side_codes,Context,Cd,37,R8,0.9002452743695599,0.9546021673541106
Nineteen_side_codes,Context,Cd,38,L8,0.7621768752011353,0.9685568910963195
Nineteen_side_codes,Context,Cd,39,L8,0.5880746747401445,0.9147075958191366
Nineteen_side_codes,Context,Cd,40,L8,0.6365469676977639,0.9033464963708071
Nineteen_side_codes,Context,Cd,41,L8,0.5678100188480059,0.8966598196013796
Nineteen_side_codes,Context,Cd,42,R9,0.6674262609880519,1.0333378617071696
Nineteen_side_codes,Context,Cd,43,L9,0.6232198615571751,0.9547924195555519
Nineteen_side_codes,Context,Cd,44,L10,1.5616978655130405,0.8858659738605045
Nineteen_side_codes,ContextF,Fe,1,R1,3.9699041305557037,3.924592367245567
Nineteen_side_codes,ContextF,Fe,2,R1,4.141790543325649,4.268815711046882
Nineteen_side_codes,ContextF,Fe,3,R1,4.099913613642454,3.863246510022478
Nineteen_side_codes,ContextF,Fe,4,L1,3.838437700455513,3.9625193361502347
Nineteen_side_codes,ContextF,Fe,5,R2,4.194525622405122,4.205499393626866
Nineteen_side_codes,ContextF,Fe,6,L2,3.8947486240449836,3.918543943958887
Nineteen_side_codes,ContextF,Fe,7,R3,3.981532663897732,4.07126185688164
Nineteen_side_codes,ContextF,Fe,8,R3,4.154186056538937,4.325572361166514
Nineteen_side_codes,ContextF,Fe,9,R3,4.334375495649785,4.032704974233292
Nineteen_side_codes,ContextF,Fe,10,R3,4.240471373303819,4.068570344561323
Nineteen_side_codes,ContextF,Fe,11,R3,4.37236903689325,4.268261114502176
Nineteen_side_codes,ContextF,Fe,12,L3,4.022367938399275,4.0385373738044805
Nineteen_side_codes,ContextF,Fe,13,L3,3.8058319041191244,3.981767444363525
Nineteen_side_codes,ContextF,Fe,14,L3,3.7909572959523423,3.8884696115761974
Nineteen_side_codes,ContextF,Fe,15,L3,3.801818791295686,4.170310228271592
Nineteen_side_codes,ContextF,Fe,16,R4,3.9235765039866033,3.853009346648327
Nineteen_side_codes,ContextF,Fe,17,L4,4.105525339763128,3.9545065078421286
Nineteen_side_codes,ContextF,Fe,18,R5,3.9496167552353114,3.9786664666507097
Nineteen_side_codes,ContextF,Fe,19,L5,3.9221878711008795,3.9506224694005274
Nineteen_side_codes,ContextF,Fe,20,R6,3.969530818956507,3.8466841158607674
Nineteen_side_codes,ContextF,Fe,21,R6,4.065836475701826,4.046063262301949
Nineteen_side_codes,ContextF,Fe,22,R6,4.067269159717916,4.0436969122690645
Nineteen_side_codes,ContextF,Fe,23,R6,4.330521434952681,4.2119990402142795
Nineteen_side_codes,ContextF,Fe,25,R6,3.9894919867408527,4.20015868872677
Nineteen_side_codes,ContextF,Fe,26,L6,4.013166733005109,3.9599373208271325
Nineteen_side_codes,ContextF,Fe,27,L6,3.7448445376170065,3.774495175984097
Nineteen_side_codes,ContextF,Fe,28,L6,3.913446912779809,3.991046114187012
Nineteen_side_codes,ContextF,Fe,29,L6,3.9995957843997787,4.007083091520317
Nineteen_side_codes,ContextF,Fe,30,L6,4.21682429876918,4.169515719278571
Nineteen_side_codes,ContextF,Fe,31,R7,3.236736968068515,3.8636791159008945
Nineteen_side_codes,ContextF,Fe,32,L7,4.058725891288905,3.972760421634584
Nineteen_side_codes,ContextF,Fe,33,R8,3.624059287220689,3.783331188075952
Nineteen_side_codes,ContextF,Fe,34,R8,3.9993210868374445,4.228631042091691
Nineteen_side_codes,ContextF,Fe,35,R8,4.281458002761675,4.180765471664256
Nineteen_side_codes,ContextF,Fe,36,R8,4.284837010720588,4.2049750485236626
Nineteen_side_codes,ContextF,Fe,37,R8,4.376327216751587,4.232778716421383
Nineteen_side_codes,ContextF,Fe,38,L8,3.955664332146309,3.8142023956921665
Nineteen_side_codes,ContextF,Fe,39,L8,4.230014693357475,4.070981012248122
Nineteen_side_codes,ContextF,Fe,40,L8,4.194887685353898,4.098281372087965
Nineteen_side_codes,ContextF,Fe,41,L8,4.0770948480869995,4.1840441577770235
Nineteen_side_codes,ContextF,Fe,42,R9,4.0355215587684565,3.895999937386693
Nineteen_side_codes,ContextF,Fe,43,L9,4.280788964121205,3.86921992577965
Nineteen_side_codes,ContextF,Fe,44,L10,3.763673617189123,3.9546762587807587
Nineteen_side_codes,ContextF,Zn,1,R1,2.1989536304897537,2.0695586394935797
Nineteen_side_codes,ContextF,Zn,2,R1,2.174649876266943,2.3411015347560284
Nineteen_side_codes,ContextF,Zn,3,R1,1.9918928190648517,2.0211655482559054
Nineteen_side_codes,ContextF,Zn,4,L1,2.1466226335180894,2.2356790011269285
Nineteen_side_codes,ContextF,Zn,5,R2,2.159629191468565,2.299426792531639
Nineteen_side_codes,ContextF,Zn,6,L2,2.1973109991682187,2.2007001926413414
Nineteen_side_codes,ContextF,Zn,7,R3,2.454129018500211,2.127618357904575
Nineteen_side_codes,ContextF,Zn,8,R3,2.2693454373103394,2.107318783687147
Nineteen_side_codes,ContextF,Zn,9,R3,1.768166858747059,1.8789232957341713
Nineteen_side_codes,ContextF,Zn,10,R3,1.7839096077554455,1.8761136619110785
Nineteen_side_codes,ContextF,Zn,11,R3,1.9656049761780043,1.9647938927706052
Nineteen_side_codes,ContextF,Zn,12,L3,2.2036008477699958,2.3043465798161766
Nineteen_side_codes,ContextF,Zn,13,L3,2.032275875134674,2.0257354110074637
Nineteen_side_codes,ContextF,Zn,14,L3,1.8419980678938317,1.8586523417820828
Nineteen_side_codes,ContextF,Zn,15,L3,1.698918691946475,2.0348199411053813
Nineteen_side_codes,ContextF,Zn,16,R4,1.9201796155266406,2.0146831851616183
Nineteen_side_codes,ContextF,Zn,17,L4,2.531214205402354,2.214832700744139
Nineteen_side_codes,ContextF,Zn,18,R5,2.011106046674824,2.104103089748619
Nineteen_side_codes,ContextF,Zn,19,L5,2.3933869112519583,2.212110260854869
Nineteen_side_codes,ContextF,Zn,20,R6,1.9651816918008678,2.014993037650892
Nineteen_side_codes,ContextF,Zn,21,R6,1.9065108044253947,2.0018949532641983
Nineteen_side_codes,ContextF,Zn,22,R6,1.8121825285664748,1.8522023080472176
Nineteen_side_codes,ContextF,Zn,23,R6,1.8901991268088436,1.9140117610277967
Nineteen_side_codes,ContextF,Zn,25,R6,2.010508198624099,1.8386756617641453
Nineteen_side_codes,ContextF,Zn,26,L6,2.3582273468460753,2.232151718132631
Nineteen_side_codes,ContextF,Zn,27,L6,1.9536994484984977,1.9321162343034823
Nineteen_side_codes,ContextF,Zn,28,L6,1.8966287369841246,2.046129906925603
Nineteen_side_codes,ContextF,Zn,29,L6,1.9553987876610721,1.9793466236247221
Nineteen_side_codes,ContextF,Zn,30,L6,2.075072362939981,2.078683865472769
Nineteen_side_codes,ContextF,Zn,31,R7,1.9076410462641036,1.9409544693521592
Nineteen_side_codes,ContextF,Zn,32,L7,2.145074172589198,2.2589472620171325
Nineteen_side_codes,ContextF,Zn,33,R8,2.148225740344541,1.8907810751848286
Nineteen_side_codes,ContextF,Zn,34,R8,2.0837855312901468,2.0084082998777757
Nineteen_side_codes,ContextF,Zn,35,R8,1.8126684133519608,1.903758674755417
Nineteen_side_codes,ContextF,Zn,36,R8,1.9385475209128067,1.8899865174891806
Nineteen_side_codes,ContextF,Zn,37,R8,1.872061859945988,1.8898550071653486
Nineteen_side_codes,ContextF,Zn,38,L8,2.10669821794358,2.126006135798502
Nineteen_side_codes,ContextF,Zn,39,L8,2.140932741484528,1.9953066106881636
Nineteen_side_codes,ContextF,Zn,40,L8,2.0259511723860424,1.9484961313978026
Nineteen_side_codes,ContextF,Zn,41,L8,2.265676703620766,1.9708295551176902
Nineteen_side_codes,ContextF,Zn,42,R9,2.0008712909893847,2.046371753795244
Nineteen_side_codes,ContextF,Zn,43,L9,2.0514838307909176,2.1949517296916654
Nineteen_side_codes,ContextF,Zn,44,L10,2.0923455263267265,2.2291944029293775
Nineteen_side_codes,ContextF,Cu,1,R1,1.9403631993305812,1.6796466430453814
Nineteen_side_codes,ContextF,Cu,2,R1,2.157318420174079,1.9664560390422614
Nineteen_side_codes,ContextF,Cu,3,R1,1.7039461137187781,1.6285328282100329
Nineteen_side_codes,ContextF,Cu,4,L1,2.026744854144931,1.8178953029421396
Nineteen_side_codes,ContextF,Cu,5,R2,1.957838616037878,1.9795181527204804
Nineteen_side_codes,ContextF,Cu,6,L2,2.01132550453274,1.781240881520311
Nineteen_side_codes,ContextF,Cu,7,R3,1.836637835092653,1.8273247835531852
Nineteen_side_codes,ContextF,Cu,8,R3,1.9979888817750278,1.8660554376007032
Nineteen_side_codes,ContextF,Cu,9,R3,1.6338868038971461,1.5458636071414726
Nineteen_side_codes,ContextF,Cu,10,R3,1.4980690006556865,1.551384030665228
Nineteen_side_codes,ContextF,Cu,11,R3,1.5678715874641451,1.696312708201952
Nineteen_side_codes,ContextF,Cu,12,L3,2.076322751091403,1.8879157826662072
Nineteen_side_codes,ContextF,Cu,13,L3,1.7663694198355369,1.5675785992689264
Nineteen_side_codes,ContextF,Cu,14,L3,1.5745883904455336,1.3650551462831397
Nineteen_side_codes,ContextF,Cu,15,L3,1.5940604456116887,1.6108460801391753
Nineteen_side_codes,ContextF,Cu,16,R4,1.5978356196263328,1.6379754865051024
Nineteen_side_codes,ContextF,Cu,17,L4,1.9875607116066278,1.8341991109213818
Nineteen_side_codes,ContextF,Cu,18,R5,1.6261701481254922,1.7595758087795357
Nineteen_side_codes,ContextF,Cu,19,L5,1.8660122805042152,1.8255940136740696
Nineteen_side_codes,ContextF,Cu,20,R6,1.7657509329756096,1.6141599217103983
Nineteen_side_codes,ContextF,Cu,21,R6,1.6504294953088092,1.6457131082290233
Nineteen_side_codes,ContextF,Cu,22,R6,1.5273821766896474,1.4887350185087775
Nineteen_side_codes,ContextF,Cu,23,R6,1.6723870171559574,1.5915209601989286
Nineteen_side_codes,ContextF,Cu,25,R6,1.7506759071181905,1.5101018042761882
Nineteen_side_codes,ContextF,Cu,26,L6,1.7211875481254704,1.8550351030291048
Nineteen_side_codes,ContextF,Cu,27,L6,1.602399810333962,1.4870695242390046
Nineteen_side_codes,ContextF,Cu,28,L6,1.6167566255481636,1.6619589592896484
Nineteen_side_codes,ContextF,Cu,29,L6,1.5432834819171881,1.593811678432318
Nineteen_side_codes,ContextF,Cu,30,L6,1.6666443391481212,1.7398897457986906
Nineteen_side_codes,ContextF,Cu,31,R7,1.520147162366568,1.5504651932142637
Nineteen_side_codes,ContextF,Cu,32,L7,1.6612468421372524,1.8768123075976435
Nineteen_side_codes,ContextF,Cu,33,R8,1.3527586259653261,1.5695386458035185
Nineteen_side_codes,ContextF,Cu,34,R8,1.6116436826791583,1.7442872980034942
Nineteen_side_codes,ContextF,Cu,35,R8,1.4201913003814255,1.6419440700076526
Nineteen_side_codes,ContextF,Cu,36,R8,1.7112797326392286,1.633128838178115
Nineteen_side_codes,ContextF,Cu,37,R8,1.4579609361314967,1.6372501934290178
Nineteen_side_codes,ContextF,Cu,38,L8,1.631164747955207,1.7229994065996779
Nineteen_side_codes,ContextF,Cu,39,L8,1.5875680078206353,1.6801022139603559
Nineteen_side_codes,ContextF,Cu,40,L8,1.5456717897574226,1.6454498957769526
Nineteen_side_codes,ContextF,Cu,41,L8,1.7563560461439542,1.691449123940136
Nineteen_side_codes,ContextF,Cu,42,R9,1.5617214195073925,1.6910598858878843
Nineteen_side_codes,ContextF,Cu,43,L9,1.5135808067166654,1.7971264855926323
Nineteen_side_codes,ContextF,Cu,44,L10,1.5750716262447924,1.8400143246101877
Nineteen_side_codes,ContextF,Cr,1,R1,1.5392769858727735,1.543417637487041
Nineteen_side_codes,ContextF,Cr,2,R1,1.5663786143980676,1.7753993911556138
Nineteen_side_codes,ContextF,Cr,3,R1,1.638657479648857,1.5020749459026836
Nineteen_side_codes,ContextF,Cr,4,L1,1.4293978573405213,1.547351015871119
Nineteen_side_codes,ContextF,Cr,5,R2,1.659728242155406,1.7152099100410219
Nineteen_side_codes,ContextF,Cr,6,L2,1.5169626684485797,1.5161216832661664
Nineteen_side_codes,ContextF,Cr,7,R3,1.454984804820921,1.6338268937664442
Nineteen_side_codes,ContextF,Cr,8,R3,1.6299029284201454,1.7476551813831478
Nineteen_side_codes,ContextF,Cr,9,R3,1.7028764766931734,1.5452602735318692
Nineteen_side_codes,ContextF,Cr,10,R3,1.7098135184786756,1.5613285300203419
Nineteen_side_codes,ContextF,Cr,11,R3,1.7879579935686536,1.6803404057966278
Nineteen_side_codes,ContextF,Cr,12,L3,1.5389022010418798,1.5914993894736988
Nineteen_side_codes,ContextF,Cr,13,L3,1.3737003766354485,1.5476629039250973
Nineteen_side_codes,ContextF,Cr,14,L3,1.191896047836166,1.4950502669720782
Nineteen_side_codes,ContextF,Cr,15,L3,1.370609114870662,1.632032561351977
Nineteen_side_codes,ContextF,Cr,16,R4,1.4151299242035673,1.5021349457122675
Nineteen_side_codes,ContextF,Cr,17,L4,1.7791780967059945,1.5271515963191318
Nineteen_side_codes,ContextF,Cr,18,R5,1.3497610177741644,1.581962671304324
Nineteen_side_codes,ContextF,Cr,19,L5,1.4702192649062535,1.5408268132741998
Nineteen_side_codes,ContextF,Cr,20,R6,1.4546167055182608,1.4984440190055492
Nineteen_side_codes,ContextF,Cr,21,R6,1.6439816915194139,1.5925232879506968
Nineteen_side_codes,ContextF,Cr,22,R6,1.556100190143346,1.5715841203142085
Nineteen_side_codes,ContextF,Cr,23,R6,1.7225002052378007,1.6606383873613284
Nineteen_side_codes,ContextF,Cr,25,R6,1.3618028668703182,1.6449826918494896
Nineteen_side_codes,ContextF,Cr,26,L6,1.5221519105774202,1.5511042484474296
Nineteen_side_codes,ContextF,Cr,27,L6,1.2932383769391433,1.422507648232563
Nineteen_side_codes,ContextF,Cr,28,L6,1.5461487948373298,1.5369285027452766
Nineteen_side_codes,ContextF,Cr,29,L6,1.4181035020994708,1.5340240985488973
Nineteen_side_codes,ContextF,Cr,30,L6,1.6318991482906486,1.6219397796843582
Nineteen_side_codes,ContextF,Cr,31,R7,1.1935799776319382,1.4819367094147844
Nineteen_side_codes,ContextF,Cr,32,L7,1.62710026540888,1.5485368227888334
Nineteen_side_codes,ContextF,Cr,33,R8,1.6689242261555788,1.3900981639031558
Nineteen_side_codes,ContextF,Cr,34,R8,1.661756870761001,1.6406766334259852
Nineteen_side_codes,ContextF,Cr,35,R8,1.7685762881701927,1.5896830149017414
Nineteen_side_codes,ContextF,Cr,36,R8,1.7166288867147004,1.5980326349827958
Nineteen_side_codes,ContextF,Cr,37,R8,1.7907227690496925,1.6117233783690479
Nineteen_side_codes,ContextF,Cr,38,L8,1.515441783279631,1.4539900663248182
Nineteen_side_codes,ContextF,Cr,39,L8,1.6320040630107877,1.550786857513743
Nineteen_side_codes,ContextF,Cr,40,L8,1.6542253445593238,1.5549691915795285
Nineteen_side_codes,ContextF,Cr,41,L8,1.594113341877074,1.599545933278918
Nineteen_side_codes,ContextF,Cr,42,R9,1.6457511849282858,1.5127148996781778
Nineteen_side_codes,ContextF,Cr,43,L9,1.8088679912525394,1.4817690449840022
Nineteen_side_codes,ContextF,Cr,44,L10,1.6748360705413563,1.5199312128043876
Nineteen_side_codes,ContextF,Co,1,R1,1.6828148947268338,1.568010546063716
Nineteen_side_codes,ContextF,Co,2,R1,1.6334649812376287,1.7260522816118118
Nineteen_side_codes,ContextF,Co,3,R1,1.5768947223416294,1.5398450950017488
Nineteen_side_codes,ContextF,Co,4,L1,1.4762245604602662,1.5728180088739716
Nineteen_side_codes,ContextF,Co,5,R2,1.733565106370176,1.6844038267296702
Nineteen_side_codes,ContextF,Co,6,L2,1.5124893055550932,1.5521130154200435
Nineteen_side_codes,ContextF,Co,7,R3,1.6240360756658063,1.6275072645106157
Nineteen_side_codes,ContextF,Co,8,R3,1.7056784709120685,1.7170088748704015
Nineteen_side_codes,ContextF,Co,9,R3,1.6478524600339701,1.5963934980044439
Nineteen_side_codes,ContextF,Co,10,R3,1.5938164763706606,1.6090196039371913
Nineteen_side_codes,ContextF,Co,11,R3,1.7410802113792543,1.6865886030998225
Nineteen_side_codes,ContextF,Co,12,L3,1.6319324760845337,1.5944891920861035
Nineteen_side_codes,ContextF,Co,13,L3,1.5454658163634933,1.5346798547686042
Nineteen_side_codes,ContextF,Co,14,L3,1.4916440335743009,1.4781919063611337
Nineteen_side_codes,ContextF,Co,15,L3,1.5973897869027276,1.601599640483822
Nineteen_side_codes,ContextF,Co,16,R4,1.581371319958306,1.5343294886990844
Nineteen_side_codes,ContextF,Co,17,L4,1.5914469030883158,1.5697152158651053
Nineteen_side_codes,ContextF,Co,18,R5,1.5409259033626792,1.5947853033411454
Nineteen_side_codes,ContextF,Co,19,L5,1.53269269164338,1.5659606796861125
Nineteen_side_codes,ContextF,Co,20,R6,1.6428786292044255,1.522622772021607
Nineteen_side_codes,ContextF,Co,21,R6,1.6798821710165428,1.5976105753191991
Nineteen_side_codes,ContextF,Co,22,R6,1.5899773804988853,1.580178043148808
Nineteen_side_codes,ContextF,Co,23,R6,1.683486032641178,1.6515216379689361
Nineteen_side_codes,ContextF,Co,25,R6,1.625731884581958,1.6386657793440174
Nineteen_side_codes,ContextF,Co,26,L6,1.553829418272936,1.567432010128888
Nineteen_side_codes,ContextF,Co,27,L6,1.4699144151719274,1.4608490227831001
Nineteen_side_codes,ContextF,Co,28,L6,1.5215778122599195,1.5534978004387272
Nineteen_side_codes,ContextF,Co,29,L6,1.624462121062192,1.5502332819940121
Nineteen_side_codes,ContextF,Co,30,L6,1.684974800687395,1.6215879545976601
Nineteen_side_codes,ContextF,Co,31,R7,1.3174037085394468,1.5305989218348623
Nineteen_side_codes,ContextF,Co,32,L7,1.563062518709283,1.578719785822988
Nineteen_side_codes,ContextF,Co,33,R8,1.36672428210215,1.51611208852946
Nineteen_side_codes,ContextF,Co,34,R8,1.5229469969188343,1.6795173195719875
Nineteen_side_codes,ContextF,Co,35,R8,1.6585088512884099,1.6535365062238394
Nineteen_side_codes,ContextF,Co,36,R8,1.7265398591290513,1.6605755396509958
Nineteen_side_codes,ContextF,Co,37,R8,1.7071819838497393,1.67009438403991
Nineteen_side_codes,ContextF,Co,38,L8,1.5268378575361417,1.5134063053571998
Nineteen_side_codes,ContextF,Co,39,L8,1.5408358236038475,1.6139100194611242
Nineteen_side_codes,ContextF,Co,40,L8,1.6229801112560343,1.622648024933787
Nineteen_side_codes,ContextF,Co,41,L8,1.4889644774518103,1.660119890435733
Nineteen_side_codes,ContextF,Co,42,R9,1.585724932096703,1.5576733982609703
Nineteen_side_codes,ContextF,Co,43,L9,1.6272004329589924,1.5342922497943579
Nineteen_side_codes,ContextF,Co,44,L10,1.6684441945719664,1.55180330901648
Nineteen_side_codes,ContextF,Ni,1,R1,1.9799457185199092,1.7837426711687137
Nineteen_side_codes,ContextF,Ni,2,R1,1.9100869998875398,1.9561478709431213
Nineteen_side_codes,ContextF,Ni,3,R1,1.826042318017792,1.7530174314069864
Nineteen_side_codes,ContextF,Ni,4,L1,1.8001323802752696,1.8179906923919265
Nineteen_side_codes,ContextF,Ni,5,R2,1.9387386015708294,1.9338055445617215
Nineteen_side_codes,ContextF,Ni,6,L2,1.7555798701479046,1.8013887288661552
Nineteen_side_codes,ContextF,Ni,7,R3,1.8361847614338342,1.8626547854703808
Nineteen_side_codes,ContextF,Ni,8,R3,1.956824321969751,1.9512146772361398
Nineteen_side_codes,ContextF,Ni,9,R3,1.8635227289439695,1.810949677699601
Nineteen_side_codes,ContextF,Ni,10,R3,1.780317262908934,1.8234473553434891
Nineteen_side_codes,ContextF,Ni,11,R3,1.9465196283038422,1.9088926098162673
Nineteen_side_codes,ContextF,Ni,12,L3,1.8522915298837745,1.8570681192473075
Nineteen_side_codes,ContextF,Ni,13,L3,1.742055197824842,1.7715366920296693
Nineteen_side_codes,ContextF,Ni,14,L3,1.7517853367360183,1.6991283490169615
Nineteen_side_codes,ContextF,Ni,15,L3,1.7878222403782134,1.840854375327837
Nineteen_side_codes,ContextF,Ni,16,R4,1.7998751615811301,1.7565121489531093
Nineteen_side_codes,ContextF,Ni,17,L4,1.9142882803440324,1.8155385900853085
Nineteen_side_codes,ContextF,Ni,18,R5,1.7498811167186816,1.8249338255753944
Nineteen_side_codes,ContextF,Ni,19,L5,1.7793873805050169,1.8169804054890735
Nineteen_side_codes,ContextF,Ni,20,R6,1.8442144456902358,1.7475381520968025
Nineteen_side_codes,ContextF,Ni,21,R6,1.8880790224863195,1.8219167133347713
Nineteen_side_codes,ContextF,Ni,22,R6,1.8093363011179682,1.7945852363529093
Nineteen_side_codes,ContextF,Ni,23,R6,1.9072420261542706,1.8702315818924364
Nineteen_side_codes,ContextF,Ni,25,R6,1.8030294602003294,1.8523801543695335
Nineteen_side_codes,ContextF,Ni,26,L6,1.8520752477668028,1.8164182222287644
Nineteen_side_codes,ContextF,Ni,27,L6,1.6597906094906874,1.6954181962040475
Nineteen_side_codes,ContextF,Ni,28,L6,1.8336636248862164,1.7936047997629028
Nineteen_side_codes,ContextF,Ni,29,L6,1.7977692139477586,1.7871545523400083
Nineteen_side_codes,ContextF,Ni,30,L6,1.8891963054106937,1.8633235328006101
Nineteen_side_codes,ContextF,Ni,31,R7,1.5405366541201015,1.7460972784228643
Nineteen_side_codes,ContextF,Ni,32,L7,1.8795331683093488,1.8256517127785925
Nineteen_side_codes,ContextF,Ni,33,R8,1.6828817009047188,1.715583342267801
Nineteen_side_codes,ContextF,Ni,34,R8,1.8538499541950157,1.8963261242064855
Nineteen_side_codes,ContextF,Ni,35,R8,1.8774536128324149,1.8612498225873042
Nineteen_side_codes,ContextF,Ni,36,R8,1.9080414306298896,1.8676462586853146
Nineteen_side_codes,ContextF,Ni,37,R8,1.905777762969521,1.8776600015982094
Nineteen_side_codes,ContextF,Ni,38,L8,1.776157801620899,1.7504843942086052
Nineteen_side_codes,ContextF,Ni,39,L8,1.9737802269951705,1.8384191303109627
Nineteen_side_codes,ContextF,Ni,40,L8,1.8528290847240552,1.842969982010243
Nineteen_side_codes,ContextF,Ni,41,L8,1.668161123059277,1.881959147924134
Nineteen_side_codes,ContextF,Ni,42,R9,1.6562853523182692,1.7952043945585392
Nineteen_side_codes,ContextF,Ni,43,L9,1.8268304813339766,1.7855287081357076
Nineteen_side_codes,ContextF,Ni,44,L10,1.7150096794441172,1.817779006242695
Nineteen_side_codes,ContextF,Mn,1,R1,2.5685462281861318,2.5550921427706466
Nineteen_side_codes,ContextF,Mn,2,R1,2.6611622159911597,2.7505136251246602
Nineteen_side_codes,ContextF,Mn,3,R1,2.6638832274593565,2.5202650499232386
Nineteen_side_codes,ContextF,Mn,4,L1,2.488157505401859,2.538304050980424
Nineteen_side_codes,ContextF,Mn,5,R2,2.712531039694305,2.7093988979465427
Nineteen_side_codes,ContextF,Mn,6,L2,2.3863869707160568,2.523731982726166
Nineteen_side_codes,ContextF,Mn,7,R3,2.5085860980768895,2.648566835906652
Nineteen_side_codes,ContextF,Mn,8,R3,2.6697281553156773,2.8385164150034567
Nineteen_side_codes,ContextF,Mn,9,R3,2.738398832507747,2.685033162810679
Nineteen_side_codes,ContextF,Mn,10,R3,2.8366294668774223,2.71180792826207
Nineteen_side_codes,ContextF,Mn,11,R3,2.9307837770497738,2.8338410671940144
Nineteen_side_codes,ContextF,Mn,12,L3,2.509384832487739,2.5861502991703893
Nineteen_side_codes,ContextF,Mn,13,L3,2.371103996065788,2.612086667446619
Nineteen_side_codes,ContextF,Mn,14,L3,2.422847844782801,2.5862466404501703
Nineteen_side_codes,ContextF,Mn,15,L3,2.6436898216542395,2.7416637290995087
Nineteen_side_codes,ContextF,Mn,16,R4,2.5746864716873072,2.512075727176924
Nineteen_side_codes,ContextF,Mn,17,L4,2.681160023005942,2.5301189964195374
Nineteen_side_codes,ContextF,Mn,18,R5,2.4958781717163117,2.5896863608176517
Nineteen_side_codes,ContextF,Mn,19,L5,2.569079210005922,2.528996223763861
Nineteen_side_codes,ContextF,Mn,20,R6,2.5898420070662436,2.504232629327914
Nineteen_side_codes,ContextF,Mn,21,R6,2.78149435424105,2.6496775631710485
Nineteen_side_codes,ContextF,Mn,22,R6,2.665869475606822,2.6788050507377705
Nineteen_side_codes,ContextF,Mn,23,R6,2.863771552954755,2.7865765402839036
Nineteen_side_codes,ContextF,Mn,25,R6,2.6920949011241344,2.793610987828817
Nineteen_side_codes,ContextF,Mn,26,L6,2.5984939227907087,2.528918528373996
Nineteen_side_codes,ContextF,Mn,27,L6,2.319989468181798,2.474459248150716
Nineteen_side_codes,ContextF,Mn,28,L6,2.74163664288831,2.5954606559476785
Nineteen_side_codes,ContextF,Mn,29,L6,2.6164519758121028,2.6226928465492296
Nineteen_side_codes,ContextF,Mn,30,L6,2.8006096076677993,2.710098904622644
Nineteen_side_codes,ContextF,Mn,31,R7,2.548084506719318,2.4545365961829266
Nineteen_side_codes,ContextF,Mn,32,L7,2.598880216451015,2.5449480097218187
Nineteen_side_codes,ContextF,Mn,33,R8,2.1888219738773858,2.510197327892377
Nineteen_side_codes,ContextF,Mn,34,R8,2.5766188912060906,2.793353625263278
Nineteen_side_codes,ContextF,Mn,35,R8,2.8309233723863803,2.7852971916269422
Nineteen_side_codes,ContextF,Mn,36,R8,2.8502199193439695,2.805597150786787
Nineteen_side_codes,ContextF,Mn,37,R8,2.8889432971001243,2.825095390481855
Nineteen_side_codes,ContextF,Mn,38,L8,2.479702447196275,2.4603319378021857
Nineteen_side_codes,ContextF,Mn,39,L8,2.7833688970758037,2.6647657710934234
Nineteen_side_codes,ContextF,Mn,40,L8,2.780794947729865,2.6930040953375602
Nineteen_side_codes,ContextF,Mn,41,L8,2.6484961120836967,2.748246568034031
Nineteen_side_codes,ContextF,Mn,42,R9,2.62769507640225,2.5372748704056862
Nineteen_side_codes,ContextF,Mn,43,L9,2.8942443382137326,2.474655360718024
Nineteen_side_codes,ContextF,Mn,44,L10,2.3032026516767665,2.5450232290012402
Nineteen_side_codes,ContextF,Pb,1,R1,2.1390423893344774,2.1032905222917155
Nineteen_side_codes,ContextF,Pb,2,R1,2.1980607261505636,2.330637319830659
Nineteen_side_codes,ContextF,Pb,3,R1,1.9729088099776286,2.0627738506798083
Nineteen_side_codes,ContextF,Pb,4,L1,1.9187507773905221,2.1323876015946412
Nineteen_side_codes,ContextF,Pb,5,R2,2.1921723027231748,2.287717981808473
Nineteen_side_codes,ContextF,Pb,6,L2,2.112623375847017,2.0903766408466167
Nineteen_side_codes,ContextF,Pb,7,R3,2.1880373037413365,2.1516716045638873
Nineteen_side_codes,ContextF,Pb,8,R3,2.413446419603822,2.1527629622110367
Nineteen_side_codes,ContextF,Pb,9,R3,1.9410876009978146,1.9583138861284188
Nineteen_side_codes,ContextF,Pb,10,R3,2.035328696851712,1.958508631122494
Nineteen_side_codes,ContextF,Pb,11,R3,2.0616352870928294,2.0396433963004346
Nineteen_side_codes,ContextF,Pb,12,L3,2.2121717176595186,2.162644602287464
Nineteen_side_codes,ContextF,Pb,13,L3,2.051043779040838,1.930981305460119
Nineteen_side_codes,ContextF,Pb,14,L3,1.9430364525853001,1.7861056230402101
Nineteen_side_codes,ContextF,Pb,15,L3,1.93428242242007,1.9572733683794914
Nineteen_side_codes,ContextF,Pb,16,R4,1.9300685096781087,2.0498844150727376
Nineteen_side_codes,ContextF,Pb,17,L4,2.1191857166759074,2.1257473212877676
Nineteen_side_codes,ContextF,Pb,18,R5,2.085804610916909,2.120288866648392
Nineteen_side_codes,ContextF,Pb,19,L5,2.1923102770027367,2.107146261315382
Nineteen_side_codes,ContextF,Pb,20,R6,2.0521981836199616,2.030895683489485
Nineteen_side_codes,ContextF,Pb,21,R6,2.077552819396845,2.0471110704579445
Nineteen_side_codes,ContextF,Pb,22,R6,1.9932907068763837,1.9371103046454585
Nineteen_side_codes,ContextF,Pb,23,R6,2.007733142631876,2.0041942033119637
Nineteen_side_codes,ContextF,Pb,25,R6,2.0685711817722483,1.9474551280129833
Nineteen_side_codes,ContextF,Pb,26,L6,2.18260867001439,2.1248530925783697
Nineteen_side_codes,ContextF,Pb,27,L6,1.9420832942253636,1.8875899208206723
Nineteen_side_codes,ContextF,Pb,28,L6,1.8247984530826944,1.9967659979444758
Nineteen_side_codes,ContextF,Pb,29,L6,1.869208533367542,1.9514154969797852
Nineteen_side_codes,ContextF,Pb,30,L6,2.0535002840738064,2.043121786587148
Nineteen_side_codes,ContextF,Pb,31,R7,1.8558808777672784,1.99973873094503
Nineteen_side_codes,ContextF,Pb,32,L7,2.109613760928575,2.1366242012720806
Nineteen_side_codes,ContextF,Pb,33,R8,1.8678001347657514,1.9911183044834273
Nineteen_side_codes,ContextF,Pb,34,R8,2.116832117933757,2.09927368484372
Nineteen_side_codes,ContextF,Pb,35,R8,1.9515809611464396,2.0280713851290786
Nineteen_side_codes,ContextF,Pb,36,R8,2.033330762423285,2.0208925805953
Nineteen_side_codes,ContextF,Pb,37,R8,1.8462816193154556,2.022804699415888
Nineteen_side_codes,ContextF,Pb,38,L8,1.9579261567138497,2.045218672132646
Nineteen_side_codes,ContextF,Pb,39,L8,1.8630052023004837,2.0143310541473607
Nineteen_side_codes,ContextF,Pb,40,L8,1.9934400944196455,1.989962696351851
Nineteen_side_codes,ContextF,Pb,41,L8,1.9512612429461265,2.0219158473077528
Nineteen_side_codes,ContextF,Pb,42,R9,2.37987783156262,2.0446198283567245
Nineteen_side_codes,ContextF,Pb,43,L9,2.1603629004817453,2.072684896728591
Nineteen_side_codes,ContextF,Pb,44,L10,2.255752266560607,2.0968573682854883
Nineteen_side_codes,ContextF,Cd,1,R1,0.9141139345900874,1.014603253281913
Nineteen_side_codes,ContextF,Cd,2,R1,1.0498607664433768,0.9169537500151169
Nineteen_side_codes,ContextF,Cd,3,R1,1.074960553998697,1.0320058861747248
Nineteen_side_codes,ContextF,Cd,4,L1,1.3095835916514824,0.8878036937524221
Nineteen_side_codes,ContextF,Cd,5,R2,0.8387245155661224,0.9748651490106839
Nineteen_side_codes,ContextF,Cd,6,L2,0.8347611161955296,0.9348318539637791
Nineteen_side_codes,ContextF,Cd,7,R3,1.0112577445672106,1.0000474484005988
Nineteen_side_codes,ContextF,Cd,8,R3,0.8215840920732526,0.9196456547488348
Nineteen_side_codes,ContextF,Cd,9,R3,1.179598158358791,0.9493686307385685
Nineteen_side_codes,ContextF,Cd,10,R3,0.6097008766229677,0.9380428657170281
Nineteen_side_codes,ContextF,Cd,11,R3,0.7260301739502105,0.9010335090469666
Nineteen_side_codes,ContextF,Cd,12,L3,1.199123329611036,0.8657784432676505
Nineteen_side_codes,ContextF,Cd,13,L3,1.1174675566546795,0.872743023146317
Nineteen_side_codes,ContextF,Cd,14,L3,0.8539197650431718,0.8983880102254627
Nineteen_side_codes,ContextF,Cd,15,L3,0.6660267827402552,0.8048743786111763
Nineteen_side_codes,ContextF,Cd,16,R4,1.6993429884446185,0.968149449974921
Nineteen_side_codes,ContextF,Cd,17,L4,0.7393035046433206,0.9304767274879154
Nineteen_side_codes,ContextF,Cd,18,R5,0.6308366584963743,1.0357459943190999
Nineteen_side_codes,ContextF,Cd,19,L5,0.9498015066690076,0.9177984536963393
Nineteen_side_codes,ContextF,Cd,20,R6,0.7836544547210236,1.016478031280028
Nineteen_side_codes,ContextF,Cd,21,R6,0.758250631863743,0.8887559889400498
Nineteen_side_codes,ContextF,Cd,22,R6,1.5783119746726995,0.8093230624797094
Nineteen_side_codes,ContextF,Cd,23,R6,1.706712623365046,0.7408715283743038
Nineteen_side_codes,ContextF,Cd,25,R6,1.1159995751084812,0.7073392525767269
Nineteen_side_codes,ContextF,Cd,26,L6,0.9970737783040711,0.904714114711977
Nineteen_side_codes,ContextF,Cd,27,L6,0.8748852399674495,0.9327237064758959
Nineteen_side_codes,ContextF,Cd,28,L6,1.1776029670043586,0.8649492908305425
Nineteen_side_codes,ContextF,Cd,29,L6,0.7359019498464204,0.8487693430685291
Nineteen_side_codes,ContextF,Cd,30,L6,0.7296323991616593,0.7999823404793522
Nineteen_side_codes,ContextF,Cd,31,R7,0.884101645697944,1.0891380166326827
Nineteen_side_codes,ContextF,Cd,32,L7,0.7881126092955352,0.9233455055471176
Nineteen_side_codes,ContextF,Cd,33,R8,0.9801351990164437,1.0783241308882185
Nineteen_side_codes,ContextF,Cd,34,R8,0.8004995804885306,0.9513389279948264
Nineteen_side_codes,ContextF,Cd,35,R8,0.5710491285272509,0.9590945441769098
Nineteen_side_codes,ContextF,Cd,36,R8,0.6442197760203031,0.950898794243693
Nineteen_side_codes,ContextF,Cd,37,R8,0.9002452743695599,0.9424911566060155
Nineteen_side_codes,ContextF,Cd,38,L8,0.7621768752011353,0.9837851387260528
Nineteen_side_codes,ContextF,Cd,39,L8,0.5880746747401445,0.9088249341794649
Nineteen_side_codes,ContextF,Cd,40,L8,0.6365469676977639,0.8986280391757084
Nineteen_side_codes,ContextF,Cd,41,L8,0.5678100188480059,0.878056781969111
Nineteen_side_codes,ContextF,Cd,42,R9,0.6674262609880519,1.0552870830650367
Nineteen_side_codes,ContextF,Cd,43,L9,0.6232198615571751,0.9554776147415214
Nineteen_side_codes,ContextF,Cd,44,L10,1.5616978655130405,0.8726431020819789
Nineteen_side_codes,ContextFC,Fe,1,R1,3.9699041305557037,3.9219134901616157
Nineteen_side_codes,ContextFC,Fe,2,R1,4.141790543325649,4.238997023836343
Nineteen_side_codes,ContextFC,Fe,3,R1,4.099913613642454,3.8851031423932096
Nineteen_side_codes,ContextFC,Fe,4,L1,3.838437700455513,3.9241969298334394
Nineteen_side_codes,ContextFC,Fe,5,R2,4.194525622405122,4.170953798514373
Nineteen_side_codes,ContextFC,Fe,6,L2,3.8947486240449836,3.805200181939057
Nineteen_side_codes,ContextFC,Fe,7,R3,3.981532663897732,4.045755980011223
Nineteen_side_codes,ContextFC,Fe,8,R3,4.154186056538937,4.287893290637718
Nineteen_side_codes,ContextFC,Fe,9,R3,4.334375495649785,4.0772824995524575
Nineteen_side_codes,ContextFC,Fe,10,R3,4.240471373303819,4.0999370975481915
Nineteen_side_codes,ContextFC,Fe,11,R3,4.37236903689325,4.251638452390819
Nineteen_side_codes,ContextFC,Fe,12,L3,4.022367938399275,3.9646707125481293
Nineteen_side_codes,ContextFC,Fe,13,L3,3.8058319041191244,3.7324968050068863
Nineteen_side_codes,ContextFC,Fe,14,L3,3.7909572959523423,3.8906389566762725
Nineteen_side_codes,ContextFC,Fe,15,L3,3.801818791295686,4.171667821426545
Nineteen_side_codes,ContextFC,Fe,16,R4,3.9235765039866033,3.8659064723448058
Nineteen_side_codes,ContextFC,Fe,17,L4,4.105525339763128,4.021652524235518
Nineteen_side_codes,ContextFC,Fe,18,R5,3.9496167552353114,3.9384206483705917
Nineteen_side_codes,ContextFC,Fe,19,L5,3.9221878711008795,3.996774933313084
Nineteen_side_codes,ContextFC,Fe,20,R6,3.969530818956507,3.8972268489329447
Nineteen_side_codes,ContextFC,Fe,21,R6,4.065836475701826,4.080462521759258
Nineteen_side_codes,ContextFC,Fe,22,R6,4.067269159717916,4.093256508523677
Nineteen_side_codes,ContextFC,Fe,23,R6,4.330521434952681,4.23209046359615
Nineteen_side_codes,ContextFC,Fe,25,R6,3.9894919867408527,4.184514646858026
Nineteen_side_codes,ContextFC,Fe,26,L6,4.013166733005109,4.012415656440437
Nineteen_side_codes,ContextFC,Fe,27,L6,3.7448445376170065,3.613842410764628
Nineteen_side_codes,ContextFC,Fe,28,L6,3.913446912779809,4.006474489602967
Nineteen_side_codes,ContextFC,Fe,29,L6,3.9995957843997787,4.0446676825242145
Nineteen_side_codes,ContextFC,Fe,30,L6,4.21682429876918,4.154389514708933
Nineteen_side_codes,ContextFC,Fe,31,R7,3.236736968068515,3.8810383538474773
Nineteen_side_codes,ContextFC,Fe,32,L7,4.058725891288905,4.012226710498832
Nineteen_side_codes,ContextFC,Fe,33,R8,3.624059287220689,3.7320270740647756
Nineteen_side_codes,ContextFC,Fe,34,R8,3.9993210868374445,4.236207021078024
Nineteen_side_codes,ContextFC,Fe,35,R8,4.281458002761675,4.1938926795848195
Nineteen_side_codes,ContextFC,Fe,36,R8,4.284837010720588,4.211747850284381
Nineteen_side_codes,ContextFC,Fe,37,R8,4.376327216751587,4.229466314646596
Nineteen_side_codes,ContextFC,Fe,38,L8,3.955664332146309,3.871784737985381
Nineteen_side_codes,ContextFC,Fe,39,L8,4.230014693357475,4.0922711667602885
Nineteen_side_codes,ContextFC,Fe,40,L8,4.194887685353898,4.113818209387001
Nineteen_side_codes,ContextFC,Fe,41,L8,4.0770948480869995,4.1768264488606555
Nineteen_side_codes,ContextFC,Fe,42,R9,4.0355215587684565,3.846462052383793
Nineteen_side_codes,ContextFC,Fe,43,L9,4.280788964121205,3.9344977364282236
Nineteen_side_codes,ContextFC,Fe,44,L10,3.763673617189123,4.045700920958313
Nineteen_side_codes,ContextFC,Zn,1,R1,2.1989536304897537,2.0705673326106258
Nineteen_side_codes,ContextFC,Zn,2,R1,2.174649876266943,2.3523293379011476
Nineteen_side_codes,ContextFC,Zn,3,R1,1.9918928190648517,2.0129357437731987
Nineteen_side_codes,ContextFC,Zn,4,L1,2.1466226335180894,2.249600883745434
Nineteen_side_codes,ContextFC,Zn,5,R2,2.159629191468565,2.3117326604890636
Nineteen_side_codes,ContextFC,Zn,6,L2,2.1973109991682187,2.2380198199202326
Nineteen_side_codes,ContextFC,Zn,7,R3,2.454129018500211,2.131225732586791
Nineteen_side_codes,ContextFC,Zn,8,R3,2.2693454373103394,2.112647850622017
Nineteen_side_codes,ContextFC,Zn,9,R3,1.768166858747059,1.87261855910233
Nineteen_side_codes,ContextFC,Zn,10,R3,1.7839096077554455,1.8716773654777907
Nineteen_side_codes,ContextFC,Zn,11,R3,1.9656049761780043,1.967144887043659
Nineteen_side_codes,ContextFC,Zn,12,L3,2.2036008477699958,2.334124535436724
Nineteen_side_codes,ContextFC,Zn,13,L3,2.032275875134674,2.126224182396596
Nineteen_side_codes,ContextFC,Zn,14,L3,1.8419980678938317,1.857777811093717
Nineteen_side_codes,ContextFC,Zn,15,L3,1.698918691946475,2.0342726529508672
Nineteen_side_codes,ContextFC,Zn,16,R4,1.9201796155266406,2.010661922572
Nineteen_side_codes,ContextFC,Zn,17,L4,2.531214205402354,2.1777138915262744
Nineteen_side_codes,ContextFC,Zn,18,R5,2.011106046674824,2.11834879048032
Nineteen_side_codes,ContextFC,Zn,19,L5,2.3933869112519583,2.1944367151155997
Nineteen_side_codes,ContextFC,Zn,20,R6,1.9651816918008678,2.002364842369069
Nineteen_side_codes,ContextFC,Zn,21,R6,1.9065108044253947,1.9933002347048236
Nineteen_side_codes,ContextFC,Zn,22,R6,1.8121825285664748,1.839819751316506
Nineteen_side_codes,ContextFC,Zn,23,R6,1.8901991268088436,1.9089918817586309
Nineteen_side_codes,ContextFC,Zn,25,R6,2.010508198624099,1.842584354541669
Nineteen_side_codes,ContextFC,Zn,26,L6,2.3582273468460753,2.215186766683976
Nineteen_side_codes,ContextFC,Zn,27,L6,1.9536994484984977,1.9840513105628281
Nineteen_side_codes,ContextFC,Zn,28,L6,1.8966287369841246,2.041142293717136
Nineteen_side_codes,ContextFC,Zn,29,L6,1.9553987876610721,1.967196452432231
Nineteen_side_codes,ContextFC,Zn,30,L6,2.075072362939981,2.0835737943001096
Nineteen_side_codes,ContextFC,Zn,31,R7,1.9076410462641036,1.9358714537620132
Nineteen_side_codes,ContextFC,Zn,32,L7,2.145074172589198,2.247498925557154
Nineteen_side_codes,ContextFC,Zn,33,R8,2.148225740344541,1.9023703412464774
Nineteen_side_codes,ContextFC,Zn,34,R8,2.0837855312901468,2.0066969354415636
Nineteen_side_codes,ContextFC,Zn,35,R8,1.8126684133519608,1.9007933237661205
Nineteen_side_codes,ContextFC,Zn,36,R8,1.9385475209128067,1.8884565855704516
Nineteen_side_codes,ContextFC,Zn,37,R8,1.872061859945988,1.8906032572074927
Nineteen_side_codes,ContextFC,Zn,38,L8,2.10669821794358,2.1054104587776257
Nineteen_side_codes,ContextFC,Zn,39,L8,2.140932741484528,1.9876916869355916
Nineteen_side_codes,ContextFC,Zn,40,L8,2.0259511723860424,1.9429390166610023
Nineteen_side_codes,ContextFC,Zn,41,L8,2.265676703620766,1.9734111382168091
Nineteen_side_codes,ContextFC,Zn,42,R9,2.0008712909893847,2.0622122434394026
Nineteen_side_codes,ContextFC,Zn,43,L9,2.0514838307909176,2.1749146181213344
Nineteen_side_codes,ContextFC,Zn,44,L10,2.0923455263267265,2.2104014103613805
Nineteen_side_codes,ContextFC,Cu,1,R1,1.9403631993305812,1.6824915738201136
Nineteen_side_codes,ContextFC,Cu,2,R1,2.157318420174079,1.9981230764795408
Nineteen_side_codes,ContextFC,Cu,3,R1,1.7039461137187781,1.6053213839687148
Nineteen_side_codes,ContextFC,Cu,4,L1,2.026744854144931,1.85580861347258
Nineteen_side_codes,ContextFC,Cu,5,R2,1.957838616037878,2.014958719030817
Nineteen_side_codes,ContextFC,Cu,6,L2,2.01132550453274,1.8756860431168507
Nineteen_side_codes,ContextFC,Cu,7,R3,1.836637835092653,1.8622163034161143
Nineteen_side_codes,ContextFC,Cu,8,R3,1.9979888817750278,1.9175996383530016
Nineteen_side_codes,ContextFC,Cu,9,R3,1.6338868038971461,1.4848824607956401
Nineteen_side_codes,ContextFC,Cu,10,R3,1.4980690006556865,1.508474951693466
Nineteen_side_codes,ContextFC,Cu,11,R3,1.5678715874641451,1.7190521712747115
Nineteen_side_codes,ContextFC,Cu,12,L3,2.076322751091403,1.9490861084026978
Nineteen_side_codes,ContextFC,Cu,13,L3,1.7663694198355369,1.7740041496680734
Nineteen_side_codes,ContextFC,Cu,14,L3,1.5745883904455336,1.3632586721478586
Nineteen_side_codes,ContextFC,Cu,15,L3,1.5940604456116887,1.609721832554488
Nineteen_side_codes,ContextFC,Cu,16,R4,1.5978356196263328,1.6248096967702352
Nineteen_side_codes,ContextFC,Cu,17,L4,1.9875607116066278,1.7526848243646551
Nineteen_side_codes,ContextFC,Cu,18,R5,1.6261701481254922,1.8027398081828117
Nineteen_side_codes,ContextFC,Cu,19,L5,1.8660122805042152,1.778439557486172
Nineteen_side_codes,ContextFC,Cu,20,R6,1.7657509329756096,1.5530865565613046
Nineteen_side_codes,ContextFC,Cu,21,R6,1.6504294953088092,1.6041467265556284
Nineteen_side_codes,ContextFC,Cu,22,R6,1.5273821766896474,1.4288496277765999
Nineteen_side_codes,ContextFC,Cu,23,R6,1.6723870171559574,1.5672434674322884
Nineteen_side_codes,ContextFC,Cu,25,R6,1.7506759071181905,1.529005298871407
Nineteen_side_codes,ContextFC,Cu,26,L6,1.7211875481254704,1.8103280683620127
Nineteen_side_codes,ContextFC,Cu,27,L6,1.602399810333962,1.623931882011843
Nineteen_side_codes,ContextFC,Cu,28,L6,1.6167566255481636,1.6488153085523123
Nineteen_side_codes,ContextFC,Cu,29,L6,1.5432834819171881,1.5617928349739199
Nineteen_side_codes,ContextFC,Cu,30,L6,1.6666443391481212,1.752775972927909
Nineteen_side_codes,ContextFC,Cu,31,R7,1.520147162366568,1.5341242948651144
Nineteen_side_codes,ContextFC,Cu,32,L7,1.6612468421372524,1.8383733778233278
Nineteen_side_codes,ContextFC,Cu,33,R8,1.3527586259653261,1.628908756639556
Nineteen_side_codes,ContextFC,Cu,34,R8,1.6116436826791583,1.7355202289140224
Nineteen_side_codes,ContextFC,Cu,35,R8,1.4201913003814255,1.6267530116640305
Nineteen_side_codes,ContextFC,Cu,36,R8,1.7112797326392286,1.6252912212743948
Nineteen_side_codes,ContextFC,Cu,37,R8,1.4579609361314967,1.6410833686878215
Nineteen_side_codes,ContextFC,Cu,38,L8,1.631164747955207,1.6616046038230392
Nineteen_side_codes,ContextFC,Cu,39,L8,1.5875680078206353,1.6574024628682065
Nineteen_side_codes,ContextFC,Cu,40,L8,1.5456717897574226,1.6288843823963024
Nineteen_side_codes,ContextFC,Cu,41,L8,1.7563560461439542,1.6991447090409049
Nineteen_side_codes,ContextFC,Cu,42,R9,1.5617214195073925,1.741236822232271
Nineteen_side_codes,ContextFC,Cu,43,L9,1.5135808067166654,1.7215329900889005
Nineteen_side_codes,ContextFC,Cu,44,L10,1.5750716262447924,1.7712679007957193
Nineteen_side_codes,ContextFC,Cr,1,R1,1.5392769858727735,1.540839088387509
Nineteen_side_codes,ContextFC,Cr,2,R1,1.5663786143980676,1.746697458724066
Nineteen_side_codes,ContextFC,Cr,3,R1,1.638657479648857,1.5231130144486464
Nineteen_side_codes,ContextFC,Cr,4,L1,1.4293978573405213,1.5103314761855795
Nineteen_side_codes,ContextFC,Cr,5,R2,1.659728242155406,1.682258501525654
Nineteen_side_codes,ContextFC,Cr,6,L2,1.5169626684485797,1.4042871144782518
Nineteen_side_codes,ContextFC,Cr,7,R3,1.454984804820921,1.6070252588032043
Nineteen_side_codes,ContextFC,Cr,8,R3,1.6299029284201454,1.7080619261032937
Nineteen_side_codes,ContextFC,Cr,9,R3,1.7028764766931734,1.5921024412110558
Nineteen_side_codes,ContextFC,Cr,10,R3,1.7098135184786756,1.5942887872899585
Nineteen_side_codes,ContextFC,Cr,11,R3,1.7879579935686536,1.6628732736415832
Nineteen_side_codes,ContextFC,Cr,12,L3,1.5389022010418798,1.5201586344000255
Nineteen_side_codes,ContextFC,Cr,13,L3,1.3737003766354485,1.306916194558005
Nineteen_side_codes,ContextFC,Cr,14,L3,1.191896047836166,1.497145430267976
Nineteen_side_codes,ContextFC,Cr,15,L3,1.370609114870662,1.6333437309528511
Nineteen_side_codes,ContextFC,Cr,16,R4,1.4151299242035673,1.5147977233117091
Nineteen_side_codes,ContextFC,Cr,17,L4,1.7791780967059945,1.5874070943873742
Nineteen_side_codes,ContextFC,Cr,18,R5,1.3497610177741644,1.545885085477886
Nineteen_side_codes,ContextFC,Cr,19,L5,1.4702192649062535,1.5861160424427845
Nineteen_side_codes,ContextFC,Cr,20,R6,1.4546167055182608,1.5508856936231263
Nineteen_side_codes,ContextFC,Cr,21,R6,1.6439816915194139,1.6282149623397666
Nineteen_side_codes,ContextFC,Cr,22,R6,1.556100190143346,1.6230057206707098
Nineteen_side_codes,ContextFC,Cr,23,R6,1.7225002052378007,1.681484665818243
Nineteen_side_codes,ContextFC,Cr,25,R6,1.3618028668703182,1.6287508875223926
Nineteen_side_codes,ContextFC,Cr,26,L6,1.5221519105774202,1.598626146354578
Nineteen_side_codes,ContextFC,Cr,27,L6,1.2932383769391433,1.2770281047592853
Nineteen_side_codes,ContextFC,Cr,28,L6,1.5461487948373298,1.5508997095837083
Nineteen_side_codes,ContextFC,Cr,29,L6,1.4181035020994708,1.568058925981882
Nineteen_side_codes,ContextFC,Cr,30,L6,1.6318991482906486,1.6082422044682176
Nineteen_side_codes,ContextFC,Cr,31,R7,1.1935799776319382,1.498068176307261
Nineteen_side_codes,ContextFC,Cr,32,L7,1.62710026540888,1.5866960303037008
Nineteen_side_codes,ContextFC,Cr,33,R8,1.6689242261555788,1.3321516859323228
Nineteen_side_codes,ContextFC,Cr,34,R8,1.661756870761001,1.6492334774120914
Nineteen_side_codes,ContextFC,Cr,35,R8,1.7685762881701927,1.6045098076307176
Nineteen_side_codes,ContextFC,Cr,36,R8,1.7166288867147004,1.6056823140697933
Nineteen_side_codes,ContextFC,Cr,37,R8,1.7907227690496925,1.6079821186246266
Nineteen_side_codes,ContextFC,Cr,38,L8,1.515441783279631,1.5135108096019703
Nineteen_side_codes,ContextFC,Cr,39,L8,1.6320040630107877,1.572793704935769
Nineteen_side_codes,ContextFC,Cr,40,L8,1.6542253445593238,1.571029047212111
Nineteen_side_codes,ContextFC,Cr,41,L8,1.594113341877074,1.592085253800606
Nineteen_side_codes,ContextFC,Cr,42,R9,1.6457511849282858,1.4649218214167996
Nineteen_side_codes,ContextFC,Cr,43,L9,1.8088679912525394,1.549551647430476
Nineteen_side_codes,ContextFC,Cr,44,L10,1.6748360705413563,1.5901713897983627
Nineteen_side_codes,ContextFC,Co,1,R1,1.6828148947268338,1.567200383566008
Nineteen_side_codes,ContextFC,Co,2,R1,1.6334649812376287,1.7170343306749773
Nineteen_side_codes,ContextFC,Co,3,R1,1.5768947223416294,1.5464551123030492
Nineteen_side_codes,ContextFC,Co,4,L1,1.4762245604602662,1.561882960813227
Nineteen_side_codes,ContextFC,Co,5,R2,1.733565106370176,1.673389576261065
Nineteen_side_codes,ContextFC,Co,6,L2,1.5124893055550932,1.5207852128277526
Nineteen_side_codes,ContextFC,Co,7,R3,1.6240360756658063,1.6175156622212148
Nineteen_side_codes,ContextFC,Co,8,R3,1.7056784709120685,1.7022485790659991
Nineteen_side_codes,ContextFC,Co,9,R3,1.6478524600339701,1.6138561755786234
Nineteen_side_codes,ContextFC,Co,10,R3,1.5938164763706606,1.6213071297708235
Nineteen_side_codes,ContextFC,Co,11,R3,1.7410802113792543,1.6800768870097789
Nineteen_side_codes,ContextFC,Co,12,L3,1.6319324760845337,1.5615378605269679
Nineteen_side_codes,ContextFC,Co,13,L3,1.5454658163634933,1.42348220016103
Nineteen_side_codes,ContextFC,Co,14,L3,1.4916440335743009,1.4791596339995972
Nineteen_side_codes,ContextFC,Co,15,L3,1.5973897869027276,1.6022052520196686
Nineteen_side_codes,ContextFC,Co,16,R4,1.581371319958306,1.5382327484214573
Nineteen_side_codes,ContextFC,Co,17,L4,1.5914469030883158,1.591266083700101
Nineteen_side_codes,ContextFC,Co,18,R5,1.5409259033626792,1.5831077443448174
Nineteen_side_codes,ContextFC,Co,19,L5,1.53269269164338,1.5804718174715113
Nineteen_side_codes,ContextFC,Co,20,R6,1.6428786292044255,1.535532219096278
Nineteen_side_codes,ContextFC,Co,21,R6,1.6798821710165428,1.6063967131550347
Nineteen_side_codes,ContextFC,Co,22,R6,1.5899773804988853,1.592836380876159
Nineteen_side_codes,ContextFC,Co,23,R6,1.683486032641178,1.656653318648584
Nineteen_side_codes,ContextFC,Co,25,R6,1.625731884581958,1.6346700332048036
Nineteen_side_codes,ContextFC,Co,26,L6,1.553829418272936,1.5841099984056144
Nineteen_side_codes,ContextFC,Co,27,L6,1.4699144151719274,1.4097924314556312
Nineteen_side_codes,ContextFC,Co,28,L6,1.5215778122599195,1.5584010478704342
Nineteen_side_codes,ContextFC,Co,29,L6,1.624462121062192,1.5621779323115732
Nineteen_side_codes,ContextFC,Co,30,L6,1.684974800687395,1.616780739209908
Nineteen_side_codes,ContextFC,Co,31,R7,1.3174037085394468,1.5359425911994955
Nineteen_side_codes,ContextFC,Co,32,L7,1.563062518709283,1.591332496977192
Nineteen_side_codes,ContextFC,Co,33,R8,1.36672428210215,1.5024093606676268
Nineteen_side_codes,ContextFC,Co,34,R8,1.5229469969188343,1.681540774812128
Nineteen_side_codes,ContextFC,Co,35,R8,1.6585088512884099,1.6570426296836849
Nineteen_side_codes,ContextFC,Co,36,R8,1.7265398591290513,1.662384475662814
Nineteen_side_codes,ContextFC,Co,37,R8,1.7071819838497393,1.669209680328253
Nineteen_side_codes,ContextFC,Co,38,L8,1.5268378575361417,1.5326736134128187
Nineteen_side_codes,ContextFC,Co,39,L8,1.5408358236038475,1.621033799932728
Nineteen_side_codes,ContextFC,Co,40,L8,1.6229801112560343,1.6278467198553346
Nineteen_side_codes,ContextFC,Co,41,L8,1.4889644774518103,1.657704812903122
Nineteen_side_codes,ContextFC,Co,42,R9,1.585724932096703,1.542808245030324
Nineteen_side_codes,ContextFC,Co,43,L9,1.6272004329589924,1.5564480061740886
Nineteen_side_codes,ContextFC,Co,44,L10,1.6684441945719664,1.570504841108966
Nineteen_side_codes,ContextFC,Ni,1,R1,1.9799457185199092,1.7826689078422544
Nineteen_side_codes,ContextFC,Ni,2,R1,1.9100869998875398,1.9441957687128029
Nineteen_side_codes,ContextFC,Ni,3,R1,1.826042318017792,1.761778135815635
Nineteen_side_codes,ContextFC,Ni,4,L1,1.8001323802752696,1.80261179640732
Nineteen_side_codes,ContextFC,Ni,5,R2,1.9387386015708294,1.9202212125127942
Nineteen_side_codes,ContextFC,Ni,6,L2,1.7555798701479046,1.7607896160020435
Nineteen_side_codes,ContextFC,Ni,7,R3,1.8361847614338342,1.8495150756822336
Nineteen_side_codes,ContextFC,Ni,8,R3,1.956824321969751,1.9318037761974958
Nineteen_side_codes,ContextFC,Ni,9,R3,1.8635227289439695,1.8339144143657202
Nineteen_side_codes,ContextFC,Ni,10,R3,1.780317262908934,1.8396063775695382
Nineteen_side_codes,ContextFC,Ni,11,R3,1.9465196283038422,1.9003292125584772
Nineteen_side_codes,ContextFC,Ni,12,L3,1.8522915298837745,1.8243457551419413
Nineteen_side_codes,ContextFC,Ni,13,L3,1.742055197824842,1.6611117116248049
Nineteen_side_codes,ContextFC,Ni,14,L3,1.7517853367360183,1.7000893522493736
Nineteen_side_codes,ContextFC,Ni,15,L3,1.7878222403782134,1.8414557786777082
Nineteen_side_codes,ContextFC,Ni,16,R4,1.7998751615811301,1.7615315502173958
Nineteen_side_codes,ContextFC,Ni,17,L4,1.9142882803440324,1.840076188483023
Nineteen_side_codes,ContextFC,Ni,18,R5,1.7498811167186816,1.810069063308403
Nineteen_side_codes,ContextFC,Ni,19,L5,1.7793873805050169,1.8354703569329511
Nineteen_side_codes,ContextFC,Ni,20,R6,1.8442144456902358,1.7655940249593551
Nineteen_side_codes,ContextFC,Ni,21,R6,1.8880790224863195,1.8342054958673695
Nineteen_side_codes,ContextFC,Ni,22,R6,1.8093363011179682,1.8122898936735734
Nineteen_side_codes,ContextFC,Ni,23,R6,1.9072420261542706,1.877409036773888
Nineteen_side_codes,ContextFC,Ni,25,R6,1.8030294602003294,1.846791480907118
Nineteen_side_codes,ContextFC,Ni,26,L6,1.8520752477668028,1.834384884872568
Nineteen_side_codes,ContextFC,Ni,27,L6,1.6597906094906874,1.6404165654975909
Nineteen_side_codes,ContextFC,Ni,28,L6,1.8336636248862164,1.7988869111904255
Nineteen_side_codes,ContextFC,Ni,29,L6,1.7977692139477586,1.8000221415895645
Nineteen_side_codes,ContextFC,Ni,30,L6,1.8891963054106937,1.858144873618535
Nineteen_side_codes,ContextFC,Ni,31,R7,1.5405366541201015,1.7528042292929846
Nineteen_side_codes,ContextFC,Ni,32,L7,1.8795331683093488,1.840805714184727
Nineteen_side_codes,ContextFC,Ni,33,R8,1.6828817009047188,1.694968058888603
Nineteen_side_codes,ContextFC,Ni,34,R8,1.8538499541950157,1.8993703431095557
Nineteen_side_codes,ContextFC,Ni,35,R8,1.8774536128324149,1.8665246648972424
Nineteen_side_codes,ContextFC,Ni,36,R8,1.9080414306298896,1.870367740778113
Nineteen_side_codes,ContextFC,Ni,37,R8,1.905777762969521,1.8763289952536084
Nineteen_side_codes,ContextFC,Ni,38,L8,1.776157801620899,1.7722444512387816
Nineteen_side_codes,ContextFC,Ni,39,L8,1.9737802269951705,1.846464565038278
Nineteen_side_codes,ContextFC,Ni,40,L8,1.8528290847240552,1.8488412691484775
Nineteen_side_codes,ContextFC,Ni,41,L8,1.668161123059277,1.8792316145972043
Nineteen_side_codes,ContextFC,Ni,42,R9,1.6562853523182692,1.7793146029450135
Nineteen_side_codes,ContextFC,Ni,43,L9,1.8268304813339766,1.819156345819765
Nineteen_side_codes,ContextFC,Ni,44,L10,1.7150096794441172,1.854818077771616
Nineteen_side_codes,ContextFC,Mn,1,R1,2.5685462281861318,2.5513904903472877
Nineteen_side_codes,ContextFC,Mn,2,R1,2.6611622159911597,2.709310384992605
Nineteen_side_codes,ContextFC,Mn,3,R1,2.6638832274593565,2.550466381916521
Nineteen_side_codes,ContextFC,Mn,4,L1,2.488157505401859,2.4859613707142922
Nineteen_side_codes,ContextFC,Mn,5,R2,2.712531039694305,2.6634056892448976
Nineteen_side_codes,ContextFC,Mn,6,L2,2.3863869707160568,2.3840707672584105
Nineteen_side_codes,ContextFC,Mn,7,R3,2.5085860980768895,2.607760918448107
Nineteen_side_codes,ContextFC,Mn,8,R3,2.6697281553156773,2.778235051232897
Nineteen_side_codes,ContextFC,Mn,9,R3,2.738398832507747,2.7563511115297703
Nineteen_side_codes,ContextFC,Mn,10,R3,2.8366294668774223,2.7619904465823537
Nineteen_side_codes,ContextFC,Mn,11,R3,2.9307837770497738,2.807247079404319
Nineteen_side_codes,ContextFC,Mn,12,L3,2.509384832487739,2.4962833163701186
Nineteen_side_codes,ContextFC,Mn,13,L3,2.371103996065788,2.308821298758387
Nineteen_side_codes,ContextFC,Mn,14,L3,2.422847844782801,2.5888858892733966
Nineteen_side_codes,ContextFC,Mn,15,L3,2.6436898216542395,2.7433153916849182
Nineteen_side_codes,ContextFC,Mn,16,R4,2.5746864716873072,2.5292305028083257
Nineteen_side_codes,ContextFC,Mn,17,L4,2.681160023005942,2.6213309746592044
Nineteen_side_codes,ContextFC,Mn,18,R5,2.4958781717163117,2.5370379606252107
Nineteen_side_codes,ContextFC,Mn,19,L5,2.569079210005922,2.5889083389326952
Nineteen_side_codes,ContextFC,Mn,20,R6,2.5898420070662436,2.575264068282868
Nineteen_side_codes,ContextFC,Mn,21,R6,2.78149435424105,2.6980213853135546
Nineteen_side_codes,ContextFC,Mn,22,R6,2.665869475606822,2.7484548148485572
Nineteen_side_codes,ContextFC,Mn,23,R6,2.863771552954755,2.814812502740258
Nineteen_side_codes,ContextFC,Mn,25,R6,2.6920949011241344,2.771625259367687
Nineteen_side_codes,ContextFC,Mn,26,L6,2.5984939227907087,2.589753826301754
Nineteen_side_codes,ContextFC,Mn,27,L6,2.319989468181798,2.2882231810036595
Nineteen_side_codes,ContextFC,Mn,28,L6,2.74163664288831,2.6133459376358585
Nineteen_side_codes,ContextFC,Mn,29,L6,2.6164519758121028,2.666262631385074
Nineteen_side_codes,ContextFC,Mn,30,L6,2.8006096076677993,2.692563913263713
Nineteen_side_codes,ContextFC,Mn,31,R7,2.548084506719318,2.4757390762176774
Nineteen_side_codes,ContextFC,Mn,32,L7,2.598880216451015,2.598119192689314
Nineteen_side_codes,ContextFC,Mn,33,R8,2.1888219738773858,2.4444639389669556
Nineteen_side_codes,ContextFC,Mn,34,R8,2.5766188912060906,2.803060347283485
Nineteen_side_codes,ContextFC,Mn,35,R8,2.8309233723863803,2.802116424945334
Nineteen_side_codes,ContextFC,Mn,36,R8,2.8502199193439695,2.8142748020986312
Nineteen_side_codes,ContextFC,Mn,37,R8,2.8889432971001243,2.820851376169634
Nineteen_side_codes,ContextFC,Mn,38,L8,2.479702447196275,2.544011057284473
Nineteen_side_codes,ContextFC,Mn,39,L8,2.7833688970758037,2.6957047935831353
Nineteen_side_codes,ContextFC,Mn,40,L8,2.780794947729865,2.715582351326225
Nineteen_side_codes,ContextFC,Mn,41,L8,2.6484961120836967,2.737757735820063
Nineteen_side_codes,ContextFC,Mn,42,R9,2.62769507640225,2.473246289463
Nineteen_side_codes,ContextFC,Mn,43,L9,2.8942443382137326,2.5698515305615848
Nineteen_side_codes,ContextFC,Mn,44,L10,2.3032026516767665,2.6651945901440834
Nineteen_side_codes,ContextFC,Pb,1,R1,2.1390423893344774,2.1039874570290236
Nineteen_side_codes,ContextFC,Pb,2,R1,2.1980607261505636,2.3383949280697354
Nineteen_side_codes,ContextFC,Pb,3,R1,1.9729088099776286,2.057087644906883
Nineteen_side_codes,ContextFC,Pb,4,L1,1.9187507773905221,2.1443328880390427
Nineteen_side_codes,ContextFC,Pb,5,R2,2.1921723027231748,2.2965059105094063
Nineteen_side_codes,ContextFC,Pb,6,L2,2.112623375847017,2.1146529235340576
Nineteen_side_codes,ContextFC,Pb,7,R3,2.1880373037413365,2.156600142006944
Nineteen_side_codes,ContextFC,Pb,8,R3,2.413446419603822,2.160043743454678
Nineteen_side_codes,ContextFC,Pb,9,R3,1.9410876009978146,1.9497001064975334
Nineteen_side_codes,ContextFC,Pb,10,R3,2.035328696851712,1.9524475881186298
Nineteen_side_codes,ContextFC,Pb,11,R3,2.0616352870928294,2.0428554173195654
Nineteen_side_codes,ContextFC,Pb,12,L3,2.2121717176595186,2.165273773418702
Nineteen_side_codes,ContextFC,Pb,13,L3,2.051043779040838,1.9398537136306695
Nineteen_side_codes,ContextFC,Pb,14,L3,1.9430364525853001,1.7860284085104905
Nineteen_side_codes,ContextFC,Pb,15,L3,1.93428242242007,1.9572250469220114
Nineteen_side_codes,ContextFC,Pb,16,R4,1.9300685096781087,2.0470700394309804
Nineteen_side_codes,ContextFC,Pb,17,L4,2.1191857166759074,2.1091512259704444
Nineteen_side_codes,ContextFC,Pb,18,R5,2.085804610916909,2.130072745544177
Nineteen_side_codes,ContextFC,Pb,19,L5,2.1923102770027367,2.095228948340533
Nineteen_side_codes,ContextFC,Pb,20,R6,2.0521981836199616,2.0167914787494214
Nineteen_side_codes,ContextFC,Pb,21,R6,2.077552819396845,2.0375117835021004
Nineteen_side_codes,ContextFC,Pb,22,R6,1.9932907068763837,1.923280449195978
Nineteen_side_codes,ContextFC,Pb,23,R6,2.007733142631876,1.9985875902209678
Nineteen_side_codes,ContextFC,Pb,25,R6,2.0685711817722483,1.9518206768479425
Nineteen_side_codes,ContextFC,Pb,26,L6,2.18260867001439,2.1175386692991447
Nineteen_side_codes,ContextFC,Pb,27,L6,1.9420832942253636,1.9099816813835826
Nineteen_side_codes,ContextFC,Pb,28,L6,1.8247984530826944,1.994615593077701
Nineteen_side_codes,ContextFC,Pb,29,L6,1.869208533367542,1.9461769617982434
Nineteen_side_codes,ContextFC,Pb,30,L6,2.0535002840738064,2.045230074922467
Nineteen_side_codes,ContextFC,Pb,31,R7,1.8558808777672784,1.9963286116564278
Nineteen_side_codes,ContextFC,Pb,32,L7,2.109613760928575,2.1276761274496994
Nineteen_side_codes,ContextFC,Pb,33,R8,1.8678001347657514,2.0064829505088695
Nineteen_side_codes,ContextFC,Pb,34,R8,2.116832117933757,2.0970048173724707
Nineteen_side_codes,ContextFC,Pb,35,R8,1.9515809611464396,2.0241400258825677
Nineteen_side_codes,ContextFC,Pb,36,R8,2.033330762423285,2.0188642500479426
Nineteen_side_codes,ContextFC,Pb,37,R8,1.8462816193154556,2.023796703307671
Nineteen_side_codes,ContextFC,Pb,38,L8,1.9579261567138497,2.03433533019835
Nineteen_side_codes,ContextFC,Pb,39,L8,1.8630052023004837,2.0103071116996887
Nineteen_side_codes,ContextFC,Pb,40,L8,1.9934400944196455,1.9870261587577038
Nineteen_side_codes,ContextFC,Pb,41,L8,1.9512612429461265,2.023280029294634
Nineteen_side_codes,ContextFC,Pb,42,R9,2.37987783156262,2.0493820945079317
Nineteen_side_codes,ContextFC,Pb,43,L9,2.1603629004817453,2.0453721393993667
Nineteen_side_codes,ContextFC,Pb,44,L10,2.255752266560607,2.0700112334221674
Nineteen_side_codes,ContextFC,Cd,1,R1,0.9141139345900874,1.0146589829235475
Nineteen_side_codes,ContextFC,Cd,2,R1,1.0498607664433768,0.9175740788694015
Nineteen_side_codes,ContextFC,Cd,3,R1,1.074960553998697,1.0315511948054732
Nineteen_side_codes,ContextFC,Cd,4,L1,1.3095835916514824,0.8838318818532918
Nineteen_side_codes,ContextFC,Cd,5,R2,0.8387245155661224,0.9774053411437185
Nineteen_side_codes,ContextFC,Cd,6,L2,0.8347611161955296,0.9494337012144235
Nineteen_side_codes,ContextFC,Cd,7,R3,1.0112577445672106,1.0035042292420762
Nineteen_side_codes,ContextFC,Cd,8,R3,0.8215840920732526,0.9247522538981356
Nineteen_side_codes,ContextFC,Cd,9,R3,1.179598158358791,0.9433270923014986
Nineteen_side_codes,ContextFC,Cd,10,R3,0.6097008766229677,0.933791767378584
Nineteen_side_codes,ContextFC,Cd,11,R3,0.7260301739502105,0.9032863584672327
Nineteen_side_codes,ContextFC,Cd,12,L3,1.199123329611036,0.811883469867414
Nineteen_side_codes,ContextFC,Cd,13,L3,1.1174675566546795,0.6908688968613498
Nineteen_side_codes,ContextFC,Cd,14,L3,0.8539197650431718,0.8999708189577933
Nineteen_side_codes,ContextFC,Cd,15,L3,0.6660267827402552,0.8058649127131693
Nineteen_side_codes,ContextFC,Cd,16,R4,1.6993429884446185,0.966649526701612
Nineteen_side_codes,ContextFC,Cd,17,L4,0.7393035046433206,0.9358602626159964
Nineteen_side_codes,ContextFC,Cd,18,R5,0.6308366584963743,1.0428127474799778
Nineteen_side_codes,ContextFC,Cd,19,L5,0.9498015066690076,0.9154969012511445
Nineteen_side_codes,ContextFC,Cd,20,R6,0.7836544547210236,1.0005393672315053
Nineteen_side_codes,ContextFC,Cd,21,R6,0.758250631863743,0.8779081735038516
Nineteen_side_codes,ContextFC,Cd,22,R6,1.5783119746726995,0.7936944308828661
Nineteen_side_codes,ContextFC,Cd,23,R6,1.706712623365046,0.7345356927739027
Nineteen_side_codes,ContextFC,Cd,25,R6,1.1159995751084812,0.7122726052577314
Nineteen_side_codes,ContextFC,Cd,26,L6,0.9970737783040711,0.896199757264905
Nineteen_side_codes,ContextFC,Cd,27,L6,0.8748852399674495,0.9587888446315431
Nineteen_side_codes,ContextFC,Cd,28,L6,1.1776029670043586,0.8624461111548947
Nineteen_side_codes,ContextFC,Cd,29,L6,0.7359019498464204,0.8426714240211869
Nineteen_side_codes,ContextFC,Cd,30,L6,0.7296323991616593,0.8024364943891197
Nineteen_side_codes,ContextFC,Cd,31,R7,0.884101645697944,1.0889234867385873
Nineteen_side_codes,ContextFC,Cd,32,L7,0.7881126092955352,0.9235956091426897
Nineteen_side_codes,ContextFC,Cd,33,R8,0.9801351990164437,1.0791950498445917
Nineteen_side_codes,ContextFC,Cd,34,R8,0.8004995804885306,0.9512103210821167
Nineteen_side_codes,ContextFC,Cd,35,R8,0.5710491285272509,0.9588717017315693
Nineteen_side_codes,ContextFC,Cd,36,R8,0.6442197760203031,0.9507838217594222
Nineteen_side_codes,ContextFC,Cd,37,R8,0.9002452743695599,0.9425473866677244
Nineteen_side_codes,ContextFC,Cd,38,L8,0.7621768752011353,0.9922890910073772
Nineteen_side_codes,ContextFC,Cd,39,L8,0.5880746747401445,0.9119691351762143
Nineteen_side_codes,ContextFC,Cd,40,L8,0.6365469676977639,0.9009225711056691
Nineteen_side_codes,ContextFC,Cd,41,L8,0.5678100188480059,0.8769908466535116
Nineteen_side_codes,ContextFC,Cd,42,R9,0.6674262609880519,1.0640588039210055
Nineteen_side_codes,ContextFC,Cd,43,L9,0.6232198615571751,0.9744376170268937
Nineteen_side_codes,ContextFC,Cd,44,L10,1.5616978655130405,0.8337134637021129
Five_merged_blocks,Context,Fe,1,1,3.9699041305557037,3.929425501933801
Five_merged_blocks,Context,Fe,2,1,4.141790543325649,3.929425501933801
Five_merged_blocks,Context,Fe,3,1,4.099913613642454,3.929425501933801
Five_merged_blocks,Context,Fe,4,1,3.838437700455513,3.888145671384133
Five_merged_blocks,Context,Fe,5,1,4.194525622405122,3.929425501933801
Five_merged_blocks,Context,Fe,6,1,3.8947486240449836,3.888145671384133
Five_merged_blocks,Context,Fe,7,2,3.981532663897732,3.9326513745527336
Five_merged_blocks,Context,Fe,8,2,4.154186056538937,4.072728653745514
Five_merged_blocks,Context,Fe,9,2,4.334375495649785,4.125587514531828
Five_merged_blocks,Context,Fe,10,2,4.240471373303819,4.145297325720883
Five_merged_blocks,Context,Fe,11,2,4.37236903689325,4.16629309224081
Five_merged_blocks,Context,Fe,12,2,4.022367938399275,3.9181806551398335
Five_merged_blocks,Context,Fe,13,2,3.8058319041191244,4.058257934332614
Five_merged_blocks,Context,Fe,14,2,3.7909572959523423,4.111116795118928
Five_merged_blocks,Context,Fe,15,2,3.801818791295686,4.15182237282791
Five_merged_blocks,Context,Fe,16,2,3.9235765039866033,3.9326513745527336
Five_merged_blocks,Context,Fe,17,2,4.105525339763128,3.9181806551398335
Five_merged_blocks,Context,Fe,18,3,3.9496167552353114,3.976780844670997
Five_merged_blocks,Context,Fe,19,3,3.9221878711008795,3.9025901407009123
Five_merged_blocks,Context,Fe,20,3,3.969530818956507,3.976780844670997
Five_merged_blocks,Context,Fe,21,3,4.065836475701826,4.072933142165075
Five_merged_blocks,Context,Fe,22,3,4.067269159717916,4.159450868141312
Five_merged_blocks,Context,Fe,23,3,4.330521434952681,4.19799050533048
Five_merged_blocks,Context,Fe,25,3,3.9894919867408527,4.236805923641504
Five_merged_blocks,Context,Fe,26,3,4.013166733005109,3.9025901407009123
Five_merged_blocks,Context,Fe,27,3,3.7448445376170065,3.99874243819499
Five_merged_blocks,Context,Fe,28,3,3.913446912779809,4.035213919120942
Five_merged_blocks,Context,Fe,29,3,3.9995957843997787,4.085260164171228
Five_merged_blocks,Context,Fe,30,3,4.21682429876918,4.103921217890299
Five_merged_blocks,Context,Fe,31,4,3.236736968068515,4.072939788945009
Five_merged_blocks,Context,Fe,32,4,4.058725891288905,3.911256785781618
Five_merged_blocks,Context,Fe,33,4,3.624059287220689,4.072939788945009
Five_merged_blocks,Context,Fe,34,4,3.9993210868374445,4.1437273282982305
Five_merged_blocks,Context,Fe,35,4,4.281458002761675,4.1586620506591245
Five_merged_blocks,Context,Fe,36,4,4.284837010720588,4.167452015179954
Five_merged_blocks,Context,Fe,37,4,4.376327216751587,4.173703642590873
Five_merged_blocks,Context,Fe,38,4,3.955664332146309,3.911256785781618
Five_merged_blocks,Context,Fe,39,4,4.230014693357475,3.98204432513484
Five_merged_blocks,Context,Fe,40,4,4.194887685353898,3.9969790474957336
Five_merged_blocks,Context,Fe,41,4,4.0770948480869995,4.005769012016564
Five_merged_blocks,Context,Fe,42,5,4.0355215587684565,3.9646131597413317
Five_merged_blocks,Context,Fe,43,5,4.280788964121205,3.878811954372338
Five_merged_blocks,Context,Fe,44,5,3.763673617189123,3.878811954372338
Five_merged_blocks,Context,Zn,1,1,2.1989536304897537,2.0847117273630515
Five_merged_blocks,Context,Zn,2,1,2.174649876266943,2.0847117273630515
Five_merged_blocks,Context,Zn,3,1,1.9918928190648517,2.0847117273630515
Five_merged_blocks,Context,Zn,4,1,2.1466226335180894,2.1849357500778734
Five_merged_blocks,Context,Zn,5,1,2.159629191468565,2.0847117273630515
Five_merged_blocks,Context,Zn,6,1,2.1973109991682187,2.1849357500778734
Five_merged_blocks,Context,Zn,7,2,2.454129018500211,2.0490820807157997
Five_merged_blocks,Context,Zn,8,2,2.2693454373103394,1.973557847531498
Five_merged_blocks,Context,Zn,9,2,1.768166858747059,1.9450584010053562
Five_merged_blocks,Context,Zn,10,2,1.7839096077554455,1.9344316356595497
Five_merged_blocks,Context,Zn,11,2,1.9656049761780043,1.923111533101362
Five_merged_blocks,Context,Zn,12,2,2.2036008477699958,2.1681563235073593
Five_merged_blocks,Context,Zn,13,2,2.032275875134674,2.092632090323058
Five_merged_blocks,Context,Zn,14,2,1.8419980678938317,2.064132643796916
Five_merged_blocks,Context,Zn,15,2,1.698918691946475,2.042185775892922
Five_merged_blocks,Context,Zn,16,2,1.9201796155266406,2.0490820807157997
Five_merged_blocks,Context,Zn,17,2,2.531214205402354,2.1681563235073593
Five_merged_blocks,Context,Zn,18,3,2.011106046674824,2.1127342351809837
Five_merged_blocks,Context,Zn,19,3,2.3933869112519583,2.181090405330507
Five_merged_blocks,Context,Zn,20,3,1.9651816918008678,2.1127342351809837
Five_merged_blocks,Context,Zn,21,3,1.9065108044253947,2.0270647806551563
Five_merged_blocks,Context,Zn,22,3,1.8121825285664748,1.9499795046464803
Five_merged_blocks,Context,Zn,23,3,1.8901991268088436,1.91564158676342
Five_merged_blocks,Context,Zn,25,3,2.010508198624099,1.881057954332774
Five_merged_blocks,Context,Zn,26,3,2.3582273468460753,2.181090405330507
Five_merged_blocks,Context,Zn,27,3,1.9536994484984977,2.0954209508046797
Five_merged_blocks,Context,Zn,28,3,1.8966287369841246,2.062925711916937
Five_merged_blocks,Context,Zn,29,3,1.9553987876610721,2.018335674796004
Five_merged_blocks,Context,Zn,30,3,2.075072362939981,2.0017091111604497
Five_merged_blocks,Context,Zn,31,4,1.9076410462641036,2.129654484118182
Five_merged_blocks,Context,Zn,32,4,2.145074172589198,2.1934788246482655
Five_merged_blocks,Context,Zn,33,4,2.148225740344541,2.129654484118182
Five_merged_blocks,Context,Zn,34,4,2.0837855312901468,1.8953729188362174
Five_merged_blocks,Context,Zn,35,4,1.8126684133519608,1.8459443023914168
Five_merged_blocks,Context,Zn,36,4,1.9385475209128067,1.816852647765069
Five_merged_blocks,Context,Zn,37,4,1.872061859945988,1.7961619856969706
Five_merged_blocks,Context,Zn,38,4,2.10669821794358,2.1934788246482655
Five_merged_blocks,Context,Zn,39,4,2.140932741484528,1.9591972593663012
Five_merged_blocks,Context,Zn,40,4,2.0259511723860424,1.9097686429215006
Five_merged_blocks,Context,Zn,41,4,2.265676703620766,1.8806769882951528
Five_merged_blocks,Context,Zn,42,5,2.0008712909893847,2.1102305130751198
Five_merged_blocks,Context,Zn,43,5,2.0514838307909176,2.208141387122591
Five_merged_blocks,Context,Zn,44,5,2.0923455263267265,2.208141387122591
Five_merged_blocks,Context,Cu,1,1,1.9403631993305812,1.6596144709943956
Five_merged_blocks,Context,Cu,2,1,2.157318420174079,1.6596144709943956
Five_merged_blocks,Context,Cu,3,1,1.7039461137187781,1.6596144709943956
Five_merged_blocks,Context,Cu,4,1,2.026744854144931,1.7145803369136305
Five_merged_blocks,Context,Cu,5,1,1.957838616037878,1.6596144709943956
Five_merged_blocks,Context,Cu,6,1,2.01132550453274,1.7145803369136305
Five_merged_blocks,Context,Cu,7,2,1.836637835092653,1.7271082114211938
Five_merged_blocks,Context,Cu,8,2,1.9979888817750278,1.6497475467939697
Five_merged_blocks,Context,Cu,9,2,1.6338868038971461,1.6205551136925285
Five_merged_blocks,Context,Cu,10,2,1.4980690006556865,1.6096699501453129
Five_merged_blocks,Context,Cu,11,2,1.5678715874641451,1.598074590343212
Five_merged_blocks,Context,Cu,12,2,2.076322751091403,1.7373536202365005
Five_merged_blocks,Context,Cu,13,2,1.7663694198355369,1.6599929556092765
Five_merged_blocks,Context,Cu,14,2,1.5745883904455336,1.6308005225078352
Five_merged_blocks,Context,Cu,15,2,1.5940604456116887,1.6083199991585189
Five_merged_blocks,Context,Cu,16,2,1.5978356196263328,1.7271082114211938
Five_merged_blocks,Context,Cu,17,2,1.9875607116066278,1.7373536202365005
Five_merged_blocks,Context,Cu,18,3,1.6261701481254922,1.7556428637515484
Five_merged_blocks,Context,Cu,19,3,1.8660122805042152,1.8040332907807568
Five_merged_blocks,Context,Cu,20,3,1.7657509329756096,1.7556428637515484
Five_merged_blocks,Context,Cu,21,3,1.6504294953088092,1.678606254245078
Five_merged_blocks,Context,Cu,22,3,1.5273821766896474,1.6092888021911655
Five_merged_blocks,Context,Cu,23,3,1.6723870171559574,1.5784110898739352
Five_merged_blocks,Context,Cu,25,3,1.7506759071181905,1.5473124234750286
Five_merged_blocks,Context,Cu,26,3,1.7211875481254704,1.8040332907807568
Five_merged_blocks,Context,Cu,27,3,1.602399810333962,1.7269966812742863
Five_merged_blocks,Context,Cu,28,3,1.6167566255481636,1.6977759626077535
Five_merged_blocks,Context,Cu,29,3,1.5432834819171881,1.657679229220374
Five_merged_blocks,Context,Cu,30,3,1.6666443391481212,1.642728111610065
Five_merged_blocks,Context,Cu,31,4,1.520147162366568,1.814621118079851
Five_merged_blocks,Context,Cu,32,4,1.6612468421372524,1.8145222814660453
Five_merged_blocks,Context,Cu,33,4,1.3527586259653261,1.814621118079851
Five_merged_blocks,Context,Cu,34,4,1.6116436826791583,1.6436103547408423
Five_merged_blocks,Context,Cu,35,4,1.4201913003814255,1.6075305828695758
Five_merged_blocks,Context,Cu,36,4,1.7112797326392286,1.5862955101976866
Five_merged_blocks,Context,Cu,37,4,1.4579609361314967,1.5711926321287417
Five_merged_blocks,Context,Cu,38,4,1.631164747955207,1.8145222814660453
Five_merged_blocks,Context,Cu,39,4,1.5875680078206353,1.6435115181270363
Five_merged_blocks,Context,Cu,40,4,1.5456717897574226,1.6074317462557701
Five_merged_blocks,Context,Cu,41,4,1.7563560461439542,1.5861966735838806
Five_merged_blocks,Context,Cu,42,5,1.5617214195073925,1.776007194324029
Five_merged_blocks,Context,Cu,43,5,1.5135808067166654,1.8230080212190583
Five_merged_blocks,Context,Cu,44,5,1.5750716262447924,1.8230080212190583
Five_merged_blocks,Context,Cr,1,1,1.5392769858727735,1.553950698640806
Five_merged_blocks,Context,Cr,2,1,1.5663786143980676,1.553950698640806
Five_merged_blocks,Context,Cr,3,1,1.638657479648857,1.553950698640806
Five_merged_blocks,Context,Cr,4,1,1.4293978573405213,1.506224261837302
Five_merged_blocks,Context,Cr,5,1,1.659728242155406,1.553950698640806
Five_merged_blocks,Context,Cr,6,1,1.5169626684485797,1.506224261837302
Five_merged_blocks,Context,Cr,7,2,1.454984804820921,1.5494456739383597
Five_merged_blocks,Context,Cr,8,2,1.6299029284201454,1.5970105391613925
Five_merged_blocks,Context,Cr,9,2,1.7028764766931734,1.6149593785708436
Five_merged_blocks,Context,Cr,10,2,1.7098135184786756,1.6216520736187576
Five_merged_blocks,Context,Cr,11,2,1.7879579935686536,1.6287814297179737
Five_merged_blocks,Context,Cr,12,2,1.5389022010418798,1.5255080371722876
Five_merged_blocks,Context,Cr,13,2,1.3737003766354485,1.5730729023953203
Five_merged_blocks,Context,Cr,14,2,1.191896047836166,1.5910217418047714
Five_merged_blocks,Context,Cr,15,2,1.370609114870662,1.6048437929519015
Five_merged_blocks,Context,Cr,16,2,1.4151299242035673,1.5494456739383597
Five_merged_blocks,Context,Cr,17,2,1.7791780967059945,1.5255080371722876
Five_merged_blocks,Context,Cr,18,3,1.3497610177741644,1.591816684087506
Five_merged_blocks,Context,Cr,19,3,1.4702192649062535,1.5253412760830598
Five_merged_blocks,Context,Cr,20,3,1.4546167055182608,1.591816684087506
Five_merged_blocks,Context,Cr,21,3,1.6439816915194139,1.6204329817725012
Five_merged_blocks,Context,Cr,22,3,1.556100190143346,1.6461818933023304
Five_merged_blocks,Context,Cr,23,3,1.7225002052378007,1.6576518400349587
Five_merged_blocks,Context,Cr,25,3,1.3618028668703182,1.669203863170176
Five_merged_blocks,Context,Cr,26,3,1.5221519105774202,1.5253412760830598
Five_merged_blocks,Context,Cr,27,3,1.2932383769391433,1.5539575737680549
Five_merged_blocks,Context,Cr,28,3,1.5461487948373298,1.5648120076442076
Five_merged_blocks,Context,Cr,29,3,1.4181035020994708,1.5797064852978842
Five_merged_blocks,Context,Cr,30,3,1.6318991482906486,1.585260281538411
Five_merged_blocks,Context,Cr,31,4,1.1935799776319382,1.58798570903959
Five_merged_blocks,Context,Cr,32,4,1.62710026540888,1.5124144183740995
Five_merged_blocks,Context,Cr,33,4,1.6689242261555788,1.58798570903959
Five_merged_blocks,Context,Cr,34,4,1.661756870761001,1.5688958926603997
Five_merged_blocks,Context,Cr,35,4,1.7685762881701927,1.564868332016979
Five_merged_blocks,Context,Cr,36,4,1.7166288867147004,1.5624978751510474
Five_merged_blocks,Context,Cr,37,4,1.7907227690496925,1.5608119510401661
Five_merged_blocks,Context,Cr,38,4,1.515441783279631,1.5124144183740995
Five_merged_blocks,Context,Cr,39,4,1.6320040630107877,1.4933246019949094
Five_merged_blocks,Context,Cr,40,4,1.6542253445593238,1.4892970413514885
Five_merged_blocks,Context,Cr,41,4,1.594113341877074,1.486926584485557
Five_merged_blocks,Context,Cr,42,5,1.6457511849282858,1.5468087770088228
Five_merged_blocks,Context,Cr,43,5,1.8088679912525394,1.465849071010766
Five_merged_blocks,Context,Cr,44,5,1.6748360705413563,1.465849071010766
Five_merged_blocks,Context,Co,1,1,1.6828148947268338,1.56845099982864
Five_merged_blocks,Context,Co,2,1,1.6334649812376287,1.56845099982864
Five_merged_blocks,Context,Co,3,1,1.5768947223416294,1.56845099982864
Five_merged_blocks,Context,Co,4,1,1.4762245604602662,1.5405552362700803
Five_merged_blocks,Context,Co,5,1,1.733565106370176,1.56845099982864
Five_merged_blocks,Context,Co,6,1,1.5124893055550932,1.5405552362700803
Five_merged_blocks,Context,Co,7,2,1.6240360756658063,1.5767119881260703
Five_merged_blocks,Context,Co,8,2,1.7056784709120685,1.6141288785941348
Five_merged_blocks,Context,Co,9,2,1.6478524600339701,1.628248329055378
Five_merged_blocks,Context,Co,10,2,1.5938164763706606,1.633513136100867
Five_merged_blocks,Context,Co,11,2,1.7410802113792543,1.6391214424635856
Five_merged_blocks,Context,Co,12,2,1.6319324760845337,1.537256945467653
Five_merged_blocks,Context,Co,13,2,1.5454658163634933,1.5746738359357175
Five_merged_blocks,Context,Co,14,2,1.4916440335743009,1.5887932863969607
Five_merged_blocks,Context,Co,15,2,1.5973897869027276,1.5996663998051683
Five_merged_blocks,Context,Co,16,2,1.581371319958306,1.5767119881260703
Five_merged_blocks,Context,Co,17,2,1.5914469030883158,1.537256945467653
Five_merged_blocks,Context,Co,18,3,1.5409259033626792,1.590641991008869
Five_merged_blocks,Context,Co,19,3,1.53269269164338,1.5444620569112077
Five_merged_blocks,Context,Co,20,3,1.6428786292044255,1.590641991008869
Five_merged_blocks,Context,Co,21,3,1.6798821710165428,1.6119504781074325
Five_merged_blocks,Context,Co,22,3,1.5899773804988853,1.6311238301313429
Five_merged_blocks,Context,Co,23,3,1.683486032641178,1.6396646698536517
Five_merged_blocks,Context,Co,25,3,1.625731884581958,1.6482666259364667
Five_merged_blocks,Context,Co,26,3,1.553829418272936,1.5444620569112077
Five_merged_blocks,Context,Co,27,3,1.4699144151719274,1.5657705440097713
Five_merged_blocks,Context,Co,28,3,1.5215778122599195,1.5738530558272763
Five_merged_blocks,Context,Co,29,3,1.624462121062192,1.5849438960336817
Five_merged_blocks,Context,Co,30,3,1.684974800687395,1.589079406393618
Five_merged_blocks,Context,Co,31,4,1.3174037085394468,1.6293423344407312
Five_merged_blocks,Context,Co,32,4,1.563062518709283,1.5599317265691555
Five_merged_blocks,Context,Co,33,4,1.36672428210215,1.6293423344407312
Five_merged_blocks,Context,Co,34,4,1.5229469969188343,1.650118220016358
Five_merged_blocks,Context,Co,35,4,1.6585088512884099,1.6545015067601647
Five_merged_blocks,Context,Co,36,4,1.7265398591290513,1.6570813294064546
Five_merged_blocks,Context,Co,37,4,1.7071819838497393,1.6589161593346795
Five_merged_blocks,Context,Co,38,4,1.5268378575361417,1.5599317265691555
Five_merged_blocks,Context,Co,39,4,1.5408358236038475,1.5807076121447823
Five_merged_blocks,Context,Co,40,4,1.6229801112560343,1.585090898888589
Five_merged_blocks,Context,Co,41,4,1.4889644774518103,1.5876707215348789
Five_merged_blocks,Context,Co,42,5,1.585724932096703,1.5853292708965345
Five_merged_blocks,Context,Co,43,5,1.6272004329589924,1.5249834278705423
Five_merged_blocks,Context,Co,44,5,1.6684441945719664,1.5249834278705423
Five_merged_blocks,Context,Ni,1,1,1.9799457185199092,1.7837046974241642
Five_merged_blocks,Context,Ni,2,1,1.9100869998875398,1.7837046974241642
Five_merged_blocks,Context,Ni,3,1,1.826042318017792,1.7837046974241642
Five_merged_blocks,Context,Ni,4,1,1.8001323802752696,1.77861035343693
Five_merged_blocks,Context,Ni,5,1,1.9387386015708294,1.7837046974241642
Five_merged_blocks,Context,Ni,6,1,1.7555798701479046,1.77861035343693
Five_merged_blocks,Context,Ni,7,2,1.8361847614338342,1.8044593566333003
Five_merged_blocks,Context,Ni,8,2,1.956824321969751,1.8367127631168847
Five_merged_blocks,Context,Ni,9,2,1.8635227289439695,1.8488837471124682
Five_merged_blocks,Context,Ni,10,2,1.780317262908934,1.8534220173848395
Five_merged_blocks,Context,Ni,11,2,1.9465196283038422,1.8582563844992213
Five_merged_blocks,Context,Ni,12,2,1.8522915298837745,1.7835558140351313
Five_merged_blocks,Context,Ni,13,2,1.742055197824842,1.815809220518716
Five_merged_blocks,Context,Ni,14,2,1.7517853367360183,1.8279802045142992
Five_merged_blocks,Context,Ni,15,2,1.7878222403782134,1.8373528419010525
Five_merged_blocks,Context,Ni,16,2,1.7998751615811301,1.8044593566333003
Five_merged_blocks,Context,Ni,17,2,1.9142882803440324,1.7835558140351313
Five_merged_blocks,Context,Ni,18,3,1.7498811167186816,1.821075455326628
Five_merged_blocks,Context,Ni,19,3,1.7793873805050169,1.7912179094426974
Five_merged_blocks,Context,Ni,20,3,1.8442144456902358,1.821075455326628
Five_merged_blocks,Context,Ni,21,3,1.8880790224863195,1.8388729407211142
Five_merged_blocks,Context,Ni,22,3,1.8093363011179682,1.8548870974761422
Five_merged_blocks,Context,Ni,23,3,1.9072420261542706,1.862020662121597
Five_merged_blocks,Context,Ni,25,3,1.8030294602003294,1.8692052729782838
Five_merged_blocks,Context,Ni,26,3,1.8520752477668028,1.7912179094426974
Five_merged_blocks,Context,Ni,27,3,1.6597906094906874,1.8090153948371837
Five_merged_blocks,Context,Ni,28,3,1.8336636248862164,1.8157661503158542
Five_merged_blocks,Context,Ni,29,3,1.7977692139477586,1.8250295515922117
Five_merged_blocks,Context,Ni,30,3,1.8891963054106937,1.8284836534667026
Five_merged_blocks,Context,Ni,31,4,1.5405366541201015,1.8498300954085949
Five_merged_blocks,Context,Ni,32,4,1.8795331683093488,1.7946713951041728
Five_merged_blocks,Context,Ni,33,4,1.6828817009047188,1.8498300954085949
Five_merged_blocks,Context,Ni,34,4,1.8538499541950157,1.855807374761798
Five_merged_blocks,Context,Ni,35,4,1.8774536128324149,1.8570684583992465
Five_merged_blocks,Context,Ni,36,4,1.9080414306298896,1.8578106804615728
Five_merged_blocks,Context,Ni,37,4,1.905777762969521,1.8583385660723544
Five_merged_blocks,Context,Ni,38,4,1.776157801620899,1.7946713951041728
Five_merged_blocks,Context,Ni,39,4,1.9737802269951705,1.800648674457376
Five_merged_blocks,Context,Ni,40,4,1.8528290847240552,1.8019097580948245
Five_merged_blocks,Context,Ni,41,4,1.668161123059277,1.8026519801571508
Five_merged_blocks,Context,Ni,42,5,1.6562853523182692,1.8324338468343824
Five_merged_blocks,Context,Ni,43,5,1.8268304813339766,1.7970030812855835
Five_merged_blocks,Context,Ni,44,5,1.7150096794441172,1.7970030812855835
Five_merged_blocks,Context,Mn,1,1,2.5685462281861318,2.5608059326008195
Five_merged_blocks,Context,Mn,2,1,2.6611622159911597,2.5608059326008195
Five_merged_blocks,Context,Mn,3,1,2.6638832274593565,2.5608059326008195
Five_merged_blocks,Context,Mn,4,1,2.488157505401859,2.506495948328482
Five_merged_blocks,Context,Mn,5,1,2.712531039694305,2.5608059326008195
Five_merged_blocks,Context,Mn,6,1,2.3863869707160568,2.506495948328482
Five_merged_blocks,Context,Mn,7,2,2.5085860980768895,2.568480765926392
Five_merged_blocks,Context,Mn,8,2,2.6697281553156773,2.6911133847758184
Five_merged_blocks,Context,Mn,9,2,2.738398832507747,2.737389415870781
Five_merged_blocks,Context,Mn,10,2,2.8366294668774223,2.754644646533957
Five_merged_blocks,Context,Mn,11,2,2.9307837770497738,2.7730256848288706
Five_merged_blocks,Context,Mn,12,2,2.509384832487739,2.5229272352835195
Five_merged_blocks,Context,Mn,13,2,2.371103996065788,2.6455598541329457
Five_merged_blocks,Context,Mn,14,2,2.422847844782801,2.6918358852279085
Five_merged_blocks,Context,Mn,15,2,2.6436898216542395,2.727472154185998
Five_merged_blocks,Context,Mn,16,2,2.5746864716873072,2.568480765926392
Five_merged_blocks,Context,Mn,17,2,2.681160023005942,2.5229272352835195
Five_merged_blocks,Context,Mn,18,3,2.4958781717163117,2.584267872954946
Five_merged_blocks,Context,Mn,19,3,2.569079210005922,2.4966052071508233
Five_merged_blocks,Context,Mn,20,3,2.5898420070662436,2.584267872954946
Five_merged_blocks,Context,Mn,21,3,2.78149435424105,2.668620876642198
Five_merged_blocks,Context,Mn,22,3,2.665869475606822,2.7445216117102893
Five_merged_blocks,Context,Mn,23,3,2.863771552954755,2.7783318715028162
Five_merged_blocks,Context,Mn,25,3,2.6920949011241344,2.812384070038309
Five_merged_blocks,Context,Mn,26,3,2.5984939227907087,2.4966052071508233
Five_merged_blocks,Context,Mn,27,3,2.319989468181798,2.5809582108380753
Five_merged_blocks,Context,Mn,28,3,2.74163664288831,2.61295410740223
Five_merged_blocks,Context,Mn,29,3,2.6164519758121028,2.6568589459061664
Five_merged_blocks,Context,Mn,30,3,2.8006096076677993,2.673230015284615
Five_merged_blocks,Context,Mn,31,4,2.548084506719318,2.6253961559026724
Five_merged_blocks,Context,Mn,32,4,2.598880216451015,2.5078436252737646
Five_merged_blocks,Context,Mn,33,4,2.1888219738773858,2.6253961559026724
Five_merged_blocks,Context,Mn,34,4,2.5766188912060906,2.7412312833825294
Five_merged_blocks,Context,Mn,35,4,2.8309233723863803,2.765670125082027
Five_merged_blocks,Context,Mn,36,4,2.8502199193439695,2.780053824107545
Five_merged_blocks,Context,Mn,37,4,2.8889432971001243,2.790283845728821
Five_merged_blocks,Context,Mn,38,4,2.479702447196275,2.5078436252737646
Five_merged_blocks,Context,Mn,39,4,2.7833688970758037,2.6236787527536216
Five_merged_blocks,Context,Mn,40,4,2.780794947729865,2.6481175944531192
Five_merged_blocks,Context,Mn,41,4,2.6484961120836967,2.662501293478637
Five_merged_blocks,Context,Mn,42,5,2.62769507640225,2.5742959939398284
Five_merged_blocks,Context,Mn,43,5,2.8942443382137326,2.4885889376051447
Five_merged_blocks,Context,Mn,44,5,2.3032026516767665,2.4885889376051447
Five_merged_blocks,Context,Pb,1,1,2.1390423893344774,2.1184540611582823
Five_merged_blocks,Context,Pb,2,1,2.1980607261505636,2.1184540611582823
Five_merged_blocks,Context,Pb,3,1,1.9729088099776286,2.1184540611582823
Five_merged_blocks,Context,Pb,4,1,1.9187507773905221,2.0899875815445212
Five_merged_blocks,Context,Pb,5,1,2.1921723027231748,2.1184540611582823
Five_merged_blocks,Context,Pb,6,1,2.112623375847017,2.0899875815445212
Five_merged_blocks,Context,Pb,7,2,2.1880373037413365,2.1040953727720955
Five_merged_blocks,Context,Pb,8,2,2.413446419603822,2.0300881681502596
Five_merged_blocks,Context,Pb,9,2,1.9410876009978146,2.0021611799275223
Five_merged_blocks,Context,Pb,10,2,2.035328696851712,1.9917478706590102
Five_merged_blocks,Context,Pb,11,2,2.0616352870928294,1.9806551509975001
Five_merged_blocks,Context,Pb,12,2,2.2121717176595186,2.0727107764627952
Five_merged_blocks,Context,Pb,13,2,2.051043779040838,1.9987035718409594
Five_merged_blocks,Context,Pb,14,2,1.9430364525853001,1.9707765836182218
Five_merged_blocks,Context,Pb,15,2,1.93428242242007,1.9492705546881999
Five_merged_blocks,Context,Pb,16,2,1.9300685096781087,2.1040953727720955
Five_merged_blocks,Context,Pb,17,2,2.1191857166759074,2.0727107764627952
Five_merged_blocks,Context,Pb,18,3,2.085804610916909,2.115919872466553
Five_merged_blocks,Context,Pb,19,3,2.1923102770027367,2.0851563415523997
Five_merged_blocks,Context,Pb,20,3,2.0521981836199616,2.115919872466553
Five_merged_blocks,Context,Pb,21,3,2.077552819396845,2.0664151643158752
Five_merged_blocks,Context,Pb,22,3,1.9932907068763837,2.0218708852301073
Five_merged_blocks,Context,Pb,23,3,2.007733142631876,2.002028473337659
Five_merged_blocks,Context,Pb,25,3,2.0685711817722483,1.9820440735332534
Five_merged_blocks,Context,Pb,26,3,2.18260867001439,2.0851563415523997
Five_merged_blocks,Context,Pb,27,3,1.9420832942253636,2.035651633401722
Five_merged_blocks,Context,Pb,28,3,1.8247984530826944,2.0168740267701857
Five_merged_blocks,Context,Pb,29,3,1.869208533367542,1.9911073543159539
Five_merged_blocks,Context,Pb,30,3,2.0535002840738064,1.9814995753837483
Five_merged_blocks,Context,Pb,31,4,1.8558808777672784,2.1592979263579997
Five_merged_blocks,Context,Pb,32,4,2.109613760928575,2.101128282321568
Five_merged_blocks,Context,Pb,33,4,1.8678001347657514,2.1592979263579997
Five_merged_blocks,Context,Pb,34,4,2.116832117933757,2.0408528158803545
Five_merged_blocks,Context,Pb,35,4,1.9515809611464396,2.015863321173353
Five_merged_blocks,Context,Pb,36,4,2.033330762423285,2.0011555303915722
Five_merged_blocks,Context,Pb,37,4,1.8462816193154556,1.9906950071678946
Five_merged_blocks,Context,Pb,38,4,1.9579261567138497,2.101128282321568
Five_merged_blocks,Context,Pb,39,4,1.8630052023004837,1.9826831718439226
Five_merged_blocks,Context,Pb,40,4,1.9934400944196455,1.9576936771369213
Five_merged_blocks,Context,Pb,41,4,1.9512612429461265,1.9429858863551406
Five_merged_blocks,Context,Pb,42,5,2.37987783156262,2.09077450380277
Five_merged_blocks,Context,Pb,43,5,2.1603629004817453,2.053013431901293
Five_merged_blocks,Context,Pb,44,5,2.255752266560607,2.053013431901293
Five_merged_blocks,Context,Cd,1,1,0.9141139345900874,1.0136286653891555
Five_merged_blocks,Context,Cd,2,1,1.0498607664433768,1.0136286653891555
Five_merged_blocks,Context,Cd,3,1,1.074960553998697,1.0136286653891555
Five_merged_blocks,Context,Cd,4,1,1.3095835916514824,0.914294453485966
Five_merged_blocks,Context,Cd,5,1,0.8387245155661224,1.0136286653891555
Five_merged_blocks,Context,Cd,6,1,0.8347611161955296,0.914294453485966
Five_merged_blocks,Context,Cd,7,2,1.0112577445672106,0.9532761003355288
Five_merged_blocks,Context,Cd,8,2,0.8215840920732526,0.9288967068963929
Five_merged_blocks,Context,Cd,9,2,1.179598158358791,0.9196970210424112
Five_merged_blocks,Context,Cd,10,2,0.6097008766229677,0.9162666771325488
Five_merged_blocks,Context,Cd,11,2,0.7260301739502105,0.9126125224009946
Five_merged_blocks,Context,Cd,12,2,1.199123329611036,0.8912400179178134
Five_merged_blocks,Context,Cd,13,2,1.1174675566546795,0.8668606244786775
Five_merged_blocks,Context,Cd,14,2,0.8539197650431718,0.8576609386246958
Five_merged_blocks,Context,Cd,15,2,0.6660267827402552,0.8505764399832791
Five_merged_blocks,Context,Cd,16,2,1.6993429884446185,0.9532761003355288
Five_merged_blocks,Context,Cd,17,2,0.7393035046433206,0.8912400179178134
Five_merged_blocks,Context,Cd,18,3,0.6308366584963743,1.0251016212309427
Five_merged_blocks,Context,Cd,19,3,0.9498015066690076,0.9804209238097231
Five_merged_blocks,Context,Cd,20,3,0.7836544547210236,1.0251016212309427
Five_merged_blocks,Context,Cd,21,3,0.758250631863743,0.9050960522886522
Five_merged_blocks,Context,Cd,22,3,1.5783119746726995,0.7971151802766122
Five_merged_blocks,Context,Cd,23,3,1.706712623365046,0.7490147062551749
Five_merged_blocks,Context,Cd,25,3,1.1159995751084812,0.7005700358775955
Five_merged_blocks,Context,Cd,26,3,0.9970737783040711,0.9804209238097231
Five_merged_blocks,Context,Cd,27,3,0.8748852399674495,0.8604153548674326
Five_merged_blocks,Context,Cd,28,3,1.1776029670043586,0.8148961012171881
Five_merged_blocks,Context,Cd,29,3,0.7359019498464204,0.7524344828553926
Five_merged_blocks,Context,Cd,30,3,0.7296323991616593,0.7291440319043092
Five_merged_blocks,Context,Cd,31,4,0.884101645697944,1.0109415437529887
Five_merged_blocks,Context,Cd,32,4,0.7881126092955352,0.9590047006431847
Five_merged_blocks,Context,Cd,33,4,0.9801351990164437,1.0109415437529887
Five_merged_blocks,Context,Cd,34,4,0.8004995804885306,1.0085463859532582
Five_merged_blocks,Context,Cd,35,4,0.5710491285272509,1.0080410566668283
Five_merged_blocks,Context,Cd,36,4,0.6442197760203031,1.0077436405922793
Five_merged_blocks,Context,Cd,37,4,0.9002452743695599,1.0075321113557627
Five_merged_blocks,Context,Cd,38,4,0.7621768752011353,0.9590047006431847
Five_merged_blocks,Context,Cd,39,4,0.5880746747401445,0.9566095428434541
Five_merged_blocks,Context,Cd,40,4,0.6365469676977639,0.9561042135570241
Five_merged_blocks,Context,Cd,41,4,0.5678100188480059,0.9558067974824751
Five_merged_blocks,Context,Cd,42,5,0.6674262609880519,1.0251949587813052
Five_merged_blocks,Context,Cd,43,5,0.6232198615571751,0.9155725072988123
Five_merged_blocks,Context,Cd,44,5,1.5616978655130405,0.9155725072988123
Five_merged_blocks,ContextF,Fe,1,1,3.9699041305557037,3.9317120968718937
Five_merged_blocks,ContextF,Fe,2,1,4.141790543325649,4.2889052933078755
Five_merged_blocks,ContextF,Fe,3,1,4.099913613642454,3.8680548138194455
Five_merged_blocks,ContextF,Fe,4,1,3.838437700455513,3.971186130206845
Five_merged_blocks,ContextF,Fe,5,1,4.194525622405122,4.236412862269859
Five_merged_blocks,ContextF,Fe,6,1,3.8947486240449836,3.929182832362098
Five_merged_blocks,ContextF,Fe,7,2,3.981532663897732,4.046909810354657
Five_merged_blocks,ContextF,Fe,8,2,4.154186056538937,4.323046780341924
Five_merged_blocks,ContextF,Fe,9,2,4.334375495649785,4.044773846707206
Five_merged_blocks,ContextF,Fe,10,2,4.240471373303819,4.083709003133109
Five_merged_blocks,ContextF,Fe,11,2,4.37236903689325,4.284029263706315
Five_merged_blocks,ContextF,Fe,12,2,4.022367938399275,4.057219574651624
Five_merged_blocks,ContextF,Fe,13,2,3.8058319041191244,3.9546009495339947
Five_merged_blocks,ContextF,Fe,14,2,3.7909572959523423,3.831666319837331
Five_merged_blocks,ContextF,Fe,15,2,3.801818791295686,4.1513855531871915
Five_merged_blocks,ContextF,Fe,16,2,3.9235765039866033,3.8241623349084293
Five_merged_blocks,ContextF,Fe,17,2,4.105525339763128,3.991421676858535
Five_merged_blocks,ContextF,Fe,18,3,3.9496167552353114,3.9670229016027854
Five_merged_blocks,ContextF,Fe,19,3,3.9221878711008795,3.9438490659697085
Five_merged_blocks,ContextF,Fe,20,3,3.969530818956507,3.8510358747976086
Five_merged_blocks,ContextF,Fe,21,3,4.065836475701826,4.047825110249747
Five_merged_blocks,ContextF,Fe,22,3,4.067269159717916,4.048635672024251
Five_merged_blocks,ContextF,Fe,23,3,4.330521434952681,4.213221700394121
Five_merged_blocks,ContextF,Fe,25,3,3.9894919867408527,4.203133222938441
Five_merged_blocks,ContextF,Fe,26,3,4.013166733005109,3.9571042131313643
Five_merged_blocks,ContextF,Fe,27,3,3.7448445376170065,3.77266799334909
Five_merged_blocks,ContextF,Fe,28,3,3.913446912779809,3.9952525217726373
Five_merged_blocks,ContextF,Fe,29,3,3.9995957843997787,4.014030568580876
Five_merged_blocks,ContextF,Fe,30,3,4.21682429876918,4.180567550480889
Five_merged_blocks,ContextF,Fe,31,4,3.236736968068515,3.9220906478334325
Five_merged_blocks,ContextF,Fe,32,4,4.058725891288905,3.9533565346784774
Five_merged_blocks,ContextF,Fe,33,4,3.624059287220689,3.9165386527864485
Five_merged_blocks,ContextF,Fe,34,4,3.9993210868374445,4.2092413136342
Five_merged_blocks,ContextF,Fe,35,4,4.281458002761675,4.179258169591007
Five_merged_blocks,ContextF,Fe,36,4,4.284837010720588,4.195495841239229
Five_merged_blocks,ContextF,Fe,37,4,4.376327216751587,4.213891862709802
Five_merged_blocks,ContextF,Fe,38,4,3.955664332146309,3.8607614951276954
Five_merged_blocks,ContextF,Fe,39,4,4.230014693357475,4.015552287368539
Five_merged_blocks,ContextF,Fe,40,4,4.194887685353898,4.0319121187774645
Five_merged_blocks,ContextF,Fe,41,4,4.0770948480869995,4.083806578934165
Five_merged_blocks,ContextF,Fe,42,5,4.0355215587684565,3.8892459246956936
Five_merged_blocks,ContextF,Fe,43,5,4.280788964121205,3.8774314627790805
Five_merged_blocks,ContextF,Fe,44,5,3.763673617189123,3.922503691487734
Five_merged_blocks,ContextF,Zn,1,1,2.1989536304897537,2.0866871747592883
Five_merged_blocks,ContextF,Zn,2,1,2.174649876266943,2.3952754420112092
Five_merged_blocks,ContextF,Zn,3,1,1.9918928190648517,2.031692032435404
Five_merged_blocks,ContextF,Zn,4,1,2.1466226335180894,2.2566765098560286
Five_merged_blocks,ContextF,Zn,5,1,2.159629191468565,2.349925898684267
Five_merged_blocks,ContextF,Zn,6,1,2.1973109991682187,2.220388794888031
Five_merged_blocks,ContextF,Zn,7,2,2.454129018500211,2.1061617443832192
Five_merged_blocks,ContextF,Zn,8,2,2.2693454373103394,2.098608347091559
Five_merged_blocks,ContextF,Zn,9,2,1.768166858747059,1.9046866162282845
Five_merged_blocks,ContextF,Zn,10,2,1.7839096077554455,1.9036641854097922
Five_merged_blocks,ContextF,Zn,11,2,1.9656049761780043,1.9819285562959632
Five_merged_blocks,ContextF,Zn,12,2,2.2036008477699958,2.2376154816580334
Five_merged_blocks,ContextF,Zn,13,2,2.032275875134674,2.0408485542755206
Five_merged_blocks,ContextF,Zn,14,2,1.8419980678938317,1.9245286046831074
Five_merged_blocks,ContextF,Zn,15,2,1.698918691946475,2.041967555522578
Five_merged_blocks,ContextF,Zn,16,2,1.9201796155266406,1.9948846129224052
Five_merged_blocks,ContextF,Zn,17,2,2.531214205402354,2.204745069511278
Five_merged_blocks,ContextF,Zn,18,3,2.011106046674824,2.1054686270375598
Five_merged_blocks,ContextF,Zn,19,3,2.3933869112519583,2.21181114035902
Five_merged_blocks,ContextF,Zn,20,3,1.9651816918008678,2.019106544312109
Five_merged_blocks,ContextF,Zn,21,3,1.9065108044253947,2.0083697421747995
Five_merged_blocks,ContextF,Zn,22,3,1.8121825285664748,1.8674682842289252
Five_merged_blocks,ContextF,Zn,23,3,1.8901991268088436,1.9269824906931596
Five_merged_blocks,ContextF,Zn,25,3,2.010508198624099,1.855985800628964
Five_merged_blocks,ContextF,Zn,26,3,2.3582273468460753,2.221680710665669
Five_merged_blocks,ContextF,Zn,27,3,1.9536994484984977,1.927089539562567
Five_merged_blocks,ContextF,Zn,28,3,1.8966287369841246,2.033171095399213
Five_merged_blocks,ContextF,Zn,29,3,1.9553987876610721,1.9652992586008782
Five_merged_blocks,ContextF,Zn,30,3,2.075072362939981,2.0587787429815094
Five_merged_blocks,ContextF,Zn,31,4,1.9076410462641036,1.9332647474175406
Five_merged_blocks,ContextF,Zn,32,4,2.145074172589198,2.248288275601003
Five_merged_blocks,ContextF,Zn,33,4,2.148225740344541,1.926036633041775
Five_merged_blocks,ContextF,Zn,34,4,2.0837855312901468,1.9806652462272276
Five_merged_blocks,ContextF,Zn,35,4,1.8126684133519608,1.8727582858472214
Five_merged_blocks,ContextF,Zn,36,4,1.9385475209128067,1.8533627636018346
Five_merged_blocks,ContextF,Zn,37,4,1.872061859945988,1.8484828269657108
Five_merged_blocks,ContextF,Zn,38,4,2.10669821794358,2.127739260186236
Five_merged_blocks,ContextF,Zn,39,4,2.140932741484528,2.002821106555356
Five_merged_blocks,ContextF,Zn,40,4,2.0259511723860424,1.9552478323992186
Five_merged_blocks,ContextF,Zn,41,4,2.265676703620766,1.9822737034423152
Five_merged_blocks,ContextF,Zn,42,5,2.0008712909893847,2.0526446194173107
Five_merged_blocks,ContextF,Zn,43,5,2.0514838307909176,2.207086593988191
Five_merged_blocks,ContextF,Zn,44,5,2.0923455263267265,2.2415249619045037
Five_merged_blocks,ContextF,Cu,1,1,1.9403631993305812,1.6612791865815963
Five_merged_blocks,ContextF,Cu,2,1,2.157318420174079,1.921327467037019
Five_merged_blocks,ContextF,Cu,3,1,1.7039461137187781,1.6149346112609404
Five_merged_blocks,ContextF,Cu,4,1,2.026744854144931,1.775036495487037
Five_merged_blocks,ContextF,Cu,5,1,1.957838616037878,1.8831112676117097
Five_merged_blocks,ContextF,Cu,6,1,2.01132550453274,1.7444567266477355
Five_merged_blocks,ContextF,Cu,7,2,1.836637835092653,1.8324545860118937
Five_merged_blocks,ContextF,Cu,8,2,1.9979888817750278,1.8805410715450248
Five_merged_blocks,ContextF,Cu,9,2,1.6338868038971461,1.5460448435059102
Five_merged_blocks,ContextF,Cu,10,2,1.4980690006556865,1.552885464551683
Five_merged_blocks,ContextF,Cu,11,2,1.5678715874641451,1.7066274401615105
Five_merged_blocks,ContextF,Cu,12,2,2.076322751091403,1.8655476217977291
Five_merged_blocks,ContextF,Cu,13,2,1.7663694198355369,1.5644211278234572
Five_merged_blocks,ContextF,Cu,14,2,1.5745883904455336,1.3731469475928015
Five_merged_blocks,ContextF,Cu,15,2,1.5940604456116887,1.6079172510797701
Five_merged_blocks,ContextF,Cu,16,2,1.5978356196263328,1.6270812249747149
Five_merged_blocks,ContextF,Cu,17,2,1.9875607116066278,1.8048819042991282
Five_merged_blocks,ContextF,Cu,18,3,1.6261701481254922,1.7446298792515236
Five_merged_blocks,ContextF,Cu,19,3,1.8660122805042152,1.850598832442212
Five_merged_blocks,ContextF,Cu,20,3,1.7657509329756096,1.6137249006633005
Five_merged_blocks,ContextF,Cu,21,3,1.6504294953088092,1.6502688921210427
Five_merged_blocks,ContextF,Cu,22,3,1.5273821766896474,1.484220841794872
Five_merged_blocks,ContextF,Cu,23,3,1.6723870171559574,1.5956012819031535
Five_merged_blocks,ContextF,Cu,25,3,1.7506759071181905,1.5093088269870691
Five_merged_blocks,ContextF,Cu,26,3,1.7211875481254704,1.865558822392595
Five_merged_blocks,ContextF,Cu,27,3,1.602399810333962,1.471845125302371
Five_merged_blocks,ContextF,Cu,28,3,1.6167566255481636,1.6526748335562946
Five_merged_blocks,ContextF,Cu,29,3,1.5432834819171881,1.5772882670374657
Five_merged_blocks,ContextF,Cu,30,3,1.6666443391481212,1.7292324975142748
Five_merged_blocks,ContextF,Cu,31,4,1.520147162366568,1.5895490437859598
Five_merged_blocks,ContextF,Cu,32,4,1.6612468421372524,1.8773365457147222
Five_merged_blocks,ContextF,Cu,33,4,1.3527586259653261,1.5812652774185405
Five_merged_blocks,ContextF,Cu,34,4,1.6116436826791583,1.7413594600136437
Five_merged_blocks,ContextF,Cu,35,4,1.4201913003814255,1.6382606962546744
Five_merged_blocks,ContextF,Cu,36,4,1.7112797326392286,1.6281378571662417
Five_merged_blocks,ContextF,Cu,37,4,1.4579609361314967,1.6311548301080965
Five_merged_blocks,ContextF,Cu,38,4,1.631164747955207,1.739181581971144
Five_merged_blocks,ContextF,Cu,39,4,1.5875680078206353,1.693506543022289
Five_merged_blocks,ContextF,Cu,40,4,1.5456717897574226,1.6595530825583806
Five_merged_blocks,ContextF,Cu,41,4,1.7563560461439542,1.7026313906102273
Five_merged_blocks,ContextF,Cu,42,5,1.5617214195073925,1.7033871918833494
Five_merged_blocks,ContextF,Cu,43,5,1.5135808067166654,1.821677850319052
Five_merged_blocks,ContextF,Cu,44,5,1.5750716262447924,1.8651071383491504
Five_merged_blocks,ContextF,Cr,1,1,1.5392769858727735,1.5555980823660802
Five_merged_blocks,ContextF,Cr,2,1,1.5663786143980676,1.8129389208262683
Five_merged_blocks,ContextF,Cr,3,1,1.638657479648857,1.5097360145600085
Five_merged_blocks,ContextF,Cr,4,1,1.4293978573405213,1.5660509928970723
Five_merged_blocks,ContextF,Cr,5,1,1.659728242155406,1.7751206019139205
Five_merged_blocks,ContextF,Cr,6,1,1.5169626684485797,1.5357895993618302
Five_merged_blocks,ContextF,Cr,7,2,1.454984804820921,1.6023735583774708
Five_merged_blocks,ContextF,Cr,8,2,1.6299029284201454,1.7129652937011592
Five_merged_blocks,ContextF,Cr,9,2,1.7028764766931734,1.5775240991387187
Five_merged_blocks,ContextF,Cr,10,2,1.7098135184786756,1.5931225423167925
Five_merged_blocks,ContextF,Cr,11,2,1.7879579935686536,1.6833203041029905
Five_merged_blocks,ContextF,Cr,12,2,1.5389022010418798,1.5899149740676644
Five_merged_blocks,ContextF,Cr,13,2,1.3737003766354485,1.5250559233930936
Five_merged_blocks,ContextF,Cr,14,2,1.191896047836166,1.4615720223302253
Five_merged_blocks,ContextF,Cr,15,2,1.370609114870662,1.604641445183857
Five_merged_blocks,ContextF,Cr,16,2,1.4151299242035673,1.499190344317372
Five_merged_blocks,ContextF,Cr,17,2,1.7791780967059945,1.5594354431141129
Five_merged_blocks,ContextF,Cr,18,3,1.3497610177741644,1.5866954465233407
Five_merged_blocks,ContextF,Cr,19,3,1.4702192649062535,1.546995097638135
Five_merged_blocks,ContextF,Cr,20,3,1.4546167055182608,1.525822256909685
Five_merged_blocks,ContextF,Cr,21,3,1.6439816915194139,1.6072555943550721
Five_merged_blocks,ContextF,Cr,22,3,1.556100190143346,1.5880230230293721
Five_merged_blocks,ContextF,Cr,23,3,1.7225002052378007,1.6656455911525638
Five_merged_blocks,ContextF,Cr,25,3,1.3618028668703182,1.6515315014314407
Five_merged_blocks,ContextF,Cr,26,3,1.5221519105774202,1.5539517643340035
Five_merged_blocks,ContextF,Cr,27,3,1.2932383769391433,1.4353074718818988
Five_merged_blocks,ContextF,Cr,28,3,1.5461487948373298,1.5438391645167082
Five_merged_blocks,ContextF,Cr,29,3,1.4181035020994708,1.542323229619137
Five_merged_blocks,ContextF,Cr,30,3,1.6318991482906486,1.625486390142912
Five_merged_blocks,ContextF,Cr,31,4,1.1935799776319382,1.452384331476286
Five_merged_blocks,ContextF,Cr,32,4,1.62710026540888,1.5502587435284672
Five_merged_blocks,ContextF,Cr,33,4,1.6689242261555788,1.4473935295993376
Five_merged_blocks,ContextF,Cr,34,4,1.661756870761001,1.6277877537327092
Five_merged_blocks,ContextF,Cr,35,4,1.7685762881701927,1.5833826044817838
Five_merged_blocks,ContextF,Cr,36,4,1.7166288867147004,1.58770704384609
Five_merged_blocks,ContextF,Cr,37,4,1.7907227690496925,1.5969379638884191
Five_merged_blocks,ContextF,Cr,38,4,1.515441783279631,1.4670231690592181
Five_merged_blocks,ContextF,Cr,39,4,1.6320040630107877,1.5234455944297847
Five_merged_blocks,ContextF,Cr,40,4,1.6542253445593238,1.5206990934507885
Five_merged_blocks,ContextF,Cr,41,4,1.594113341877074,1.557076149128347
Five_merged_blocks,ContextF,Cr,42,5,1.6457511849282858,1.5014145449553429
Five_merged_blocks,ContextF,Cr,43,5,1.8088679912525394,1.4650175909160772
Five_merged_blocks,ContextF,Cr,44,5,1.6748360705413563,1.4921649210248324
Five_merged_blocks,ContextF,Co,1,1,1.6828148947268338,1.569461179808317
Five_merged_blocks,ContextF,Co,2,1,1.6334649812376287,1.7272632504353957
Five_merged_blocks,ContextF,Co,3,1,1.5768947223416294,1.5413384406957014
Five_merged_blocks,ContextF,Co,4,1,1.4762245604602662,1.5772411431652726
Five_merged_blocks,ContextF,Co,5,1,1.733565106370176,1.7040729590393142
Five_merged_blocks,ContextF,Co,6,1,1.5124893055550932,1.5586847780407342
Five_merged_blocks,ContextF,Co,7,2,1.6240360756658063,1.6237831450766615
Five_merged_blocks,ContextF,Co,8,2,1.7056784709120685,1.7172526763417613
Five_merged_blocks,ContextF,Co,9,2,1.6478524600339701,1.5949554451188221
Five_merged_blocks,ContextF,Co,10,2,1.5938164763706606,1.6081405360078767
Five_merged_blocks,ContextF,Co,11,2,1.7410802113792543,1.6876253254978504
Five_merged_blocks,ContextF,Co,12,2,1.6319324760845337,1.594536941965469
Five_merged_blocks,ContextF,Co,13,2,1.5454658163634933,1.5319701688827252
Five_merged_blocks,ContextF,Co,14,2,1.4916440335743009,1.4736678071308056
Five_merged_blocks,ContextF,Co,15,2,1.5973897869027276,1.5994864428004791
Five_merged_blocks,ContextF,Co,16,2,1.581371319958306,1.5320176548221465
Five_merged_blocks,ContextF,Co,17,2,1.5914469030883158,1.5674301191536573
Five_merged_blocks,ContextF,Co,18,3,1.5409259033626792,1.585867761629553
Five_merged_blocks,ContextF,Co,19,3,1.53269269164338,1.5646486445762793
Five_merged_blocks,ContextF,Co,20,3,1.6428786292044255,1.5291192576547148
Five_merged_blocks,ContextF,Co,21,3,1.6798821710165428,1.5996659727778768
Five_merged_blocks,ContextF,Co,22,3,1.5899773804988853,1.5769057268611841
Five_merged_blocks,ContextF,Co,23,3,1.683486032641178,1.6471167751228233
Five_merged_blocks,ContextF,Co,25,3,1.625731884581958,1.6317917197135388
Five_merged_blocks,ContextF,Co,26,3,1.553829418272936,1.5711339368724062
Five_merged_blocks,ContextF,Co,27,3,1.4699144151719274,1.4551600138036938
Five_merged_blocks,ContextF,Co,28,3,1.5215778122599195,1.5543013044053724
Five_merged_blocks,ContextF,Co,29,3,1.624462121062192,1.5500936795928801
Five_merged_blocks,ContextF,Co,30,3,1.684974800687395,1.6265798478609177
Five_merged_blocks,ContextF,Co,31,4,1.3174037085394468,1.5481880392901164
Five_merged_blocks,ContextF,Co,32,4,1.563062518709283,1.5825806818271484
Five_merged_blocks,ContextF,Co,33,4,1.36672428210215,1.5452011595412656
Five_merged_blocks,ContextF,Co,34,4,1.5229469969188343,1.6853636397997973
Five_merged_blocks,ContextF,Co,35,4,1.6585088512884099,1.6655818715699269
Five_merged_blocks,ContextF,Co,36,4,1.7265398591290513,1.6721684351095225
Five_merged_blocks,ContextF,Co,37,4,1.7071819838497393,1.6805367443315646
Five_merged_blocks,ContextF,Co,38,4,1.5268378575361417,1.5327661113641382
Five_merged_blocks,ContextF,Co,39,4,1.5408358236038475,1.5987343310042434
Five_merged_blocks,ContextF,Co,40,4,1.6229801112560343,1.6038843023937406
Five_merged_blocks,ContextF,Co,41,4,1.4889644774518103,1.6296536171072376
Five_merged_blocks,ContextF,Co,42,5,1.585724932096703,1.5530723564500704
Five_merged_blocks,ContextF,Co,43,5,1.6272004329589924,1.5243925822704512
Five_merged_blocks,ContextF,Co,44,5,1.6684441945719664,1.5436833393810987
Five_merged_blocks,ContextF,Ni,1,1,1.9799457185199092,1.7848100042677137
Five_merged_blocks,ContextF,Ni,2,1,1.9100869998875398,1.957472017076765
Five_merged_blocks,ContextF,Ni,3,1,1.826042318017792,1.7540389965008816
Five_merged_blocks,ContextF,Ni,4,1,1.8001323802752696,1.8187509073667874
Five_merged_blocks,ContextF,Ni,5,1,1.9387386015708294,1.9320979369131503
Five_merged_blocks,ContextF,Ni,6,1,1.7555798701479046,1.7984471221243605
Five_merged_blocks,ContextF,Ni,7,2,1.8361847614338342,1.8587458105163766
Five_merged_blocks,ContextF,Ni,8,2,1.956824321969751,1.9556438804580292
Five_merged_blocks,ContextF,Ni,9,2,1.8635227289439695,1.810487567253249
Five_merged_blocks,ContextF,Ni,10,2,1.780317262908934,1.8241601811761474
Five_merged_blocks,ContextF,Ni,11,2,1.9465196283038422,1.9141951797205414
Five_merged_blocks,ContextF,Ni,12,2,1.8522915298837745,1.8496159682727977
Five_merged_blocks,ContextF,Ni,13,2,1.742055197824842,1.7665597267248023
Five_merged_blocks,ContextF,Ni,14,2,1.7517853367360183,1.6952077292698673
Five_merged_blocks,ContextF,Ni,15,2,1.7878222403782134,1.837145300207394
Five_merged_blocks,ContextF,Ni,16,2,1.7998751615811301,1.7529140575388873
Five_merged_blocks,ContextF,Ni,17,2,1.9142882803440324,1.8183540792133313
Five_merged_blocks,ContextF,Ni,18,3,1.7498811167186816,1.816022352015279
Five_merged_blocks,ContextF,Ni,19,3,1.7793873805050169,1.812583643024155
Five_merged_blocks,ContextF,Ni,20,3,1.8442144456902358,1.7559590348668057
Five_merged_blocks,ContextF,Ni,21,3,1.8880790224863195,1.8258708686321599
Five_merged_blocks,ContextF,Ni,22,3,1.8093363011179682,1.7975019876704628
Five_merged_blocks,ContextF,Ni,23,3,1.9072420261542706,1.869908062332263
Five_merged_blocks,ContextF,Ni,25,3,1.8030294602003294,1.8517680288546723
Five_merged_blocks,ContextF,Ni,26,3,1.8520752477668028,1.8194477564491633
Five_merged_blocks,ContextF,Ni,27,3,1.6597906094906874,1.6919438442166763
Five_merged_blocks,ContextF,Ni,28,3,1.8336636248862164,1.79507233525101
Five_merged_blocks,ContextF,Ni,29,3,1.7977692139477586,1.7881436522968783
Five_merged_blocks,ContextF,Ni,30,3,1.8891963054106937,1.8681745836462353
Five_merged_blocks,ContextF,Ni,31,4,1.5405366541201015,1.7479949391159033
Five_merged_blocks,ContextF,Ni,32,4,1.8795331683093488,1.8230920707354914
Five_merged_blocks,ContextF,Ni,33,4,1.6828817009047188,1.7442469013135025
Five_merged_blocks,ContextF,Ni,34,4,1.8538499541950157,1.9000345204179436
Five_merged_blocks,ContextF,Ni,35,4,1.8774536128324149,1.87097247518712
Five_merged_blocks,ContextF,Ni,36,4,1.9080414306298896,1.8767424913339963
Five_merged_blocks,ContextF,Ni,37,4,1.905777762969521,1.8854688078939483
Five_merged_blocks,ContextF,Ni,38,4,1.776157801620899,1.7605830617010443
Five_merged_blocks,ContextF,Ni,39,4,1.9737802269951705,1.823269211412206
Five_merged_blocks,ContextF,Ni,40,4,1.8528290847240552,1.8254923568921755
Five_merged_blocks,ContextF,Ni,41,4,1.668161123059277,1.8553335384689602
Five_merged_blocks,ContextF,Ni,42,5,1.6562853523182692,1.796278732529772
Five_merged_blocks,ContextF,Ni,43,5,1.8268304813339766,1.79634083287856
Five_merged_blocks,ContextF,Ni,44,5,1.7150096794441172,1.817962849129231
Five_merged_blocks,ContextF,Mn,1,1,2.5685462281861318,2.562113296599706
Five_merged_blocks,ContextF,Mn,2,1,2.6611622159911597,2.7663390288831464
Five_merged_blocks,ContextF,Mn,3,1,2.6638832274593565,2.5257171519466812
Five_merged_blocks,ContextF,Mn,4,1,2.488157505401859,2.5539744520666146
Five_merged_blocks,ContextF,Mn,5,1,2.712531039694305,2.7363264046925333
Five_merged_blocks,ContextF,Mn,6,1,2.3863869707160568,2.5299590051145047
Five_merged_blocks,ContextF,Mn,7,2,2.5085860980768895,2.6271403497090486
Five_merged_blocks,ContextF,Mn,8,2,2.6697281553156773,2.8196251836320094
Five_merged_blocks,ContextF,Mn,9,2,2.738398832507747,2.6959001719014317
Five_merged_blocks,ContextF,Mn,10,2,2.8366294668774223,2.723025577504045
Five_merged_blocks,ContextF,Mn,11,2,2.9307837770497738,2.833470716881495
Five_merged_blocks,ContextF,Mn,12,2,2.509384832487739,2.5943089682024874
Five_merged_blocks,ContextF,Mn,13,2,2.371103996065788,2.592342990609685
Five_merged_blocks,ContextF,Mn,14,2,2.422847844782801,2.548367716310369
Five_merged_blocks,ContextF,Mn,15,2,2.6436898216542395,2.727247893647747
Five_merged_blocks,ContextF,Mn,16,2,2.5746864716873072,2.5127831549285706
Five_merged_blocks,ContextF,Mn,17,2,2.681160023005942,2.5605287289472654
Five_merged_blocks,ContextF,Mn,18,3,2.4958781717163117,2.5795308690385474
Five_merged_blocks,ContextF,Mn,19,3,2.569079210005922,2.516634396624306
Five_merged_blocks,ContextF,Mn,20,3,2.5898420070662436,2.523224842616094
Five_merged_blocks,ContextF,Mn,21,3,2.78149435424105,2.656432155650022
Five_merged_blocks,ContextF,Mn,22,3,2.665869475606822,2.690726256036095
Five_merged_blocks,ContextF,Mn,23,3,2.863771552954755,2.78572587146403
Five_merged_blocks,ContextF,Mn,25,3,2.6920949011241344,2.796037621407577
Five_merged_blocks,ContextF,Mn,26,3,2.5984939227907087,2.5230691220145114
Five_merged_blocks,ContextF,Mn,27,3,2.319989468181798,2.4712101293882736
Five_merged_blocks,ContextF,Mn,28,3,2.74163664288831,2.5935548042478236
Five_merged_blocks,ContextF,Mn,29,3,2.6164519758121028,2.6222804624167333
Five_merged_blocks,ContextF,Mn,30,3,2.8006096076677993,2.7104380595539
Five_merged_blocks,ContextF,Mn,31,4,2.548084506719318,2.511499449581189
Five_merged_blocks,ContextF,Mn,32,4,2.598880216451015,2.5396304999021546
Five_merged_blocks,ContextF,Mn,33,4,2.1888219738773858,2.5073074870369876
Five_merged_blocks,ContextF,Mn,34,4,2.5766188912060906,2.7906967764756723
Five_merged_blocks,ContextF,Mn,35,4,2.8309233723863803,2.7812209601219973
Five_merged_blocks,ContextF,Mn,36,4,2.8502199193439695,2.801227954747386
Five_merged_blocks,ContextF,Mn,37,4,2.8889432971001243,2.8206274451072453
Five_merged_blocks,ContextF,Mn,38,4,2.479702447196275,2.4697178046834187
Five_merged_blocks,ContextF,Mn,39,4,2.7833688970758037,2.648978509224494
Five_merged_blocks,ContextF,Mn,40,4,2.780794947729865,2.6744933612050166
Five_merged_blocks,ContextF,Mn,41,4,2.6484961120836967,2.7214225559781244
Five_merged_blocks,ContextF,Mn,42,5,2.62769507640225,2.5313447237240956
Five_merged_blocks,ContextF,Mn,43,5,2.8942443382137326,2.4878022049166413
Five_merged_blocks,ContextF,Mn,44,5,2.3032026516767665,2.513488558851722
Five_merged_blocks,ContextF,Pb,1,1,2.1390423893344774,2.1201351425592105
Five_merged_blocks,ContextF,Pb,2,1,2.1980607261505636,2.3827399568461503
Five_merged_blocks,ContextF,Pb,3,1,1.9729088099776286,2.07333495386358
Five_merged_blocks,ContextF,Pb,4,1,1.9187507773905221,2.151038084423706
Five_merged_blocks,ContextF,Pb,5,1,2.1921723027231748,2.344148054083862
Five_merged_blocks,ContextF,Pb,6,1,2.112623375847017,2.1201576859726234
Five_merged_blocks,ContextF,Pb,7,2,2.1880373037413365,2.1666809114615844
Five_merged_blocks,ContextF,Pb,8,2,2.413446419603822,2.16720097462994
Five_merged_blocks,ContextF,Pb,9,2,1.9410876009978146,1.957895153539364
Five_merged_blocks,ContextF,Pb,10,2,2.035328696851712,1.9580126079706588
Five_merged_blocks,ContextF,Pb,11,2,2.0616352870928294,2.0451456340212717
Five_merged_blocks,ContextF,Pb,12,2,2.2121717176595186,2.148869929311126
Five_merged_blocks,ContextF,Pb,13,2,2.051043779040838,1.9419250225196953
Five_merged_blocks,ContextF,Pb,14,2,1.9430364525853001,1.8177064106390253
Five_merged_blocks,ContextF,Pb,15,2,1.93428242242007,1.9490312848930835
Five_merged_blocks,ContextF,Pb,16,2,1.9300685096781087,2.0446700450893753
Five_merged_blocks,ContextF,Pb,17,2,2.1191857166759074,2.1128288541019806
Five_merged_blocks,ContextF,Pb,18,3,2.085804610916909,2.1091167974839586
Five_merged_blocks,ContextF,Pb,19,3,2.1923102770027367,2.113921375365647
Five_merged_blocks,ContextF,Pb,20,3,2.0521981836199616,2.0282525789854637
Five_merged_blocks,ContextF,Pb,21,3,2.077552819396845,2.0489102636835077
Five_merged_blocks,ContextF,Pb,22,3,1.9932907068763837,1.9446123807353293
Five_merged_blocks,ContextF,Pb,23,3,2.007733142631876,2.012647408226716
Five_merged_blocks,ContextF,Pb,25,3,2.0685711817722483,1.9585680288230067
Five_merged_blocks,ContextF,Pb,26,3,2.18260867001439,2.123162642650739
Five_merged_blocks,ContextF,Pb,27,3,1.9420832942253636,1.878036305131845
Five_merged_blocks,ContextF,Pb,28,3,1.8247984530826944,1.989013607758787
Five_merged_blocks,ContextF,Pb,29,3,1.869208533367542,1.94144726956309
Five_merged_blocks,ContextF,Pb,30,3,2.0535002840738064,2.034936118732035
Five_merged_blocks,ContextF,Pb,31,4,1.8558808777672784,2.0209767397211262
Five_merged_blocks,ContextF,Pb,32,4,2.109613760928575,2.139731665686018
Five_merged_blocks,ContextF,Pb,33,4,1.8678001347657514,2.015885835408102
Five_merged_blocks,ContextF,Pb,34,4,2.116832117933757,2.1009258936997353
Five_merged_blocks,ContextF,Pb,35,4,1.9515809611464396,2.034748941534065
Five_merged_blocks,ContextF,Pb,36,4,2.033330762423285,2.0268703290955856
Five_merged_blocks,ContextF,Pb,37,4,1.8462816193154556,2.0275456133742833
Five_merged_blocks,ContextF,Pb,38,4,1.9579261567138497,2.0548266032310774
Five_merged_blocks,ContextF,Pb,39,4,1.8630052023004837,2.01340831262892
Five_merged_blocks,ContextF,Pb,40,4,1.9934400944196455,1.9897255722935927
Five_merged_blocks,ContextF,Pb,41,4,1.9512612429461265,2.014542467842823
Five_merged_blocks,ContextF,Pb,42,5,2.37987783156262,2.0390528544450857
Five_merged_blocks,ContextF,Pb,43,5,2.1603629004817453,2.052066053347675
Five_merged_blocks,ContextF,Pb,44,5,2.255752266560607,2.082997399145708
Five_merged_blocks,ContextF,Cd,1,1,0.9141139345900874,1.0130000891338662
Five_merged_blocks,ContextF,Cd,2,1,1.0498607664433768,0.9148090374131246
Five_merged_blocks,ContextF,Cd,3,1,1.074960553998697,1.0304992342322947
Five_merged_blocks,ContextF,Cd,4,1,1.3095835916514824,0.8914669470593806
Five_merged_blocks,ContextF,Cd,5,1,0.8387245155661224,0.9292390071393961
Five_merged_blocks,ContextF,Cd,6,1,0.8347611161955296,0.9030134939484797
Five_merged_blocks,ContextF,Cd,7,2,1.0112577445672106,0.950985022524978
Five_merged_blocks,ContextF,Cd,8,2,0.8215840920732526,0.9238773986816541
Five_merged_blocks,ContextF,Cd,9,2,1.179598158358791,0.9213174738329903
Five_merged_blocks,ContextF,Cd,10,2,0.6097008766229677,0.9175016287427277
Five_merged_blocks,ContextF,Cd,11,2,0.7260301739502105,0.9102517100193913
Five_merged_blocks,ContextF,Cd,12,2,1.199123329611036,0.8884520488627434
Five_merged_blocks,ContextF,Cd,13,2,1.1174675566546795,0.8689391249947588
Five_merged_blocks,ContextF,Cd,14,2,0.8539197650431718,0.86326440044852
Five_merged_blocks,ContextF,Cd,15,2,0.6660267827402552,0.8505851989670615
Five_merged_blocks,ContextF,Cd,16,2,1.6993429884446185,0.9554514918475231
Five_merged_blocks,ContextF,Cd,17,2,0.7393035046433206,0.8897714096832963
Five_merged_blocks,ContextF,Cd,18,3,0.6308366584963743,1.0271654683027316
Five_merged_blocks,ContextF,Cd,19,3,0.9498015066690076,0.9716944830520882
Five_merged_blocks,ContextF,Cd,20,3,0.7836544547210236,1.0516972250432584
Five_merged_blocks,ContextF,Cd,21,3,0.758250631863743,0.9104065093987814
Five_merged_blocks,ContextF,Cd,22,3,1.5783119746726995,0.8205530725062653
Five_merged_blocks,ContextF,Cd,23,3,1.706712623365046,0.7457932427651564
Five_merged_blocks,ContextF,Cd,25,3,1.1159995751084812,0.7076919573993162
Five_merged_blocks,ContextF,Cd,26,3,0.9970737783040711,0.9688909622214714
Five_merged_blocks,ContextF,Cd,27,3,0.8748852399674495,0.9082310756335573
Five_merged_blocks,ContextF,Cd,28,3,1.1776029670043586,0.823348109219832
Five_merged_blocks,ContextF,Cd,29,3,0.7359019498464204,0.7674998497320158
Five_merged_blocks,ContextF,Cd,30,3,0.7296323991616593,0.7129330017748445
Five_merged_blocks,ContextF,Cd,31,4,0.884101645697944,1.0646773110936234
Five_merged_blocks,ContextF,Cd,32,4,0.7881126092955352,0.9440078481907894
Five_merged_blocks,ContextF,Cd,33,4,0.9801351990164437,1.0666550533062917
Five_merged_blocks,ContextF,Cd,34,4,0.8004995804885306,0.9852088697590632
Five_merged_blocks,ContextF,Cd,35,4,0.5710491285272509,1.000704268091907
Five_merged_blocks,ContextF,Cd,36,4,0.6442197760203031,0.9977538156495684
Five_merged_blocks,ContextF,Cd,37,4,0.9002452743695599,0.993216187312495
Five_merged_blocks,ContextF,Cd,38,4,0.7621768752011353,0.9769922289140279
Five_merged_blocks,ContextF,Cd,39,4,0.5880746747401445,0.9446732729424053
Five_merged_blocks,ContextF,Cd,40,4,0.6365469676977639,0.9436602886061962
Five_merged_blocks,ContextF,Cd,41,4,0.5678100188480059,0.9280081072889909
Five_merged_blocks,ContextF,Cd,42,5,0.6674262609880519,1.05068246754424
Five_merged_blocks,ContextF,Cd,43,5,0.6232198615571751,0.9160393585977741
Five_merged_blocks,ContextF,Cd,44,5,1.5616978655130405,0.9007969416047521
Five_merged_blocks,ContextFC,Fe,1,1,3.9699041305557037,3.921031685838488
Five_merged_blocks,ContextFC,Fe,2,1,4.141790543325649,4.2373241143153155
Five_merged_blocks,ContextFC,Fe,3,1,4.099913613642454,3.8852638037044738
Five_merged_blocks,ContextFC,Fe,4,1,3.838437700455513,3.919036521645575
Five_merged_blocks,ContextFC,Fe,5,1,4.194525622405122,4.1845358124724426
Five_merged_blocks,ContextFC,Fe,6,1,3.8947486240449836,3.8191838245177143
Five_merged_blocks,ContextFC,Fe,7,2,3.981532663897732,4.022545400324178
Five_merged_blocks,ContextFC,Fe,8,2,4.154186056538937,4.285134628270472
Five_merged_blocks,ContextFC,Fe,9,2,4.334375495649785,4.091909520766731
Five_merged_blocks,ContextFC,Fe,10,2,4.240471373303819,4.116437113329907
Five_merged_blocks,ContextFC,Fe,11,2,4.37236903689325,4.266306489253608
Five_merged_blocks,ContextFC,Fe,12,2,4.022367938399275,4.002895856768629
Five_merged_blocks,ContextFC,Fe,13,2,3.8058319041191244,3.78455661962919
Five_merged_blocks,ContextFC,Fe,14,2,3.7909572959523423,3.846165810795875
Five_merged_blocks,ContextFC,Fe,15,2,3.801818791295686,4.155887979569456
Five_merged_blocks,ContextFC,Fe,16,2,3.9235765039866033,3.837559305466984
Five_merged_blocks,ContextFC,Fe,17,2,4.105525339763128,4.038188263331857
Five_merged_blocks,ContextFC,Fe,18,3,3.9496167552353114,3.930358999601816
Five_merged_blocks,ContextFC,Fe,19,3,3.9221878711008795,3.9951492367896186
Five_merged_blocks,ContextFC,Fe,20,3,3.969530818956507,3.903111355532643
Five_merged_blocks,ContextFC,Fe,21,3,4.065836475701826,4.086281629907261
Five_merged_blocks,ContextFC,Fe,22,3,4.067269159717916,4.098926205619886
Five_merged_blocks,ContextFC,Fe,23,3,4.330521434952681,4.235821073576327
Five_merged_blocks,ContextFC,Fe,25,3,3.9894919867408527,4.178048553624139
Five_merged_blocks,ContextFC,Fe,26,3,4.013166733005109,4.011074794976297
Five_merged_blocks,ContextFC,Fe,27,3,3.7448445376170065,3.624490654402027
Five_merged_blocks,ContextFC,Fe,28,3,3.913446912779809,4.013973975551445
Five_merged_blocks,ContextFC,Fe,29,3,3.9995957843997787,4.054391541380997
Five_merged_blocks,ContextFC,Fe,30,3,4.21682429876918,4.1669502385740875
Five_merged_blocks,ContextFC,Fe,31,4,3.236736968068515,3.929811843084604
Five_merged_blocks,ContextFC,Fe,32,4,4.058725891288905,3.9946583859021674
Five_merged_blocks,ContextFC,Fe,33,4,3.624059287220689,3.8711860807137004
Five_merged_blocks,ContextFC,Fe,34,4,3.9993210868374445,4.2149131664824075
Five_merged_blocks,ContextFC,Fe,35,4,4.281458002761675,4.189965447439909
Five_merged_blocks,ContextFC,Fe,36,4,4.284837010720588,4.199912195294397
Five_merged_blocks,ContextFC,Fe,37,4,4.376327216751587,4.208577241978275
Five_merged_blocks,ContextFC,Fe,38,4,3.955664332146309,3.91790050450069
Five_merged_blocks,ContextFC,Fe,39,4,4.230014693357475,4.0404785655705
Five_merged_blocks,ContextFC,Fe,40,4,4.194887685353898,4.051294175670817
Five_merged_blocks,ContextFC,Fe,41,4,4.0770948480869995,4.082464367409177
Five_merged_blocks,ContextFC,Fe,42,5,4.0355215587684565,3.846635143090692
Five_merged_blocks,ContextFC,Fe,43,5,4.280788964121205,3.9698859432688076
Five_merged_blocks,ContextFC,Fe,44,5,3.763673617189123,4.005717240275852
Five_merged_blocks,ContextFC,Zn,1,1,2.1989536304897537,2.092607634971385
Five_merged_blocks,ContextFC,Zn,2,1,2.174649876266943,2.423868378833907
Five_merged_blocks,ContextFC,Zn,3,1,1.9918928190648517,2.0221525924657153
Five_merged_blocks,ContextFC,Zn,4,1,2.1466226335180894,2.285584543600972
Five_merged_blocks,ContextFC,Zn,5,1,2.159629191468565,2.378682845236795
Five_merged_blocks,ContextFC,Zn,6,1,2.1973109991682187,2.2813644209455086
Five_merged_blocks,ContextFC,Zn,7,2,2.454129018500211,2.1183195131233714
Five_merged_blocks,ContextFC,Zn,8,2,2.2693454373103394,2.117526399149853
Five_merged_blocks,ContextFC,Zn,9,2,1.768166858747059,1.881166053903564
Five_merged_blocks,ContextFC,Zn,10,2,1.7839096077554455,1.8873329549561455
Five_merged_blocks,ContextFC,Zn,11,2,1.9656049761780043,1.9907721684729196
Five_merged_blocks,ContextFC,Zn,12,2,2.2036008477699958,2.2647228566488713
Five_merged_blocks,ContextFC,Zn,13,2,2.032275875134674,2.125700173336711
Five_merged_blocks,ContextFC,Zn,14,2,1.8419980678938317,1.9172934014623686
Five_merged_blocks,ContextFC,Zn,15,2,1.698918691946475,2.0397208580381467
Five_merged_blocks,ContextFC,Zn,16,2,1.9201796155266406,1.9881995641292765
Five_merged_blocks,ContextFC,Zn,17,2,2.531214205402354,2.1814086808034148
Five_merged_blocks,ContextFC,Zn,18,3,2.011106046674824,2.1186673250493295
Five_merged_blocks,ContextFC,Zn,19,3,2.3933869112519583,2.1933435080108157
Five_merged_blocks,ContextFC,Zn,20,3,1.9651816918008678,2.0003598068802457
Five_merged_blocks,ContextFC,Zn,21,3,1.9065108044253947,1.9945257168026487
Five_merged_blocks,ContextFC,Zn,22,3,1.8121825285664748,1.84936411283543
Five_merged_blocks,ContextFC,Zn,23,3,1.8901991268088436,1.9188469054005854
Five_merged_blocks,ContextFC,Zn,25,3,2.010508198624099,1.8650160717385624
Five_merged_blocks,ContextFC,Zn,26,3,2.3582273468460753,2.2022517526875407
Five_merged_blocks,ContextFC,Zn,27,3,1.9536994484984977,1.9804321420192998
Five_merged_blocks,ContextFC,Zn,28,3,1.8966287369841246,2.0264315286514774
Five_merged_blocks,ContextFC,Zn,29,3,1.9553987876610721,1.9507696460289201
Five_merged_blocks,ContextFC,Zn,30,3,2.075072362939981,2.0636808613535558
Five_merged_blocks,ContextFC,Zn,31,4,1.9076410462641036,1.931529410936895
Five_merged_blocks,ContextFC,Zn,32,4,2.145074172589198,2.2390056960501434
Five_merged_blocks,ContextFC,Zn,33,4,2.148225740344541,1.9362296109744448
Five_merged_blocks,ContextFC,Zn,34,4,2.0837855312901468,1.9793904988804563
Five_merged_blocks,ContextFC,Zn,35,4,1.8126684133519608,1.870351828135019
Five_merged_blocks,ContextFC,Zn,36,4,1.9385475209128067,1.8523701892588662
Five_merged_blocks,ContextFC,Zn,37,4,1.872061859945988,1.849677286493832
Five_merged_blocks,ContextFC,Zn,38,4,2.10669821794358,2.1148972837554574
Five_merged_blocks,ContextFC,Zn,39,4,2.140932741484528,1.9972189324769272
Five_merged_blocks,ContextFC,Zn,40,4,2.0259511723860424,1.950891720514613
Five_merged_blocks,ContextFC,Zn,41,4,2.265676703620766,1.9825753651084577
Five_merged_blocks,ContextFC,Zn,42,5,2.0008712909893847,2.05907142727848
Five_merged_blocks,ContextFC,Zn,43,5,2.0514838307909176,2.1931420672831856
Five_merged_blocks,ContextFC,Zn,44,5,2.0923455263267265,2.2289742066880147
Five_merged_blocks,ContextFC,Cu,1,1,1.9403631993305812,1.6694346444527302
Five_merged_blocks,ContextFC,Cu,2,1,2.157318420174079,1.9607143530755444
Five_merged_blocks,ContextFC,Cu,3,1,1.7039461137187781,1.6017939941467463
Five_merged_blocks,ContextFC,Cu,4,1,2.026744854144931,1.8148574288094952
Five_merged_blocks,ContextFC,Cu,5,1,1.957838616037878,1.9227240777159618
Five_merged_blocks,ContextFC,Cu,6,1,2.01132550453274,1.8284508979896272
Five_merged_blocks,ContextFC,Cu,7,2,1.836637835092653,1.8702941239628994
Five_merged_blocks,ContextFC,Cu,8,2,1.9979888817750278,1.939421147660862
Five_merged_blocks,ContextFC,Cu,9,2,1.6338868038971461,1.4728400285651568
Five_merged_blocks,ContextFC,Cu,10,2,1.4980690006556865,1.5020565478528038
Five_merged_blocks,ContextFC,Cu,11,2,1.5678715874641451,1.7341520794062697
Five_merged_blocks,ContextFC,Cu,12,2,2.076322751091403,1.9499159435384135
Five_merged_blocks,ContextFC,Cu,13,2,1.7663694198355369,1.828511202926343
Five_merged_blocks,ContextFC,Cu,14,2,1.5745883904455336,1.350628280499699
Five_merged_blocks,ContextFC,Cu,15,2,1.5940604456116887,1.6009246855405168
Five_merged_blocks,ContextFC,Cu,16,2,1.5978356196263328,1.6062748448799427
Five_merged_blocks,ContextFC,Cu,17,2,1.9875607116066278,1.7322503067565342
Five_merged_blocks,ContextFC,Cu,18,3,1.6261701481254922,1.7831684223472053
Five_merged_blocks,ContextFC,Cu,19,3,1.8660122805042152,1.7966756618013138
Five_merged_blocks,ContextFC,Cu,20,3,1.7657509329756096,1.5589867781775129
Five_merged_blocks,ContextFC,Cu,21,3,1.6504294953088092,1.6098460740562237
Five_merged_blocks,ContextFC,Cu,22,3,1.5273821766896474,1.431358931564217
Five_merged_blocks,ContextFC,Cu,23,3,1.6723870171559574,1.5718463930401176
Five_merged_blocks,ContextFC,Cu,25,3,1.7506759071181905,1.535676086243448
Five_merged_blocks,ContextFC,Cu,26,3,1.7211875481254704,1.8088287014612359
Five_merged_blocks,ContextFC,Cu,27,3,1.602399810333962,1.6275988353865976
Five_merged_blocks,ContextFC,Cu,28,3,1.6167566255481636,1.632996143785368
Five_merged_blocks,ContextFC,Cu,29,3,1.5432834819171881,1.534863620320909
Five_merged_blocks,ContextFC,Cu,30,3,1.6666443391481212,1.7435460684417112
Five_merged_blocks,ContextFC,Cu,31,4,1.520147162366568,1.58098010849508
Five_merged_blocks,ContextFC,Cu,32,4,1.6612468421372524,1.8315000037006184
Five_merged_blocks,ContextFC,Cu,33,4,1.3527586259653261,1.6315972846692959
Five_merged_blocks,ContextFC,Cu,34,4,1.6116436826791583,1.7350648723941586
Five_merged_blocks,ContextFC,Cu,35,4,1.4201913003814255,1.6263778247504508
Five_merged_blocks,ContextFC,Cu,36,4,1.7112797326392286,1.6232366144325383
Five_merged_blocks,ContextFC,Cu,37,4,1.4579609361314967,1.6370529637082245
Five_merged_blocks,ContextFC,Cu,38,4,1.631164747955207,1.6757690586538514
Five_merged_blocks,ContextFC,Cu,39,4,1.5875680078206353,1.665843511845519
Five_merged_blocks,ContextFC,Cu,40,4,1.5456717897574226,1.6380429942986532
Five_merged_blocks,ContextFC,Cu,41,4,1.7563560461439542,1.7041209687558647
Five_merged_blocks,ContextFC,Cu,42,5,1.5617214195073925,1.7360067559058914
Five_merged_blocks,ContextFC,Cu,43,5,1.5135808067166654,1.7509017525355668
Five_merged_blocks,ContextFC,Cu,44,5,1.5750716262447924,1.8014051929729813
Five_merged_blocks,ContextFC,Cr,1,1,1.5392769858727735,1.5454869375324978
Five_merged_blocks,ContextFC,Cr,2,1,1.5663786143980676,1.7641070200829778
Five_merged_blocks,ContextFC,Cr,3,1,1.638657479648857,1.5260277648140963
Five_merged_blocks,ContextFC,Cr,4,1,1.4293978573405213,1.51668095989661
Five_merged_blocks,ContextFC,Cr,5,1,1.659728242155406,1.7260086002877546
Five_merged_blocks,ContextFC,Cr,6,1,1.5169626684485797,1.431653541640226
Five_merged_blocks,ContextFC,Cr,7,2,1.454984804820921,1.576018125296674
Five_merged_blocks,ContextFC,Cr,8,2,1.6299029284201454,1.6719550174162732
Five_merged_blocks,ContextFC,Cr,9,2,1.7028764766931734,1.6285116297967657
Five_merged_blocks,ContextFC,Cr,10,2,1.7098135184786756,1.6285251445991278
Five_merged_blocks,ContextFC,Cr,11,2,1.7879579935686536,1.6641492510994473
Five_merged_blocks,ContextFC,Cr,12,2,1.5389022010418798,1.5311520034242379
Five_merged_blocks,ContextFC,Cr,13,2,1.3737003766354485,1.3411158258504414
Five_merged_blocks,ContextFC,Cr,14,2,1.191896047836166,1.4772563899461697
Five_merged_blocks,ContextFC,Cr,15,2,1.370609114870662,1.6095118030981512
Five_merged_blocks,ContextFC,Cr,16,2,1.4151299242035673,1.5136820952196015
Five_merged_blocks,ContextFC,Cr,17,2,1.7791780967059945,1.6100237249019036
Five_merged_blocks,ContextFC,Cr,18,3,1.3497610177741644,1.5531031330073708
Five_merged_blocks,ContextFC,Cr,19,3,1.4702192649062535,1.593997498570801
Five_merged_blocks,ContextFC,Cr,20,3,1.4546167055182608,1.5735350146870803
Five_merged_blocks,ContextFC,Cr,21,3,1.6439816915194139,1.6424903455562514
Five_merged_blocks,ContextFC,Cr,22,3,1.556100190143346,1.6341003710264745
Five_merged_blocks,ContextFC,Cr,23,3,1.7225002052378007,1.6863516586404503
Five_merged_blocks,ContextFC,Cr,25,3,1.3618028668703182,1.6285483482463787
Five_merged_blocks,ContextFC,Cr,26,3,1.5221519105774202,1.6034008575027194
Five_merged_blocks,ContextFC,Cr,27,3,1.2932383769391433,1.299543972793868
Five_merged_blocks,ContextFC,Cr,28,3,1.5461487948373298,1.5609921927131076
Five_merged_blocks,ContextFC,Cr,29,3,1.4181035020994708,1.5793028847599246
Five_merged_blocks,ContextFC,Cr,30,3,1.6318991482906486,1.6130098945749871
Five_merged_blocks,ContextFC,Cr,31,4,1.1935799776319382,1.461583175640733
Five_merged_blocks,ContextFC,Cr,32,4,1.62710026540888,1.59946476419636
Five_merged_blocks,ContextFC,Cr,33,4,1.6689242261555788,1.3933615786664963
Five_merged_blocks,ContextFC,Cr,34,4,1.661756870761001,1.6345450612190604
Five_merged_blocks,ContextFC,Cr,35,4,1.7685762881701927,1.5961389948013445
Five_merged_blocks,ContextFC,Cr,36,4,1.7166288867147004,1.5929685806168805
Five_merged_blocks,ContextFC,Cr,37,4,1.7907227690496925,1.5906062540543646
Five_merged_blocks,ContextFC,Cr,38,4,1.515441783279631,1.535097194625846
Five_merged_blocks,ContextFC,Cr,39,4,1.6320040630107877,1.5531421558196463
Five_merged_blocks,ContextFC,Cr,40,4,1.6542253445593238,1.5437904044652793
Five_merged_blocks,ContextFC,Cr,41,4,1.594113341877074,1.555477070973673
Five_merged_blocks,ContextFC,Cr,42,5,1.6457511849282858,1.4692045397869693
Five_merged_blocks,ContextFC,Cr,43,5,1.8088679912525394,1.5349050509025919
Five_merged_blocks,ContextFC,Cr,44,5,1.6748360705413563,1.5550670489742904
Five_merged_blocks,ContextFC,Co,1,1,1.6828148947268338,1.5667329503048946
Five_merged_blocks,ContextFC,Co,2,1,1.6334649812376287,1.7140872318431652
Five_merged_blocks,ContextFC,Co,3,1,1.5768947223416294,1.5457343458515596
Five_merged_blocks,ContextFC,Co,4,1,1.4762245604602662,1.5639199235770205
Five_merged_blocks,ContextFC,Co,5,1,1.733565106370176,1.6908213625075754
Five_merged_blocks,ContextFC,Co,6,1,1.5124893055550932,1.5305863708156195
Five_merged_blocks,ContextFC,Co,7,2,1.6240360756658063,1.6076087541908624
Five_merged_blocks,ContextFC,Co,8,2,1.7056784709120685,1.692084573926868
Five_merged_blocks,ContextFC,Co,9,2,1.6478524600339701,1.6262466118637084
Five_merged_blocks,ContextFC,Co,10,2,1.5938164763706606,1.62986719577983
Five_merged_blocks,ContextFC,Co,11,2,1.7410802113792543,1.675860005458484
Five_merged_blocks,ContextFC,Co,12,2,1.6319324760845337,1.5584739695269687
Five_merged_blocks,ContextFC,Co,13,2,1.5454658163634933,1.4190857010727622
Five_merged_blocks,ContextFC,Co,14,2,1.4916440335743009,1.4832933401979016
Five_merged_blocks,ContextFC,Co,15,2,1.5973897869027276,1.6024753928366264
Five_merged_blocks,ContextFC,Co,16,2,1.581371319958306,1.5409112762243717
Five_merged_blocks,ContextFC,Co,17,2,1.5914469030883158,1.598476265933649
Five_merged_blocks,ContextFC,Co,18,3,1.5409259033626792,1.5758649490801668
Five_merged_blocks,ContextFC,Co,19,3,1.53269269164338,1.5786445905737767
Five_merged_blocks,ContextFC,Co,20,3,1.6428786292044255,1.5433267272305933
Five_merged_blocks,ContextFC,Co,21,3,1.6798821710165428,1.6101578554319864
Five_merged_blocks,ContextFC,Co,22,3,1.5899773804988853,1.590626219037726
Five_merged_blocks,ContextFC,Co,23,3,1.683486032641178,1.6532824389321283
Five_merged_blocks,ContextFC,Co,25,3,1.625731884581958,1.6249480061064152
Five_merged_blocks,ContextFC,Co,26,3,1.553829418272936,1.5858584365550081
Five_merged_blocks,ContextFC,Co,27,3,1.4699144151719274,1.4147335980469857
Five_merged_blocks,ContextFC,Co,28,3,1.5215778122599195,1.559408976600124
Five_merged_blocks,ContextFC,Co,29,3,1.624462121062192,1.5611051438178245
Five_merged_blocks,ContextFC,Co,30,3,1.684974800687395,1.6228647108734078
Five_merged_blocks,ContextFC,Co,31,4,1.3174037085394468,1.5507223264025025
Five_merged_blocks,ContextFC,Co,32,4,1.563062518709283,1.5961369701826407
Five_merged_blocks,ContextFC,Co,33,4,1.36672428210215,1.5303153244886984
Five_merged_blocks,ContextFC,Co,34,4,1.5229469969188343,1.6872252820856048
Five_merged_blocks,ContextFC,Co,35,4,1.6585088512884099,1.669096264792543
Five_merged_blocks,ContextFC,Co,36,4,1.7265398591290513,1.6736179916615395
Five_merged_blocks,ContextFC,Co,37,4,1.7071819838497393,1.6787923544555143
Five_merged_blocks,ContextFC,Co,38,4,1.5268378575361417,1.5515205464429032
Five_merged_blocks,ContextFC,Co,39,4,1.5408358236038475,1.6069157515682968
Five_merged_blocks,ContextFC,Co,40,4,1.6229801112560343,1.6102459724977212
Five_merged_blocks,ContextFC,Co,41,4,1.4889644774518103,1.6292130701116967
Five_merged_blocks,ContextFC,Co,42,5,1.585724932096703,1.5450323430830406
Five_merged_blocks,ContextFC,Co,43,5,1.6272004329589924,1.541837351668713
Five_merged_blocks,ContextFC,Co,44,5,1.6684441945719664,1.5593844840063285
Five_merged_blocks,ContextFC,Ni,1,1,1.9799457185199092,1.7806152362501315
Five_merged_blocks,ContextFC,Ni,2,1,1.9100869998875398,1.9372133323435239
Five_merged_blocks,ContextFC,Ni,3,1,1.826042318017792,1.7607978862251479
Five_merged_blocks,ContextFC,Ni,4,1,1.8001323802752696,1.7982689699733614
Five_merged_blocks,ContextFC,Ni,5,1,1.9387386015708294,1.9117230479078393
Five_merged_blocks,ContextFC,Ni,6,1,1.7555798701479046,1.755244635007691
Five_merged_blocks,ContextFC,Ni,7,2,1.8361847614338342,1.8442558151483055
Five_merged_blocks,ContextFC,Ni,8,2,1.956824321969751,1.9330967755939363
Five_merged_blocks,ContextFC,Ni,9,2,1.8635227289439695,1.8385200826287142
Five_merged_blocks,ContextFC,Ni,10,2,1.780317262908934,1.8436242340534443
Five_merged_blocks,ContextFC,Ni,11,2,1.9465196283038422,1.9036550960736223
Five_merged_blocks,ContextFC,Ni,12,2,1.8522915298837745,1.8173085814115382
Five_merged_blocks,ContextFC,Ni,13,2,1.742055197824842,1.665431008664102
Five_merged_blocks,ContextFC,Ni,14,2,1.7517853367360183,1.7038308626256895
Five_merged_blocks,ContextFC,Ni,15,2,1.7878222403782134,1.839822982012228
Five_merged_blocks,ContextFC,Ni,16,2,1.7998751615811301,1.7608815002595137
Five_merged_blocks,ContextFC,Ni,17,2,1.9142882803440324,1.8461670909189842
Five_merged_blocks,ContextFC,Ni,18,3,1.7498811167186816,1.8050860464438083
Five_merged_blocks,ContextFC,Ni,19,3,1.7793873805050169,1.8278857334546925
Five_merged_blocks,ContextFC,Ni,20,3,1.8442144456902358,1.7714923889021865
Five_merged_blocks,ContextFC,Ni,21,3,1.8880790224863195,1.837341885824458
Five_merged_blocks,ContextFC,Ni,22,3,1.8093363011179682,1.8125029180880605
Five_merged_blocks,ContextFC,Ni,23,3,1.9072420261542706,1.8766491247221249
Five_merged_blocks,ContextFC,Ni,25,3,1.8030294602003294,1.8442856389886606
Five_merged_blocks,ContextFC,Ni,26,3,1.8520752477668028,1.835546391420167
Five_merged_blocks,ContextFC,Ni,27,3,1.6597906094906874,1.647744711853471
Five_merged_blocks,ContextFC,Ni,28,3,1.8336636248862164,1.8006566710170668
Five_merged_blocks,ContextFC,Ni,29,3,1.7977692139477586,1.8001827399993346
Five_merged_blocks,ContextFC,Ni,30,3,1.8891963054106937,1.8641127387266503
Five_merged_blocks,ContextFC,Ni,31,4,1.5405366541201015,1.75095783639584
Five_merged_blocks,ContextFC,Ni,32,4,1.8795331683093488,1.8389410602592988
Five_merged_blocks,ContextFC,Ni,33,4,1.6828817009047188,1.7268435061057215
Five_merged_blocks,ContextFC,Ni,34,4,1.8538499541950157,1.9022110121176714
Five_merged_blocks,ContextFC,Ni,35,4,1.8774536128324149,1.8750812385821698
Five_merged_blocks,ContextFC,Ni,36,4,1.9080414306298896,1.8784372034856285
Five_merged_blocks,ContextFC,Ni,37,4,1.905777762969521,1.8834293988650197
Five_merged_blocks,ContextFC,Ni,38,4,1.776157801620899,1.7825093321737324
Five_merged_blocks,ContextFC,Ni,39,4,1.9737802269951705,1.8328343110478311
Five_merged_blocks,ContextFC,Ni,40,4,1.8528290847240552,1.8329299415899856
Five_merged_blocks,ContextFC,Ni,41,4,1.668161123059277,1.8548184841610276
Five_merged_blocks,ContextFC,Ni,42,5,1.6562853523182692,1.7774773393809873
Five_merged_blocks,ContextFC,Ni,43,5,1.8268304813339766,1.8371350396633017
Five_merged_blocks,ContextFC,Ni,44,5,1.7150096794441172,1.8546796280086693
Five_merged_blocks,ContextFC,Mn,1,1,2.5685462281861318,2.547793692901798
Five_merged_blocks,ContextFC,Mn,2,1,2.6611622159911597,2.697182323290622
Five_merged_blocks,ContextFC,Mn,3,1,2.6638832274593565,2.548789851529516
Five_merged_blocks,ContextFC,Mn,4,1,2.488157505401859,2.484055632906677
Five_merged_blocks,ContextFC,Mn,5,1,2.712531039694305,2.666773014678589
Five_merged_blocks,ContextFC,Mn,6,1,2.3863869707160568,2.3824794563810174
Five_merged_blocks,ContextFC,Mn,7,2,2.5085860980768895,2.5878318835293563
Five_merged_blocks,ContextFC,Mn,8,2,2.6697281553156773,2.7584593870608702
Five_merged_blocks,ContextFC,Mn,9,2,2.738398832507747,2.7719467926613137
Five_merged_blocks,ContextFC,Mn,10,2,2.8366294668774223,2.7758276692102206
Five_merged_blocks,ContextFC,Mn,11,2,2.9307837770497738,2.804877573057653
Five_merged_blocks,ContextFC,Mn,12,2,2.509384832487739,2.5066654740859593
Five_merged_blocks,ContextFC,Mn,13,2,2.371103996065788,2.318000957178529
Five_merged_blocks,ContextFC,Mn,14,2,2.422847844782801,2.571760556492168
Five_merged_blocks,ContextFC,Mn,15,2,2.6436898216542395,2.7345119100943784
Five_merged_blocks,ContextFC,Mn,16,2,2.5746864716873072,2.534397237249982
Five_merged_blocks,ContextFC,Mn,17,2,2.681160023005942,2.635979880049501
Five_merged_blocks,ContextFC,Mn,18,3,2.4958781717163117,2.5368270226154386
Five_merged_blocks,ContextFC,Mn,19,3,2.569079210005922,2.5763856641275575
Five_merged_blocks,ContextFC,Mn,20,3,2.5898420070662436,2.5838791431774446
Five_merged_blocks,ContextFC,Mn,21,3,2.78149435424105,2.70122393229667
Five_merged_blocks,ContextFC,Mn,22,3,2.665869475606822,2.7493015605180804
Five_merged_blocks,ContextFC,Mn,23,3,2.863771552954755,2.8120482242132314
Five_merged_blocks,ContextFC,Mn,25,3,2.6920949011241344,2.7668205493691445
Five_merged_blocks,ContextFC,Mn,26,3,2.5984939227907087,2.5859307191901517
Five_merged_blocks,ContextFC,Mn,27,3,2.319989468181798,2.298622325569321
Five_merged_blocks,ContextFC,Mn,28,3,2.74163664288831,2.6153603962158187
Five_merged_blocks,ContextFC,Mn,29,3,2.6164519758121028,2.669290428347209
Five_merged_blocks,ContextFC,Mn,30,3,2.8006096076677993,2.694577456491297
Five_merged_blocks,ContextFC,Mn,31,4,2.548084506719318,2.5220419768206095
Five_merged_blocks,ContextFC,Mn,32,4,2.598880216451015,2.596024086309427
Five_merged_blocks,ContextFC,Mn,33,4,2.1888219738773858,2.4453830425823075
Five_merged_blocks,ContextFC,Mn,34,4,2.5766188912060906,2.798441129675537
Five_merged_blocks,ContextFC,Mn,35,4,2.8309233723863803,2.7958406873416863
Five_merged_blocks,ContextFC,Mn,36,4,2.8502199193439695,2.807258048717414
Five_merged_blocks,ContextFC,Mn,37,4,2.8889432971001243,2.8133708569746148
Five_merged_blocks,ContextFC,Mn,38,4,2.479702447196275,2.5477354616850434
Five_merged_blocks,ContextFC,Mn,39,4,2.7833688970758037,2.6830128728655023
Five_merged_blocks,ContextFC,Mn,40,4,2.780794947729865,2.700957639870057
Five_merged_blocks,ContextFC,Mn,41,4,2.6484961120836967,2.719589899102733
Five_merged_blocks,ContextFC,Mn,42,5,2.62769507640225,2.472038559842455
Five_merged_blocks,ContextFC,Mn,43,5,2.8942443382137326,2.6164813880948428
Five_merged_blocks,ContextFC,Mn,44,5,2.3032026516767665,2.6293061096150327
Five_merged_blocks,ContextFC,Pb,1,1,2.1390423893344774,2.1248866223696954
Five_merged_blocks,ContextFC,Pb,2,1,2.1980607261505636,2.4056872881630507
Five_merged_blocks,ContextFC,Pb,3,1,1.9729088099776286,2.065679053005285
Five_merged_blocks,ContextFC,Pb,4,1,1.9187507773905221,2.174238297545526
Five_merged_blocks,ContextFC,Pb,5,1,2.1921723027231748,2.367227011810212
Five_merged_blocks,ContextFC,Pb,6,1,2.112623375847017,2.1690938236653965
Five_merged_blocks,ContextFC,Pb,7,2,2.1880373037413365,2.1640852310051573
Five_merged_blocks,ContextFC,Pb,8,2,2.413446419603822,2.1631619754475317
Five_merged_blocks,ContextFC,Pb,9,2,1.9410876009978146,1.9629167874637576
Five_merged_blocks,ContextFC,Pb,10,2,2.035328696851712,1.961499321414875
Five_merged_blocks,ContextFC,Pb,11,2,2.0616352870928294,2.0432575251270695
Five_merged_blocks,ContextFC,Pb,12,2,2.2121717176595186,2.1430825118176196
Five_merged_blocks,ContextFC,Pb,13,2,2.051043779040838,1.9238092239714002
Five_merged_blocks,ContextFC,Pb,14,2,1.9430364525853001,1.8192511246403982
Five_merged_blocks,ContextFC,Pb,15,2,1.93428242242007,1.9495109542202844
Five_merged_blocks,ContextFC,Pb,16,2,1.9300685096781087,2.0460973012638815
Five_merged_blocks,ContextFC,Pb,17,2,2.1191857166759074,2.117811167007189
Five_merged_blocks,ContextFC,Pb,18,3,2.085804610916909,2.1168452092811783
Five_merged_blocks,ContextFC,Pb,19,3,2.1923102770027367,2.103107773328589
Five_merged_blocks,ContextFC,Pb,20,3,2.0521981836199616,2.0172755487815293
Five_merged_blocks,ContextFC,Pb,21,3,2.077552819396845,2.04080398464661
Five_merged_blocks,ContextFC,Pb,22,3,1.9932907068763837,1.9340116008969221
Five_merged_blocks,ContextFC,Pb,23,3,2.007733142631876,2.0078836691596984
Five_merged_blocks,ContextFC,Pb,25,3,2.0685711817722483,1.9638556453525517
Five_merged_blocks,ContextFC,Pb,26,3,2.18260867001439,2.1117861426420284
Five_merged_blocks,ContextFC,Pb,27,3,1.9420832942253636,1.9092707191440002
Five_merged_blocks,ContextFC,Pb,28,3,1.8247984530826944,1.9850672982731912
Five_merged_blocks,ContextFC,Pb,29,3,1.869208533367542,1.9329395493993258
Five_merged_blocks,ContextFC,Pb,30,3,2.0535002840738064,2.0378065222691184
Five_merged_blocks,ContextFC,Pb,31,4,1.8558808777672784,2.0191924998299724
Five_merged_blocks,ContextFC,Pb,32,4,2.109613760928575,2.1301874943324135
Five_merged_blocks,ContextFC,Pb,33,4,1.8678001347657514,2.0263660610242544
Five_merged_blocks,ContextFC,Pb,34,4,2.116832117933757,2.099615222776476
Five_merged_blocks,ContextFC,Pb,35,4,1.9515809611464396,2.0322746675852517
Five_merged_blocks,ContextFC,Pb,36,4,2.033330762423285,2.0258497830761746
Five_merged_blocks,ContextFC,Pb,37,4,1.8462816193154556,2.028773733892815
Five_merged_blocks,ContextFC,Pb,38,4,1.9579261567138497,2.041622727853252
Five_merged_blocks,ContextFC,Pb,39,4,1.8630052023004837,2.0076482640277415
Five_merged_blocks,ContextFC,Pb,40,4,1.9934400944196455,1.9852467010881947
Five_merged_blocks,ContextFC,Pb,41,4,1.9512612429461265,2.0148526306178027
Five_merged_blocks,ContextFC,Pb,42,5,2.37987783156262,2.053290496244646
Five_merged_blocks,ContextFC,Pb,43,5,2.1603629004817453,2.021174017895706
Five_merged_blocks,ContextFC,Pb,44,5,2.255752266560607,2.0551930581810494
Five_merged_blocks,ContextFC,Cd,1,1,0.9141139345900874,1.0125569815776851
Five_merged_blocks,ContextFC,Cd,2,1,1.0498607664433768,0.9126690439150446
Five_merged_blocks,ContextFC,Cd,3,1,1.074960553998697,1.031213198650746
Five_merged_blocks,ContextFC,Cd,4,1,1.3095835916514824,0.8893033706264996
Five_merged_blocks,ContextFC,Cd,5,1,0.8387245155661224,0.9270867385903959
Five_merged_blocks,ContextFC,Cd,6,1,0.8347611161955296,0.8984498688786432
Five_merged_blocks,ContextFC,Cd,7,2,1.0112577445672106,0.9254127803468859
Five_merged_blocks,ContextFC,Cd,8,2,0.8215840920732526,0.8840858037671429
Five_merged_blocks,ContextFC,Cd,9,2,1.179598158358791,0.9707898341639023
Five_merged_blocks,ContextFC,Cd,10,2,0.6097008766229677,0.951852190030151
Five_merged_blocks,ContextFC,Cd,11,2,0.7260301739502105,0.8916503533764281
Five_merged_blocks,ContextFC,Cd,12,2,1.199123329611036,0.8314353073130588
Five_merged_blocks,ContextFC,Cd,13,2,1.1174675566546795,0.6904650810963961
Five_merged_blocks,ContextFC,Cd,14,2,0.8539197650431718,0.8784826837472816
Five_merged_blocks,ContextFC,Cd,15,2,0.6660267827402552,0.8553108269503494
Five_merged_blocks,ContextFC,Cd,16,2,1.6993429884446185,0.969512598812462
Five_merged_blocks,ContextFC,Cd,17,2,0.7393035046433206,0.9388563854180901
Five_merged_blocks,ContextFC,Cd,18,3,0.6308366584963743,1.0472360090239328
Five_merged_blocks,ContextFC,Cd,19,3,0.9498015066690076,0.9436117610488866
Five_merged_blocks,ContextFC,Cd,20,3,0.7836544547210236,1.023190083150907
Five_merged_blocks,ContextFC,Cd,21,3,0.758250631863743,0.8893546545317881
Five_merged_blocks,ContextFC,Cd,22,3,1.5783119746726995,0.7930230457678202
Five_merged_blocks,ContextFC,Cd,23,3,1.706712623365046,0.7334219016101607
Five_merged_blocks,ContextFC,Cd,25,3,1.1159995751084812,0.7214237985147867
Five_merged_blocks,ContextFC,Cd,26,3,0.9970737783040711,0.9393464047262738
Five_merged_blocks,ContextFC,Cd,27,3,0.8748852399674495,0.9893462639519744
Five_merged_blocks,ContextFC,Cd,28,3,1.1776029670043586,0.8130996173812413
Five_merged_blocks,ContextFC,Cd,29,3,0.7359019498464204,0.7454054597756234
Five_merged_blocks,ContextFC,Cd,30,3,0.7296323991616593,0.7203873860117279
Five_merged_blocks,ContextFC,Cd,31,4,0.884101645697944,1.0669040734775215
Five_merged_blocks,ContextFC,Cd,32,4,0.7881126092955352,0.9559191398624152
Five_merged_blocks,ContextFC,Cd,33,4,0.9801351990164437,1.053575549651814
Five_merged_blocks,ContextFC,Cd,34,4,0.8004995804885306,0.9868446098431488
Five_merged_blocks,ContextFC,Cd,35,4,0.5710491285272509,1.003792204968553
Five_merged_blocks,ContextFC,Cd,36,4,0.6442197760203031,0.9990274748129638
Five_merged_blocks,ContextFC,Cd,37,4,0.9002452743695599,0.9916834715677585
Five_merged_blocks,ContextFC,Cd,38,4,0.7621768752011353,0.9934708947923051
Five_merged_blocks,ContextFC,Cd,39,4,0.5880746747401445,0.9518619136729044
Five_merged_blocks,ContextFC,Cd,40,4,0.6365469676977639,0.9492499976873312
Five_merged_blocks,ContextFC,Cd,41,4,0.5678100188480059,0.9276210187569881
Five_merged_blocks,ContextFC,Cd,42,5,0.6674262609880519,1.0701682155536751
Five_merged_blocks,ContextFC,Cd,43,5,0.6232198615571751,0.8737602770764182
Five_merged_blocks,ContextFC,Cd,44,5,1.5616978655130405,0.8627437029270973
